Canonical Flashcard ID,Legacy / Package Card ID,Source Position,Status,Disposition,Program Section,Topic,Workbook Number,Chapter Number,Chapter Title,Card Type,Concept,Prompt,Back,Memory Cue,Assessment Record IDs,Source Master Question IDs,Workbook Route,Error Category,Source Concept,Currency Control,Source Accuracy,Version,Review Date,Output Status,Source Family
CTA-EP-002-FC-0001,CTA-FC-0001,CTA-FC-0001,Active,KEEP-LCSW,Workbook 1,"Informed Consent, Minors & Families",1,1,Foundations of Informed Consent,Key Concept,Informed Consent as a Process,What is the key principle to remember?,"Meaningful informed consent is a process involving information, sufficient understanding, voluntariness, and an actual treatment decision.","When the choices contrast a process with paperwork, select the answer centered on meaningful decision-making.",WB1-C1-Q001,CTA-MQB-0001,WB1-C1,,CTA Master Flashcard Library v1.0 shared-core record; reconciled to final LCSW Stage 5B workbook/rationale lineage.,"Reconciled August 7, 2026; recheck high-change law, BBS guidance, examination administration, NASW ethics, and federal overlays at Stage 5D/release.","August 7, 2026",1.0,2026-08-07,Synchronized,Shared Core
CTA-EP-002-FC-0002,CTA-FC-0002,CTA-FC-0002,Active,KEEP-LCSW,Workbook 1,"Informed Consent, Minors & Families",1,1,Foundations of Informed Consent,Key Concept,Purpose and Autonomy,What is the key principle to remember?,Informed consent exists to support meaningful client decision-making and participation.,"The primary purpose is client decision-making - not guaranteed outcomes, defensive paperwork, or therapist protection.",WB1-C1-Q002,CTA-MQB-0002,WB1-C1,,CTA Master Flashcard Library v1.0 shared-core record; reconciled to final LCSW Stage 5B workbook/rationale lineage.,"Reconciled August 7, 2026; recheck high-change law, BBS guidance, examination administration, NASW ethics, and federal overlays at Stage 5D/release.","August 7, 2026",1.0,2026-08-07,Synchronized,Shared Core
CTA-EP-002-FC-0003,CTA-FC-0003,CTA-FC-0003,Active,KEEP-LCSW,Workbook 1,"Informed Consent, Minors & Families",1,1,Foundations of Informed Consent,Application Principle,Informed Refusal,What principle should guide the clinician’s decision?,A competent adult in voluntary treatment may generally decline a proposed intervention after receiving and understanding relevant information.,"Look for the qualifiers competent adult, voluntary treatment, and understands the recommendation.",WB1-C1-Q003,CTA-MQB-0003,WB1-C1,,CTA Master Flashcard Library v1.0 shared-core record; reconciled to final LCSW Stage 5B workbook/rationale lineage.,"Reconciled August 7, 2026; recheck high-change law, BBS guidance, examination administration, NASW ethics, and federal overlays at Stage 5D/release.","August 7, 2026",1.0,2026-08-07,Synchronized,Shared Core
CTA-EP-002-FC-0004,CTA-FC-0004,CTA-FC-0004,Active,KEEP-LCSW,Workbook 1,"Informed Consent, Minors & Families",1,1,Foundations of Informed Consent,Key Concept,Decision-Specific Capacity,What is the key principle to remember?,Capacity is decision-specific and concerns the person’s ability to understand and participate meaningfully in that decision.,"Eliminate answers that equate diagnosis, disagreement, or a signature with capacity.",WB1-C1-Q004,CTA-MQB-0004,WB1-C1,,CTA Master Flashcard Library v1.0 shared-core record; reconciled to final LCSW Stage 5B workbook/rationale lineage.,"Reconciled August 7, 2026; recheck high-change law, BBS guidance, examination administration, NASW ethics, and federal overlays at Stage 5D/release.","August 7, 2026",1.0,2026-08-07,Synchronized,Shared Core
CTA-EP-002-FC-0005,CTA-FC-0005,CTA-FC-0005,Active,KEEP-LCSW,Workbook 1,"Informed Consent, Minors & Families",1,1,Foundations of Informed Consent,Application Principle,Questions After Intake,What principle should guide the clinician’s decision?,Later questions are part of the ongoing decision-making process and should be addressed directly.,"A prior signature never makes a later, reasonable treatment question irrelevant.",WB1-C1-Q005,CTA-MQB-0005,WB1-C1,,CTA Master Flashcard Library v1.0 shared-core record; reconciled to final LCSW Stage 5B workbook/rationale lineage.,"Reconciled August 7, 2026; recheck high-change law, BBS guidance, examination administration, NASW ethics, and federal overlays at Stage 5D/release.","August 7, 2026",1.0,2026-08-07,Synchronized,Shared Core
CTA-EP-002-FC-0006,CTA-FC-0006,CTA-FC-0006,Active,KEEP-LCSW,Workbook 1,"Informed Consent, Minors & Families",1,1,Foundations of Informed Consent,Application Principle,Shared Decision-Making,What principle should guide the clinician’s decision?,"Professional expertise permits a recommendation, but it does not justify withholding reasonable information or dismissing client questions.",Distinguish a strong professional recommendation from professional domination.,WB1-C1-Q006,CTA-MQB-0006,WB1-C1,,CTA Master Flashcard Library v1.0 shared-core record; reconciled to final LCSW Stage 5B workbook/rationale lineage.,"Reconciled August 7, 2026; recheck high-change law, BBS guidance, examination administration, NASW ethics, and federal overlays at Stage 5D/release.","August 7, 2026",1.0,2026-08-07,Synchronized,Shared Core
CTA-EP-002-FC-0007,CTA-FC-0007,CTA-FC-0007,Active,KEEP-LCSW,Workbook 1,"Informed Consent, Minors & Families",1,1,Foundations of Informed Consent,Application Principle,External Pressure and Voluntariness,What principle should guide the clinician’s decision?,"External pressure is relevant, but the therapist should assess the client’s own goals and choice before deciding whether participation is voluntary.",The first response to external pressure is usually explore - not automatically validate or invalidate consent.,WB1-C1-Q007,CTA-MQB-0007,WB1-C1,,CTA Master Flashcard Library v1.0 shared-core record; reconciled to final LCSW Stage 5B workbook/rationale lineage.,"Reconciled August 7, 2026; recheck high-change law, BBS guidance, examination administration, NASW ethics, and federal overlays at Stage 5D/release.","August 7, 2026",1.0,2026-08-07,Synchronized,Shared Core
CTA-EP-002-FC-0008,CTA-FC-0008,CTA-FC-0008,Active,KEEP-LCSW,Workbook 1,"Informed Consent, Minors & Families",1,1,Foundations of Informed Consent,Application Principle,Understandable Communication,What principle should guide the clinician’s decision?,"The therapist should use clear, accessible communication and verify comprehension.","When the problem is understanding, improve communication rather than merely documenting the problem.",WB1-C1-Q008,CTA-MQB-0008,WB1-C1,,CTA Master Flashcard Library v1.0 shared-core record; reconciled to final LCSW Stage 5B workbook/rationale lineage.,"Reconciled August 7, 2026; recheck high-change law, BBS guidance, examination administration, NASW ethics, and federal overlays at Stage 5D/release.","August 7, 2026",1.0,2026-08-07,Synchronized,Shared Core
CTA-EP-002-FC-0009,CTA-FC-0009,CTA-FC-0009,Active,KEEP-LCSW,Workbook 1,"Informed Consent, Minors & Families",1,1,Foundations of Informed Consent,Application Principle,Client Deference,What principle should guide the clinician’s decision?,The therapist should confirm that the client understands the basic decision and knowingly chooses to rely on the recommendation.,"Client deference can be valid, but it should be informed - not assumed to be a waiver of all information.",WB1-C1-Q009,CTA-MQB-0009,WB1-C1,,CTA Master Flashcard Library v1.0 shared-core record; reconciled to final LCSW Stage 5B workbook/rationale lineage.,"Reconciled August 7, 2026; recheck high-change law, BBS guidance, examination administration, NASW ethics, and federal overlays at Stage 5D/release.","August 7, 2026",1.0,2026-08-07,Synchronized,Shared Core
CTA-EP-002-FC-0010,CTA-FC-0010,CTA-FC-0010,Active,KEEP-LCSW,Workbook 1,"Informed Consent, Minors & Families",1,1,Foundations of Informed Consent,Application Principle,Therapist Pressure,What principle should guide the clinician’s decision?,"The therapist should restore understandable, voluntary decision-making and evaluate any legitimate treatment or termination issues separately.",A sudden ultimatum is a clue to evaluate therapist-created pressure and restore meaningful choice.,WB1-C1-Q010,CTA-MQB-0010,WB1-C1,,CTA Master Flashcard Library v1.0 shared-core record; reconciled to final LCSW Stage 5B workbook/rationale lineage.,"Reconciled August 7, 2026; recheck high-change law, BBS guidance, examination administration, NASW ethics, and federal overlays at Stage 5D/release.","August 7, 2026",1.0,2026-08-07,Synchronized,Shared Core
CTA-EP-002-FC-0011,CTA-FC-0011,CTA-FC-0011,Active,KEEP-LCSW,Workbook 1,"Informed Consent, Minors & Families",1,1,Foundations of Informed Consent,Application Principle,Identifying a Material Treatment Change,What principle should guide the clinician’s decision?,"Moving from individual to recurring conjoint treatment can materially change the nature of the service, who is considered a client, the therapist’s role, and confidentiality expectations. Those changes should be discussed before implementation.","Identify whether the proposed change alters the service, roles, confidentiality, risks, costs, or expectations - not merely whether something in treatment is different.",WB1-C1-Q011,CTA-MQB-0011,WB1-C1,,CTA Master Flashcard Library v1.0 shared-core record; reconciled to final LCSW Stage 5B workbook/rationale lineage.,"Reconciled August 7, 2026; recheck high-change law, BBS guidance, examination administration, NASW ethics, and federal overlays at Stage 5D/release.","August 7, 2026",1.0,2026-08-07,Synchronized,Shared Core
CTA-EP-002-FC-0012,CTA-FC-0012,CTA-FC-0012,Active,KEEP-LCSW,Workbook 1,"Informed Consent, Minors & Families",1,1,Foundations of Informed Consent,Application Principle,Legal Representative and Client Participation,What principle should guide the clinician’s decision?,The therapist should rely on the lawful decision-maker while supporting the client’s meaningful participation to the extent possible.,Separate legal consent authority from the ethical responsibility to involve the client whenever possible.,WB1-C1-Q012,CTA-MQB-0012,WB1-C1,,CTA Master Flashcard Library v1.0 shared-core record; reconciled to final LCSW Stage 5B workbook/rationale lineage.,"Reconciled August 7, 2026; recheck high-change law, BBS guidance, examination administration, NASW ethics, and federal overlays at Stage 5D/release.","August 7, 2026",1.0,2026-08-07,Synchronized,Shared Core
CTA-EP-002-FC-0013,CTA-FC-0013,CTA-FC-0013,Active,KEEP-LCSW,Workbook 1,"Informed Consent, Minors & Families",1,1,Foundations of Informed Consent,Application Principle,Mandated Treatment,What principle should guide the clinician’s decision?,"The therapist should clarify what is required, what information may be reported, and what meaningful choices remain.",Mandated attendance does not mean unlimited therapist authority or zero client rights.,WB1-C1-Q013,CTA-MQB-0013,WB1-C1,,CTA Master Flashcard Library v1.0 shared-core record; reconciled to final LCSW Stage 5B workbook/rationale lineage.,"Reconciled August 7, 2026; recheck high-change law, BBS guidance, examination administration, NASW ethics, and federal overlays at Stage 5D/release.","August 7, 2026",1.0,2026-08-07,Synchronized,Shared Core
CTA-EP-002-FC-0014,CTA-FC-0014,CTA-FC-0014,Active,KEEP-LCSW,Workbook 1,"Informed Consent, Minors & Families",1,1,Foundations of Informed Consent,Application Principle,Temporary Impairment,What principle should guide the clinician’s decision?,The therapist should manage immediate safety concerns and defer a nonurgent major decision until meaningful participation is possible.,Temporary impairment plus a nonurgent decision usually means address safety now and postpone the decision.,WB1-C1-Q014,CTA-MQB-0014,WB1-C1,,CTA Master Flashcard Library v1.0 shared-core record; reconciled to final LCSW Stage 5B workbook/rationale lineage.,"Reconciled August 7, 2026; recheck high-change law, BBS guidance, examination administration, NASW ethics, and federal overlays at Stage 5D/release.","August 7, 2026",1.0,2026-08-07,Synchronized,Shared Core
CTA-EP-002-FC-0015,CTA-FC-0015,CTA-FC-0015,Active,KEEP-LCSW,Workbook 1,"Informed Consent, Minors & Families",1,1,Foundations of Informed Consent,Application Principle,Autonomy and Professional Responsibility,What principle should guide the clinician’s decision?,"The client may refuse the recommendation, but the therapist is not required to provide ineffective or incompetent treatment and should manage alternatives or transition appropriately.",The strongest answer preserves both sides: client refusal and therapist professional responsibility.,WB1-C1-Q015,CTA-MQB-0015,WB1-C1,,CTA Master Flashcard Library v1.0 shared-core record; reconciled to final LCSW Stage 5B workbook/rationale lineage.,"Reconciled August 7, 2026; recheck high-change law, BBS guidance, examination administration, NASW ethics, and federal overlays at Stage 5D/release.","August 7, 2026",1.0,2026-08-07,Synchronized,Shared Core
CTA-EP-002-FC-0016,CTA-FC-0016,CTA-FC-0016,Active,KEEP-LCSW,Workbook 1,"Informed Consent, Minors & Families",1,1,Foundations of Informed Consent,Application Principle,Request to Avoid Material Information,What principle should guide the clinician’s decision?,The therapist should avoid unnecessary detail while still providing information material to the decision.,"Choose the balance: do not overwhelm the client, but do not materially mislead.",WB1-C1-Q016,CTA-MQB-0016,WB1-C1,,CTA Master Flashcard Library v1.0 shared-core record; reconciled to final LCSW Stage 5B workbook/rationale lineage.,"Reconciled August 7, 2026; recheck high-change law, BBS guidance, examination administration, NASW ethics, and federal overlays at Stage 5D/release.","August 7, 2026",1.0,2026-08-07,Synchronized,Shared Core
CTA-EP-002-FC-0017,CTA-FC-0017,CTA-FC-0017,Active,KEEP-LCSW,Workbook 1,"Informed Consent, Minors & Families",1,1,Foundations of Informed Consent,Application Principle,Foundations of Informed Consent,What principle should guide the clinician’s decision?,"Pause the nonurgent intervention, address immediate safety, clarify the proposed change and reasonable options when the client can participate meaningfully, assess understanding and voluntariness, determine the client’s decision, and document the significant discussion. This response integrates decision-making ability, understanding, voluntariness, material change, safety, client choice, and documentation.","In an integrated consent question, organize the facts: authority and ability, information and understanding, voluntariness, choice, safety, and documentation.",WB1-C1-Q017,CTA-MQB-0017,WB1-C1,,CTA Master Flashcard Library v1.0 shared-core record; reconciled to final LCSW Stage 5B workbook/rationale lineage.,"Reconciled August 7, 2026; recheck high-change law, BBS guidance, examination administration, NASW ethics, and federal overlays at Stage 5D/release.","August 7, 2026",1.0,2026-08-07,Synchronized,Shared Core
CTA-EP-002-FC-0018,CTA-FC-0018,CTA-FC-0018,Active,KEEP-LCSW,Workbook 1,"Informed Consent, Minors & Families",1,2,Information Required for Informed Decision-Making,Key Concept,Nature and Purpose of Services,What is the key principle to remember?,"A client needs a basic, understandable explanation of the proposed service and its purpose before deciding whether to participate.",When the client knows when to attend and how to pay - but not what is being offered - look for the missing nature and purpose of treatment.,WB1-C2-Q001,CTA-MQB-0018,WB1-C2,,CTA Master Flashcard Library v1.0 shared-core record; reconciled to final LCSW Stage 5B workbook/rationale lineage.,"Reconciled August 7, 2026; recheck high-change law, BBS guidance, examination administration, NASW ethics, and federal overlays at Stage 5D/release.","August 7, 2026",1.0,2026-08-07,Synchronized,Shared Core
CTA-EP-002-FC-0019,CTA-FC-0019,CTA-FC-0019,Active,KEEP-LCSW,Workbook 1,"Informed Consent, Minors & Families",1,2,Information Required for Informed Decision-Making,Application Principle,Balanced Benefits and Risks,What principle should guide the clinician’s decision?,"The therapist should provide balanced, accurate information and acknowledge uncertainty before relying on the client’s decision.",Guaranteed outcomes and intentional omission of meaningful risks are major red flags.,WB1-C2-Q002,CTA-MQB-0019,WB1-C2,,CTA Master Flashcard Library v1.0 shared-core record; reconciled to final LCSW Stage 5B workbook/rationale lineage.,"Reconciled August 7, 2026; recheck high-change law, BBS guidance, examination administration, NASW ethics, and federal overlays at Stage 5D/release.","August 7, 2026",1.0,2026-08-07,Synchronized,Shared Core
CTA-EP-002-FC-0020,CTA-FC-0020,CTA-FC-0020,Active,KEEP-LCSW,Workbook 1,"Informed Consent, Minors & Families",1,2,Information Required for Informed Decision-Making,Application Principle,Reasonable Treatment Alternatives,What principle should guide the clinician’s decision?,"Coverage affects cost, but intentionally concealing a clinically reasonable alternative may improperly narrow the client’s decision.",Distinguish discussing an alternative from being required to provide it.,WB1-C2-Q003,CTA-MQB-0020,WB1-C2,,CTA Master Flashcard Library v1.0 shared-core record; reconciled to final LCSW Stage 5B workbook/rationale lineage.,"Reconciled August 7, 2026; recheck high-change law, BBS guidance, examination administration, NASW ethics, and federal overlays at Stage 5D/release.","August 7, 2026",1.0,2026-08-07,Synchronized,Shared Core
CTA-EP-002-FC-0021,CTA-FC-0021,CTA-FC-0021,Active,KEEP-LCSW,Workbook 1,"Informed Consent, Minors & Families",1,2,Information Required for Informed Decision-Making,Application Principle,Confidentiality Framework,What principle should guide the clinician’s decision?,The client should understand how information is generally protected and the significant limits relevant to participation.,The client needs meaningful confidentiality information - not silence and not an exhaustive law lecture.,WB1-C2-Q004,CTA-MQB-0021,WB1-C2,,CTA Master Flashcard Library v1.0 shared-core record; reconciled to final LCSW Stage 5B workbook/rationale lineage.,"Reconciled August 7, 2026; recheck high-change law, BBS guidance, examination administration, NASW ethics, and federal overlays at Stage 5D/release.","August 7, 2026",1.0,2026-08-07,Synchronized,Shared Core
CTA-EP-002-FC-0022,CTA-FC-0022,CTA-FC-0022,Active,KEEP-LCSW,Workbook 1,"Informed Consent, Minors & Families",1,2,Information Required for Informed Decision-Making,Application Principle,Fees and Financial Policies,What principle should guide the clinician’s decision?,A substantial fee can affect whether a client enters or continues treatment and should be communicated before enforcement.,Ask whether the undisclosed policy could reasonably affect the client’s decision to begin or continue treatment.,WB1-C2-Q005,CTA-MQB-0022,WB1-C2,,CTA Master Flashcard Library v1.0 shared-core record; reconciled to final LCSW Stage 5B workbook/rationale lineage.,"Reconciled August 7, 2026; recheck high-change law, BBS guidance, examination administration, NASW ethics, and federal overlays at Stage 5D/release.","August 7, 2026",1.0,2026-08-07,Synchronized,Shared Core
CTA-EP-002-FC-0023,CTA-FC-0023,CTA-FC-0023,Active,KEEP-LCSW,Workbook 1,"Informed Consent, Minors & Families",1,2,Information Required for Informed Decision-Making,Application Principle,Context-Specific Disclosure,What principle should guide the clinician’s decision?,"Informed-consent content is context-specific and generally increases in depth as risk, novelty, or complexity increases.",Avoid the trap that every informed-consent conversation must be identical.,WB1-C2-Q006,CTA-MQB-0023,WB1-C2,,CTA Master Flashcard Library v1.0 shared-core record; reconciled to final LCSW Stage 5B workbook/rationale lineage.,"Reconciled August 7, 2026; recheck high-change law, BBS guidance, examination administration, NASW ethics, and federal overlays at Stage 5D/release.","August 7, 2026",1.0,2026-08-07,Synchronized,Shared Core
CTA-EP-002-FC-0024,CTA-FC-0024,CTA-FC-0024,Active,KEEP-LCSW,Workbook 1,"Informed Consent, Minors & Families",1,2,Information Required for Informed Decision-Making,Application Principle,Developing or Unfamiliar Treatment,What principle should guide the clinician’s decision?,Novelty and uncertainty are potentially material and should be communicated accurately before the client decides.,"New, developing, experimental, or unfamiliar methods require greater transparency - not less.",WB1-C2-Q007,CTA-MQB-0024,WB1-C2,,CTA Master Flashcard Library v1.0 shared-core record; reconciled to final LCSW Stage 5B workbook/rationale lineage.,"Reconciled August 7, 2026; recheck high-change law, BBS guidance, examination administration, NASW ethics, and federal overlays at Stage 5D/release.","August 7, 2026",1.0,2026-08-07,Synchronized,Shared Core
CTA-EP-002-FC-0025,CTA-FC-0025,CTA-FC-0025,Active,KEEP-LCSW,Workbook 1,"Informed Consent, Minors & Families",1,2,Information Required for Informed Decision-Making,Application Principle,Accessible Communication,What principle should guide the clinician’s decision?,"The therapist should identify material information, explain it clearly, and check comprehension.",Do not confuse more pages with more understanding.,WB1-C2-Q008,CTA-MQB-0025,WB1-C2,,CTA Master Flashcard Library v1.0 shared-core record; reconciled to final LCSW Stage 5B workbook/rationale lineage.,"Reconciled August 7, 2026; recheck high-change law, BBS guidance, examination administration, NASW ethics, and federal overlays at Stage 5D/release.","August 7, 2026",1.0,2026-08-07,Synchronized,Shared Core
CTA-EP-002-FC-0026,CTA-FC-0026,CTA-FC-0026,Active,KEEP-LCSW,Workbook 1,"Informed Consent, Minors & Families",1,2,Information Required for Informed Decision-Making,Application Principle,Alternatives Outside the Therapist’s Practice,What principle should guide the clinician’s decision?,The therapist should accurately discuss clinically reasonable options and professional limitations.,“Not offered here” does not mean “does not exist.”,WB1-C2-Q009,CTA-MQB-0026,WB1-C2,,CTA Master Flashcard Library v1.0 shared-core record; reconciled to final LCSW Stage 5B workbook/rationale lineage.,"Reconciled August 7, 2026; recheck high-change law, BBS guidance, examination administration, NASW ethics, and federal overlays at Stage 5D/release.","August 7, 2026",1.0,2026-08-07,Synchronized,Shared Core
CTA-EP-002-FC-0027,CTA-FC-0027,CTA-FC-0027,Active,KEEP-LCSW,Workbook 1,"Informed Consent, Minors & Families",1,2,Information Required for Informed Decision-Making,Application Principle,Materiality and Client-Specific Risk,What principle should guide the clinician’s decision?,A routine intervention may require additional discussion when a known individualized factor materially changes risk.,Ask what information would realistically matter to this client’s decision.,WB1-C2-Q010,CTA-MQB-0027,WB1-C2,,CTA Master Flashcard Library v1.0 shared-core record; reconciled to final LCSW Stage 5B workbook/rationale lineage.,"Reconciled August 7, 2026; recheck high-change law, BBS guidance, examination administration, NASW ethics, and federal overlays at Stage 5D/release.","August 7, 2026",1.0,2026-08-07,Synchronized,Shared Core
CTA-EP-002-FC-0028,CTA-FC-0028,CTA-FC-0028,Active,KEEP-LCSW,Workbook 1,"Informed Consent, Minors & Families",1,2,Information Required for Informed Decision-Making,Key Concept,Accurate Expected Benefits,What is the key principle to remember?,The statement explains a potential benefit and accurately acknowledges uncertainty.,Language such as “may help” and “outcomes vary” is stronger than promises of cure.,WB1-C2-Q011,CTA-MQB-0028,WB1-C2,,CTA Master Flashcard Library v1.0 shared-core record; reconciled to final LCSW Stage 5B workbook/rationale lineage.,"Reconciled August 7, 2026; recheck high-change law, BBS guidance, examination administration, NASW ethics, and federal overlays at Stage 5D/release.","August 7, 2026",1.0,2026-08-07,Synchronized,Shared Core
CTA-EP-002-FC-0029,CTA-FC-0029,CTA-FC-0029,Active,KEEP-LCSW,Workbook 1,"Informed Consent, Minors & Families",1,2,Information Required for Informed Decision-Making,Application Principle,Opportunity to Ask Questions,What principle should guide the clinician’s decision?,Meaningful consent includes a genuine opportunity for questions and clarification.,Information without an opportunity to respond is an incomplete process.,WB1-C2-Q012,CTA-MQB-0029,WB1-C2,,CTA Master Flashcard Library v1.0 shared-core record; reconciled to final LCSW Stage 5B workbook/rationale lineage.,"Reconciled August 7, 2026; recheck high-change law, BBS guidance, examination administration, NASW ethics, and federal overlays at Stage 5D/release.","August 7, 2026",1.0,2026-08-07,Synchronized,Shared Core
CTA-EP-002-FC-0030,CTA-FC-0030,CTA-FC-0030,Active,KEEP-LCSW,Workbook 1,"Informed Consent, Minors & Families",1,2,Information Required for Informed Decision-Making,Application Principle,Relevant Financial Information,What principle should guide the clinician’s decision?,"Financial transparency combines accurate known costs, significant policies, and honest uncertainty.",Choose accurate known costs plus significant policies - not silence or false certainty.,WB1-C2-Q013,CTA-MQB-0030,WB1-C2,,CTA Master Flashcard Library v1.0 shared-core record; reconciled to final LCSW Stage 5B workbook/rationale lineage.,"Reconciled August 7, 2026; recheck high-change law, BBS guidance, examination administration, NASW ethics, and federal overlays at Stage 5D/release.","August 7, 2026",1.0,2026-08-07,Synchronized,Shared Core
CTA-EP-002-FC-0031,CTA-FC-0031,CTA-FC-0031,Active,KEEP-LCSW,Workbook 1,"Informed Consent, Minors & Families",1,2,Information Required for Informed Decision-Making,Distinction,Material Risks vs. Every Conceivable Risk,How should these concepts be separated on the exam?,"The goal is accurate, proportionate, decision-relevant information.",Avoid both extremes: no meaningful risk information and every imaginable remote risk.,WB1-C2-Q014,CTA-MQB-0031,WB1-C2,,CTA Master Flashcard Library v1.0 shared-core record; reconciled to final LCSW Stage 5B workbook/rationale lineage.,"Reconciled August 7, 2026; recheck high-change law, BBS guidance, examination administration, NASW ethics, and federal overlays at Stage 5D/release.","August 7, 2026",1.0,2026-08-07,Synchronized,Shared Core
CTA-EP-002-FC-0032,CTA-FC-0032,CTA-FC-0032,Active,KEEP-LCSW,Workbook 1,"Informed Consent, Minors & Families",1,2,Information Required for Informed Decision-Making,Application Principle,Financial Interest and Treatment Options,What principle should guide the clinician’s decision?,Personal financial benefit appears to be distorting the information and narrowing the client’s meaningful choice.,"When the therapist has a personal interest, ask whether the client is receiving accurate information or only information that benefits the therapist.",WB1-C2-Q015,CTA-MQB-0032,WB1-C2,,CTA Master Flashcard Library v1.0 shared-core record; reconciled to final LCSW Stage 5B workbook/rationale lineage.,"Reconciled August 7, 2026; recheck high-change law, BBS guidance, examination administration, NASW ethics, and federal overlays at Stage 5D/release.","August 7, 2026",1.0,2026-08-07,Synchronized,Shared Core
CTA-EP-002-FC-0033,CTA-FC-0033,CTA-FC-0033,Active,KEEP-LCSW,Workbook 1,"Informed Consent, Minors & Families",1,2,Information Required for Informed Decision-Making,Application Principle,Client Request to Avoid Material Information,What principle should guide the clinician’s decision?,The therapist should pace and adapt the discussion while still providing material information.,Do not overwhelm - but do not materially mislead.,WB1-C2-Q016,CTA-MQB-0033,WB1-C2,,CTA Master Flashcard Library v1.0 shared-core record; reconciled to final LCSW Stage 5B workbook/rationale lineage.,"Reconciled August 7, 2026; recheck high-change law, BBS guidance, examination administration, NASW ethics, and federal overlays at Stage 5D/release.","August 7, 2026",1.0,2026-08-07,Synchronized,Shared Core
CTA-EP-002-FC-0034,CTA-FC-0034,CTA-FC-0034,Active,KEEP-LCSW,Workbook 1,"Informed Consent, Minors & Families",1,2,Information Required for Informed Decision-Making,Application Principle,Comprehensive Information for Informed Decision-Making,What principle should guide the clinician’s decision?,"Reopen the discussion, correct the inaccurate guarantee, explain the intervention accessibly, disclose material risks and financial information, discuss reasonable options, invite questions, and determine whether the client voluntarily wishes to proceed. This response restores balanced information, materiality, alternatives, financial transparency, understanding, questions, and voluntary choice.","For an integrated disclosure question, check nature, benefits, risks, alternatives, costs, understanding, questions, and voluntary choice.",WB1-C2-Q017,CTA-MQB-0034,WB1-C2,,CTA Master Flashcard Library v1.0 shared-core record; reconciled to final LCSW Stage 5B workbook/rationale lineage.,"Reconciled August 7, 2026; recheck high-change law, BBS guidance, examination administration, NASW ethics, and federal overlays at Stage 5D/release.","August 7, 2026",1.0,2026-08-07,Synchronized,Shared Core
CTA-EP-002-FC-0035,CTA-FC-0035,CTA-FC-0035,Active,KEEP-LCSW,Workbook 1,"Informed Consent, Minors & Families",1,3,Ongoing Informed Consent,Key Concept,Meaning of Ongoing Informed Consent,What is the key principle to remember?,"The therapist should respond to significant changes, new information, questions, misunderstanding, and meaningful decision points.",Do not interpret “ongoing” as “repeat everything constantly.” Look for a meaningful trigger.,WB1-C3-Q001,CTA-MQB-0035,WB1-C3,,CTA Master Flashcard Library v1.0 shared-core record; reconciled to final LCSW Stage 5B workbook/rationale lineage.,"Reconciled August 7, 2026; recheck high-change law, BBS guidance, examination administration, NASW ethics, and federal overlays at Stage 5D/release.","August 7, 2026",1.0,2026-08-07,Synchronized,Shared Core
CTA-EP-002-FC-0036,CTA-FC-0036,CTA-FC-0036,Active,KEEP-LCSW,Workbook 1,"Informed Consent, Minors & Families",1,3,Ongoing Informed Consent,Application Principle,Client Questions After Intake,What principle should guide the clinician’s decision?,Clarification and reassessment of willingness support meaningful continued participation.,"When a client asks a reasonable later question, choose explanation and continued choice - not “you already signed.”",WB1-C3-Q002,CTA-MQB-0036,WB1-C3,,CTA Master Flashcard Library v1.0 shared-core record; reconciled to final LCSW Stage 5B workbook/rationale lineage.,"Reconciled August 7, 2026; recheck high-change law, BBS guidance, examination administration, NASW ethics, and federal overlays at Stage 5D/release.","August 7, 2026",1.0,2026-08-07,Synchronized,Shared Core
CTA-EP-002-FC-0037,CTA-FC-0037,CTA-FC-0037,Active,KEEP-LCSW,Workbook 1,"Informed Consent, Minors & Families",1,3,Ongoing Informed Consent,Application Principle,Significant Treatment Change,What principle should guide the clinician’s decision?,A material departure from the original plan is an appropriate point to revisit information and choice.,“Substantially different from the original plan” is a strong renewed-discussion trigger.,WB1-C3-Q003,CTA-MQB-0037,WB1-C3,,CTA Master Flashcard Library v1.0 shared-core record; reconciled to final LCSW Stage 5B workbook/rationale lineage.,"Reconciled August 7, 2026; recheck high-change law, BBS guidance, examination administration, NASW ethics, and federal overlays at Stage 5D/release.","August 7, 2026",1.0,2026-08-07,Synchronized,Shared Core
CTA-EP-002-FC-0038,CTA-FC-0038,CTA-FC-0038,Active,KEEP-LCSW,Workbook 1,"Informed Consent, Minors & Families",1,3,Ongoing Informed Consent,Application Principle,Newly Recognized Material Risk,What principle should guide the clinician’s decision?,New material information should be placed in context and incorporated into the client’s continuing decision.,New information that could affect the decision calls for communication - not silence or an extreme response.,WB1-C3-Q004,CTA-MQB-0038,WB1-C3,,CTA Master Flashcard Library v1.0 shared-core record; reconciled to final LCSW Stage 5B workbook/rationale lineage.,"Reconciled August 7, 2026; recheck high-change law, BBS guidance, examination administration, NASW ethics, and federal overlays at Stage 5D/release.","August 7, 2026",1.0,2026-08-07,Synchronized,Shared Core
CTA-EP-002-FC-0039,CTA-FC-0039,CTA-FC-0039,Active,KEEP-LCSW,Workbook 1,"Informed Consent, Minors & Families",1,3,Ongoing Informed Consent,Application Principle,Withdrawal From a Specific Intervention,What principle should guide the clinician’s decision?,The therapist should distinguish withdrawal from one intervention from withdrawal from the entire relationship and consider appropriate alternatives.,Declining one technique does not automatically mean the client is ending all treatment.,WB1-C3-Q005,CTA-MQB-0039,WB1-C3,,CTA Master Flashcard Library v1.0 shared-core record; reconciled to final LCSW Stage 5B workbook/rationale lineage.,"Reconciled August 7, 2026; recheck high-change law, BBS guidance, examination administration, NASW ethics, and federal overlays at Stage 5D/release.","August 7, 2026",1.0,2026-08-07,Synchronized,Shared Core
CTA-EP-002-FC-0040,CTA-FC-0040,CTA-FC-0040,Active,KEEP-LCSW,Workbook 1,"Informed Consent, Minors & Families",1,3,Ongoing Informed Consent,Distinction,Routine Adjustment vs. Material Change,How should these concepts be separated on the exam?,"Ongoing consent is responsive to material changes, not every small clinical judgment.",Ask whether the change meaningfully alters what the client agreed to - not whether anything changed at all.,WB1-C3-Q006,CTA-MQB-0040,WB1-C3,,CTA Master Flashcard Library v1.0 shared-core record; reconciled to final LCSW Stage 5B workbook/rationale lineage.,"Reconciled August 7, 2026; recheck high-change law, BBS guidance, examination administration, NASW ethics, and federal overlays at Stage 5D/release.","August 7, 2026",1.0,2026-08-07,Synchronized,Shared Core
CTA-EP-002-FC-0041,CTA-FC-0041,CTA-FC-0041,Active,KEEP-LCSW,Workbook 1,"Informed Consent, Minors & Families",1,3,Ongoing Informed Consent,Application Principle,Individual to Conjoint Treatment,What principle should guide the clinician’s decision?,"The change may alter clients, roles, goals, confidentiality, records, and information handling.","Individual to couple or family treatment should immediately trigger role, client, and confidentiality analysis.",WB1-C3-Q007,CTA-MQB-0041,WB1-C3,,CTA Master Flashcard Library v1.0 shared-core record; reconciled to final LCSW Stage 5B workbook/rationale lineage.,"Reconciled August 7, 2026; recheck high-change law, BBS guidance, examination administration, NASW ethics, and federal overlays at Stage 5D/release.","August 7, 2026",1.0,2026-08-07,Synchronized,Shared Core
CTA-EP-002-FC-0042,CTA-FC-0042,CTA-FC-0042,Active,KEEP-LCSW,Workbook 1,"Informed Consent, Minors & Families",1,3,Ongoing Informed Consent,Application Principle,Treatment Progress and New Plan,What principle should guide the clinician’s decision?,Monitoring effectiveness and involving the client in a material change supports competent and collaborative care.,Ongoing consent does not mean continuing the original plan forever; it means discussing meaningful changes.,WB1-C3-Q008,CTA-MQB-0042,WB1-C3,,CTA Master Flashcard Library v1.0 shared-core record; reconciled to final LCSW Stage 5B workbook/rationale lineage.,"Reconciled August 7, 2026; recheck high-change law, BBS guidance, examination administration, NASW ethics, and federal overlays at Stage 5D/release.","August 7, 2026",1.0,2026-08-07,Synchronized,Shared Core
CTA-EP-002-FC-0043,CTA-FC-0043,CTA-FC-0043,Active,KEEP-LCSW,Workbook 1,"Informed Consent, Minors & Families",1,3,Ongoing Informed Consent,Application Principle,Mandated Treatment and Remaining Choice,What principle should guide the clinician’s decision?,"Mandated attendance limits voluntariness but does not eliminate accurate information, professional role clarification, confidentiality analysis, or all client choice.","Mandated attendance is not the same as no autonomy, no confidentiality, and consent to everything.",WB1-C3-Q009,CTA-MQB-0043,WB1-C3,,CTA Master Flashcard Library v1.0 shared-core record; reconciled to final LCSW Stage 5B workbook/rationale lineage.,"Reconciled August 7, 2026; recheck high-change law, BBS guidance, examination administration, NASW ethics, and federal overlays at Stage 5D/release.","August 7, 2026",1.0,2026-08-07,Synchronized,Shared Core
CTA-EP-002-FC-0044,CTA-FC-0044,CTA-FC-0044,Active,KEEP-LCSW,Workbook 1,"Informed Consent, Minors & Families",1,3,Ongoing Informed Consent,Application Principle,Temporary Incapacity at a Major Decision,What principle should guide the clinician’s decision?,A major nonurgent decision should ordinarily wait until meaningful participation is possible.,"Temporary impairment plus a nonurgent decision favors postponement, not paperwork.",WB1-C3-Q010,CTA-MQB-0044,WB1-C3,,CTA Master Flashcard Library v1.0 shared-core record; reconciled to final LCSW Stage 5B workbook/rationale lineage.,"Reconciled August 7, 2026; recheck high-change law, BBS guidance, examination administration, NASW ethics, and federal overlays at Stage 5D/release.","August 7, 2026",1.0,2026-08-07,Synchronized,Shared Core
CTA-EP-002-FC-0045,CTA-FC-0045,CTA-FC-0045,Active,KEEP-LCSW,Workbook 1,"Informed Consent, Minors & Families",1,3,Ongoing Informed Consent,Application Principle,Reconsidering a Treatment Decision,What principle should guide the clinician’s decision?,The therapist should explore the concern and consider an appropriate plan.,An earlier “yes” is not permanent authorization.,WB1-C3-Q011,CTA-MQB-0045,WB1-C3,,CTA Master Flashcard Library v1.0 shared-core record; reconciled to final LCSW Stage 5B workbook/rationale lineage.,"Reconciled August 7, 2026; recheck high-change law, BBS guidance, examination administration, NASW ethics, and federal overlays at Stage 5D/release.","August 7, 2026",1.0,2026-08-07,Synchronized,Shared Core
CTA-EP-002-FC-0046,CTA-FC-0046,CTA-FC-0046,Active,KEEP-LCSW,Workbook 1,"Informed Consent, Minors & Families",1,3,Ongoing Informed Consent,Application Principle,Documentation of a Significant Discussion,What principle should guide the clinician’s decision?,"The record should show the material issue, discussion, and resulting plan.","For a major change, remember: discuss it and document the discussion.",WB1-C3-Q012,CTA-MQB-0046,WB1-C3,,CTA Master Flashcard Library v1.0 shared-core record; reconciled to final LCSW Stage 5B workbook/rationale lineage.,"Reconciled August 7, 2026; recheck high-change law, BBS guidance, examination administration, NASW ethics, and federal overlays at Stage 5D/release.","August 7, 2026",1.0,2026-08-07,Synchronized,Shared Core
CTA-EP-002-FC-0047,CTA-FC-0047,CTA-FC-0047,Active,KEEP-LCSW,Workbook 1,"Informed Consent, Minors & Families",1,3,Ongoing Informed Consent,Application Principle,Routine Clarification,What principle should guide the clinician’s decision?,Ongoing consent includes understandable clarification without unnecessary procedural overreaction.,Not every later question is a formal re-consent event; respond proportionately.,WB1-C3-Q013,CTA-MQB-0047,WB1-C3,,CTA Master Flashcard Library v1.0 shared-core record; reconciled to final LCSW Stage 5B workbook/rationale lineage.,"Reconciled August 7, 2026; recheck high-change law, BBS guidance, examination administration, NASW ethics, and federal overlays at Stage 5D/release.","August 7, 2026",1.0,2026-08-07,Synchronized,Shared Core
CTA-EP-002-FC-0048,CTA-FC-0048,CTA-FC-0048,Active,KEEP-LCSW,Workbook 1,"Informed Consent, Minors & Families",1,3,Ongoing Informed Consent,Application Principle,Change in Professional Role,What principle should guide the clinician’s decision?,The therapist must assess the role conflict and provide accurate information before relying on agreement.,"A professional-role change requires analysis of purpose, client expectations, confidentiality, and use of information.",WB1-C3-Q014,CTA-MQB-0048,WB1-C3,,CTA Master Flashcard Library v1.0 shared-core record; reconciled to final LCSW Stage 5B workbook/rationale lineage.,"Reconciled August 7, 2026; recheck high-change law, BBS guidance, examination administration, NASW ethics, and federal overlays at Stage 5D/release.","August 7, 2026",1.0,2026-08-07,Synchronized,Shared Core
CTA-EP-002-FC-0049,CTA-FC-0049,CTA-FC-0049,Active,KEEP-LCSW,Workbook 1,"Informed Consent, Minors & Families",1,3,Ongoing Informed Consent,Application Principle,Apparent Agreement Without Understanding,What principle should guide the clinician’s decision?,The therapist should correct the misunderstanding and assess the client’s actual decision.,Look beyond compliance behavior. Ask whether the client actually understands.,WB1-C3-Q015,CTA-MQB-0049,WB1-C3,,CTA Master Flashcard Library v1.0 shared-core record; reconciled to final LCSW Stage 5B workbook/rationale lineage.,"Reconciled August 7, 2026; recheck high-change law, BBS guidance, examination administration, NASW ethics, and federal overlays at Stage 5D/release.","August 7, 2026",1.0,2026-08-07,Synchronized,Shared Core
CTA-EP-002-FC-0050,CTA-FC-0050,CTA-FC-0050,Active,KEEP-LCSW,Workbook 1,"Informed Consent, Minors & Families",1,3,Ongoing Informed Consent,Application Principle,Emergency Safety and Consent,What principle should guide the clinician’s decision?,"Immediate safety may justify proportionate emergency action when ordinary participation is not possible, with explanation and documentation.","In a genuine emergency, prioritize immediate safety, proportionate action, and documentation.",WB1-C3-Q016,CTA-MQB-0050,WB1-C3,,CTA Master Flashcard Library v1.0 shared-core record; reconciled to final LCSW Stage 5B workbook/rationale lineage.,"Reconciled August 7, 2026; recheck high-change law, BBS guidance, examination administration, NASW ethics, and federal overlays at Stage 5D/release.","August 7, 2026",1.0,2026-08-07,Synchronized,Shared Core
CTA-EP-002-FC-0051,CTA-FC-0051,CTA-FC-0051,Active,KEEP-LCSW,Workbook 1,"Informed Consent, Minors & Families",1,3,Ongoing Informed Consent,Application Principle,Comprehensive Ongoing Informed Consent,What principle should guide the clinician’s decision?,"Pause implementation, clarify the intervention and role changes, explain the new risk and reasonable options, assess understanding and voluntariness, determine whether the client agrees, and document the significant discussion. This response addresses the material intervention change, new risk, changed participants and roles, alternatives, pressure, understanding, and documentation.","For an integrated ongoing-consent question, check change, new information, roles, questions, understanding, voluntariness, and documentation.",WB1-C3-Q017,CTA-MQB-0051,WB1-C3,,CTA Master Flashcard Library v1.0 shared-core record; reconciled to final LCSW Stage 5B workbook/rationale lineage.,"Reconciled August 7, 2026; recheck high-change law, BBS guidance, examination administration, NASW ethics, and federal overlays at Stage 5D/release.","August 7, 2026",1.0,2026-08-07,Synchronized,Shared Core
CTA-EP-002-FC-0060,CTA-FC-0060,CTA-FC-0060,Active,KEEP-LCSW,Workbook 2,Telehealth & Technology,2,5,"Social Media, Boundaries, and Digital Ethics",Application Principle,Associate Advertising,What principle should guide the clinician’s decision?,Associate advertising must accurately state associate status and include the required employer/entity and supervision information; it must not imply independent licensure.,"For associate ads, look for status, number, employer/entity, and supervision - not merely a credential number.","WB1-C4-Q009, WB2-C5-Q007","CTA-MQB-0060, CTA-MQB-0194",WB2-C5,,CTA Master Flashcard Library v1.0 shared-core record; reconciled to final LCSW Stage 5B workbook/rationale lineage.,"Reconciled August 7, 2026; recheck high-change law, BBS guidance, examination administration, NASW ethics, and federal overlays at Stage 5D/release.","August 7, 2026",1.0,2026-08-07,Synchronized,Shared Core
CTA-EP-002-FC-0069,CTA-FC-0069,CTA-FC-0069,Active,KEEP-LCSW,Workbook 1,"Informed Consent, Minors & Families",1,5,General Consent Requirements for Minors,Legal Rule,Verifying Authority to Consent - Part 1 of 2,"What legal rule, authority, or timing requirement applies?","The therapist should not assume that an accompanying relative has authority merely because the person arranged the appointment, provides transportation, or pays for treatment. The therapist should determine: Whether a parent, legal guardian, or another legally authorized person may consent Whether the minor qualifies to consent independently under California law Whether any urgent or emergency circumstance changes the immediate response California permits a minor who is at least 12 to consent to qualifying outpatient mental-health services when the attending professional determines that the minor is mature enough to participate intelligently.",,WB1-C5-Q001,CTA-MQB-0069,WB1-C5,,CTA Master Flashcard Library v1.0 shared-core record; reconciled to final LCSW Stage 5B workbook/rationale lineage.,"Reconciled August 7, 2026; recheck high-change law, BBS guidance, examination administration, NASW ethics, and federal overlays at Stage 5D/release.","August 7, 2026",1.0,2026-08-07,Synchronized,Shared Core
CTA-EP-002-FC-0070,CTA-FC-0070,CTA-FC-0070,Active,KEEP-LCSW,Workbook 1,"Informed Consent, Minors & Families",1,5,General Consent Requirements for Minors,Legal Rule,Verifying Authority to Consent - Part 2 of 2,"What additional rule, exception, or safeguard applies?",The existence of that exception must be evaluated; it should not be assumed merely because the minor requests care.,Separate these facts: Who brought the minor?Who pays?Who has legal authority? Only the third question resolves consent authority.,WB1-C5-Q001,CTA-MQB-0069,WB1-C5,,CTA Master Flashcard Library v1.0 shared-core record; reconciled to final LCSW Stage 5B workbook/rationale lineage.,"Reconciled August 7, 2026; recheck high-change law, BBS guidance, examination administration, NASW ethics, and federal overlays at Stage 5D/release.","August 7, 2026",1.0,2026-08-07,Synchronized,Shared Core
CTA-EP-002-FC-0071,CTA-FC-0071,CTA-FC-0071,Active,KEEP-LCSW,Workbook 1,"Informed Consent, Minors & Families",1,5,General Consent Requirements for Minors,Application Principle,Reviewing Custody Orders,What principle should guide the clinician’s decision?,"“Joint custody” is not sufficiently specific. California defines joint legal custody as both parents sharing the right and responsibility to make decisions concerning the child’s health, education, and welfare. The custody order must specify the circumstances in which both parents’ consent is required; in circumstances not requiring mutual consent, either parent may act alone. The therapist therefore needs to review the actual order instead of relying on a parent’s summary or a general assumption about joint custody.","When the stem mentions: Divorce Separation Joint custody A custody dispute A court order look for: Review the actual current order. Do not guess from labels such as “joint,” “primary,” or “custodial parent.”",WB1-C5-Q002,CTA-MQB-0070,WB1-C5,,CTA Master Flashcard Library v1.0 shared-core record; reconciled to final LCSW Stage 5B workbook/rationale lineage.,"Reconciled August 7, 2026; recheck high-change law, BBS guidance, examination administration, NASW ethics, and federal overlays at Stage 5D/release.","August 7, 2026",1.0,2026-08-07,Synchronized,Shared Core
CTA-EP-002-FC-0072,CTA-FC-0072,CTA-FC-0072,Active,KEEP-LCSW,Workbook 1,"Informed Consent, Minors & Families",1,5,General Consent Requirements for Minors,Application Principle,Court Order Requiring Mutual Consent - Part 1 of 2,What principle should guide the clinician’s decision?,"California Family Code section 3083 provides that a joint legal custody order specifies the circumstances in which both parents’ consent must be obtained. Either parent may act alone only in circumstances not designated for mutual consent. Because this order expressly requires both parents’ agreement for nonemergency mental-health treatment, the therapist should not proceed solely on one parent’s authorization.",,WB1-C5-Q003,CTA-MQB-0071,WB1-C5,,CTA Master Flashcard Library v1.0 shared-core record; reconciled to final LCSW Stage 5B workbook/rationale lineage.,"Reconciled August 7, 2026; recheck high-change law, BBS guidance, examination administration, NASW ethics, and federal overlays at Stage 5D/release.","August 7, 2026",1.0,2026-08-07,Synchronized,Shared Core
CTA-EP-002-FC-0073,CTA-FC-0073,CTA-FC-0073,Active,KEEP-LCSW,Workbook 1,"Informed Consent, Minors & Families",1,5,General Consent Requirements for Minors,Application Principle,Court Order Requiring Mutual Consent - Part 2 of 2,"What additional rule, exception, or safeguard applies?","Before deciding how to proceed, the therapist may evaluate whether: Both parents can provide the required consent The minor independently qualifies to consent under applicable law A genuine emergency creates another lawful basis for immediate action Legal or professional consultation is needed Any authority analysis and resulting decision should be documented.",Use this order of analysis: Read the custody order. Identify whether one or both parents must consent. Determine whether an independent minor-consent law applies. Consider emergencies separately. Document the legal and clinical basis for proceeding.,WB1-C5-Q003,CTA-MQB-0071,WB1-C5,,CTA Master Flashcard Library v1.0 shared-core record; reconciled to final LCSW Stage 5B workbook/rationale lineage.,"Reconciled August 7, 2026; recheck high-change law, BBS guidance, examination administration, NASW ethics, and federal overlays at Stage 5D/release.","August 7, 2026",1.0,2026-08-07,Synchronized,Shared Core
CTA-EP-002-FC-0074,CTA-FC-0074,CTA-FC-0074,Active,KEEP-LCSW,Workbook 1,"Informed Consent, Minors & Families",1,5,General Consent Requirements for Minors,Application Principle,Sole Legal Custody,What principle should guide the clinician’s decision?,"Sole legal custody gives one parent the right and responsibility to make decisions concerning the child’s health, education, and welfare. Parenting time or physical custody does not automatically transfer that legal decision-making authority to the other parent. The therapist should determine whether the mother has authorized treatment or whether another lawful basis permits services before beginning nonemergency care.","Keep these concepts separate: Physical custody = where and with whom the child livesLegal custody = who makes health, education, and welfare decisions",WB1-C5-Q004,CTA-MQB-0072,WB1-C5,,CTA Master Flashcard Library v1.0 shared-core record; reconciled to final LCSW Stage 5B workbook/rationale lineage.,"Reconciled August 7, 2026; recheck high-change law, BBS guidance, examination administration, NASW ethics, and federal overlays at Stage 5D/release.","August 7, 2026",1.0,2026-08-07,Synchronized,Shared Core
CTA-EP-002-FC-0075,CTA-FC-0075,CTA-FC-0075,Active,KEEP-LCSW,Workbook 1,"Informed Consent, Minors & Families",1,5,General Consent Requirements for Minors,Application Principle,One Parent Acting Under Joint Legal Custody,What principle should guide the clinician’s decision?,"California requires a joint legal custody order to specify when both parents’ consent is required. In circumstances not designated for mutual consent, either parent may generally exercise legal control alone, provided the action is not inconsistent with the physical-custody order. The therapist should still review the actual order, verify that it is current, and document the authority analysis.","Do not memorize: Joint legal custody = both signatures every time Instead, read what the order says requires mutual consent.",WB1-C5-Q005,CTA-MQB-0073,WB1-C5,,CTA Master Flashcard Library v1.0 shared-core record; reconciled to final LCSW Stage 5B workbook/rationale lineage.,"Reconciled August 7, 2026; recheck high-change law, BBS guidance, examination administration, NASW ethics, and federal overlays at Stage 5D/release.","August 7, 2026",1.0,2026-08-07,Synchronized,Shared Core
CTA-EP-002-FC-0076,CTA-FC-0076,CTA-FC-0076,Active,KEEP-LCSW,Workbook 1,"Informed Consent, Minors & Families",1,5,General Consent Requirements for Minors,Legal Rule,Caregiver’s Authorization Affidavit,"What legal rule, authority, or timing requirement applies?","A qualifying relative caregiver who properly completes and signs the statutory affidavit may receive authority comparable to a guardian’s authority to authorize medical and dental care. The statute specifies that this authority may include mental-health treatment, subject to applicable Probate Code limitations. The therapist should review the actual affidavit, confirm the caregiver’s identity, evaluate its scope and current applicability, and retain appropriate documentation rather than either accepting or rejecting it automatically.","When a nonparent relative brings a child to treatment, ask whether the person has: Guardianship authority A valid caregiver affidavit Written authorization Another recognized legal basis Do not decide from family relationship alone.",WB1-C5-Q006,CTA-MQB-0074,WB1-C5,,CTA Master Flashcard Library v1.0 shared-core record; reconciled to final LCSW Stage 5B workbook/rationale lineage.,"Reconciled August 7, 2026; recheck high-change law, BBS guidance, examination administration, NASW ethics, and federal overlays at Stage 5D/release.","August 7, 2026",1.0,2026-08-07,Synchronized,Shared Core
CTA-EP-002-FC-0077,CTA-FC-0077,CTA-FC-0077,Active,KEEP-LCSW,Workbook 1,"Informed Consent, Minors & Families",1,5,General Consent Requirements for Minors,Application Principle,Physical Custody Does Not Override Legal Custody,What principle should guide the clinician’s decision?,"Joint physical and joint legal custody are distinct concepts, and a court may grant joint legal custody without equal physical custody. When the controlling order expressly requires mutual consent for mental-health treatment, the child’s primary residence does not override that provision. The therapist should obtain the required authorization or identify another valid legal basis before beginning nonemergency treatment.",Never use these facts as substitutes for legal authority: The child lives with this parent This parent scheduled the appointment This parent pays This parent communicates more often,WB1-C5-Q007,CTA-MQB-0075,WB1-C5,,CTA Master Flashcard Library v1.0 shared-core record; reconciled to final LCSW Stage 5B workbook/rationale lineage.,"Reconciled August 7, 2026; recheck high-change law, BBS guidance, examination administration, NASW ethics, and federal overlays at Stage 5D/release.","August 7, 2026",1.0,2026-08-07,Synchronized,Shared Core
CTA-EP-002-FC-0078,CTA-FC-0078,CTA-FC-0078,Active,KEEP-LCSW,Workbook 1,"Informed Consent, Minors & Families",1,5,General Consent Requirements for Minors,Application Principle,Court-Appointed Guardian,What principle should guide the clinician’s decision?,"A guardian of the person may possess authority to consent to medical treatment for the ward, but the therapist should examine the actual court documents and applicable limitations rather than relying solely on the adult’s statement. California law also preserves situations in which a minor may consent independently under another statute. Verification should include whether the appointment remains effective, whether the guardianship concerns the person rather than only property, and whether the court imposed relevant restrictions.","For guardianship questions, verify: Who was appointed + what type of guardianship + what powers were granted + whether limitations exist",WB1-C5-Q008,CTA-MQB-0076,WB1-C5,,CTA Master Flashcard Library v1.0 shared-core record; reconciled to final LCSW Stage 5B workbook/rationale lineage.,"Reconciled August 7, 2026; recheck high-change law, BBS guidance, examination administration, NASW ethics, and federal overlays at Stage 5D/release.","August 7, 2026",1.0,2026-08-07,Synchronized,Shared Core
CTA-EP-002-FC-0079,CTA-FC-0079,CTA-FC-0079,Active,KEEP-LCSW,Workbook 1,"Informed Consent, Minors & Families",1,5,General Consent Requirements for Minors,Application Principle,Conflicting Custody Documents,What principle should guide the clinician’s decision?,"Consent authority depends on the current legal-custody arrangement, not on which parent communicates first or appears more persuasive. Sole legal custody and joint legal custody confer materially different decision-making rights. When apparently conflicting orders create genuine uncertainty and no emergency requires immediate intervention, the therapist should verify the controlling order, clarify authority, seek legal or professional consultation when needed, and document the process.","When the documents conflict: Verify - do not vote, guess, or choose the more persuasive parent.",WB1-C5-Q009,CTA-MQB-0077,WB1-C5,,CTA Master Flashcard Library v1.0 shared-core record; reconciled to final LCSW Stage 5B workbook/rationale lineage.,"Reconciled August 7, 2026; recheck high-change law, BBS guidance, examination administration, NASW ethics, and federal overlays at Stage 5D/release.","August 7, 2026",1.0,2026-08-07,Synchronized,Shared Core
CTA-EP-002-FC-0080,CTA-FC-0080,CTA-FC-0080,Active,KEEP-LCSW,Workbook 1,"Informed Consent, Minors & Families",1,5,General Consent Requirements for Minors,Application Principle,Parent Objection When One Parent May Act Alone - Part 1 of 2,What principle should guide the clinician’s decision?,"When a joint legal custody order specifies only certain matters requiring mutual consent, either parent may generally exercise legal control alone in other circumstances, subject to the order’s physical-custody limitations. The mother therefore may have possessed authority to authorize the treatment initially. The father’s later objection does not automatically erase that authority, but it is still significant.",,WB1-C5-Q010,CTA-MQB-0078,WB1-C5,,CTA Master Flashcard Library v1.0 shared-core record; reconciled to final LCSW Stage 5B workbook/rationale lineage.,"Reconciled August 7, 2026; recheck high-change law, BBS guidance, examination administration, NASW ethics, and federal overlays at Stage 5D/release.","August 7, 2026",1.0,2026-08-07,Synchronized,Shared Core
CTA-EP-002-FC-0081,CTA-FC-0081,CTA-FC-0081,Active,KEEP-LCSW,Workbook 1,"Informed Consent, Minors & Families",1,5,General Consent Requirements for Minors,Application Principle,Parent Objection When One Parent May Act Alone - Part 2 of 2,"What additional rule, exception, or safeguard applies?","The therapist should review the order and objection, consider whether the family conflict affects treatment or client welfare, communicate within appropriate confidentiality limits, document the analysis, and obtain consultation when the situation becomes legally or clinically complex.",Separate two questions: Did the consenting parent have legal authority? How should the therapist manage the later family conflict? A legally authorized start does not eliminate the need for thoughtful clinical management.,WB1-C5-Q010,CTA-MQB-0078,WB1-C5,,CTA Master Flashcard Library v1.0 shared-core record; reconciled to final LCSW Stage 5B workbook/rationale lineage.,"Reconciled August 7, 2026; recheck high-change law, BBS guidance, examination administration, NASW ethics, and federal overlays at Stage 5D/release.","August 7, 2026",1.0,2026-08-07,Synchronized,Shared Core
CTA-EP-002-FC-0082,CTA-FC-0082,CTA-FC-0082,Active,KEEP-LCSW,Workbook 1,"Informed Consent, Minors & Families",1,5,General Consent Requirements for Minors,Legal Rule,Payment Does Not Establish Consent Authority,"What legal rule, authority, or timing requirement applies?","Scheduling, transportation, financial responsibility, and close family involvement do not independently establish legal authority to consent for a minor. The therapist should determine whether the grandfather has guardianship, a valid caregiver authorization affidavit, authorization from a person with legal custody, or another recognized legal basis. The therapist should also assess separately whether the minor may consent independently under California law.",Never equate: Pays + transports + attendswith legally authorized to consent,WB1-C5-Q011,CTA-MQB-0079,WB1-C5,,CTA Master Flashcard Library v1.0 shared-core record; reconciled to final LCSW Stage 5B workbook/rationale lineage.,"Reconciled August 7, 2026; recheck high-change law, BBS guidance, examination administration, NASW ethics, and federal overlays at Stage 5D/release.","August 7, 2026",1.0,2026-08-07,Synchronized,Shared Core
CTA-EP-002-FC-0083,CTA-FC-0083,CTA-FC-0083,Active,KEEP-LCSW,Workbook 1,"Informed Consent, Minors & Families",1,5,General Consent Requirements for Minors,Legal Rule,Stepparent Authority,"What legal rule, authority, or timing requirement applies?","A stepparent’s relationship or residence with the child does not, by itself, establish healthcare decision-making authority. The therapist should verify whether the person has guardianship, appropriate authorization, or a valid caregiver affidavit. California’s caregiver-affidavit law includes stepparents within its definition of a relative, meaning a qualifying stepparent may obtain authority by properly completing the applicable affidavit. That potential authority must be established rather than assumed.","For a stepparent, ask: What legal document or authority supports consent? Do not answer solely from the family title.",WB1-C5-Q012,CTA-MQB-0080,WB1-C5,,CTA Master Flashcard Library v1.0 shared-core record; reconciled to final LCSW Stage 5B workbook/rationale lineage.,"Reconciled August 7, 2026; recheck high-change law, BBS guidance, examination administration, NASW ethics, and federal overlays at Stage 5D/release.","August 7, 2026",1.0,2026-08-07,Synchronized,Shared Core
CTA-EP-002-FC-0084,CTA-FC-0084,CTA-FC-0084,Active,KEEP-LCSW,Workbook 1,"Informed Consent, Minors & Families",1,5,General Consent Requirements for Minors,Legal Rule,Documentation of Consent Authority,"What legal rule, authority, or timing requirement applies?","The record should support the therapist’s decision to rely on a particular person’s consent. Appropriate documentation may identify: The court order, guardianship document, affidavit, or authorization reviewed The relevant provision or scope of authority The date of review Questions or limitations identified Consultation obtained when necessary The resulting treatment decision This supports continuity, accountability, and later verification without requiring the therapist to reproduce every page of a legal document in the progress note.","Document enough to answer: What authority did the therapist rely upon, and why?",WB1-C5-Q013,CTA-MQB-0081,WB1-C5,,CTA Master Flashcard Library v1.0 shared-core record; reconciled to final LCSW Stage 5B workbook/rationale lineage.,"Reconciled August 7, 2026; recheck high-change law, BBS guidance, examination administration, NASW ethics, and federal overlays at Stage 5D/release.","August 7, 2026",1.0,2026-08-07,Synchronized,Shared Core
CTA-EP-002-FC-0085,CTA-FC-0085,CTA-FC-0085,Active,KEEP-LCSW,Workbook 1,"Informed Consent, Minors & Families",1,5,General Consent Requirements for Minors,Distinction,Emergency Safety Action vs. Routine Consent - Part 1 of 2,How should these concepts be separated on the exam?,"Routine consent analysis should not delay a legally appropriate response to an immediate safety emergency. California law permits specified authorized professionals, upon probable cause, to initiate a 72-hour evaluation process for a minor who, because of a mental disorder, is dangerous to self or others or gravely disabled when voluntary authorization is unavailable. The facility must make every effort to notify the parent or guardian after detention.",,WB1-C5-Q014,CTA-MQB-0082,WB1-C5,,CTA Master Flashcard Library v1.0 shared-core record; reconciled to final LCSW Stage 5B workbook/rationale lineage.,"Reconciled August 7, 2026; recheck high-change law, BBS guidance, examination administration, NASW ethics, and federal overlays at Stage 5D/release.","August 7, 2026",1.0,2026-08-07,Synchronized,Shared Core
CTA-EP-002-FC-0086,CTA-FC-0086,CTA-FC-0086,Active,KEEP-LCSW,Workbook 1,"Informed Consent, Minors & Families",1,5,General Consent Requirements for Minors,Distinction,Emergency Safety Action vs. Routine Consent - Part 2 of 2,"What additional rule, exception, or safeguard applies?","The therapist should act within the therapist’s professional role and local authorization, arrange the appropriate emergency response, and document the risk assessment, consultation, actions, notifications, and disposition.",Separate: Immediate crisis protectionfromauthorization for ongoing nonemergency treatment Emergency action does not erase future consent responsibilities.,WB1-C5-Q014,CTA-MQB-0082,WB1-C5,,CTA Master Flashcard Library v1.0 shared-core record; reconciled to final LCSW Stage 5B workbook/rationale lineage.,"Reconciled August 7, 2026; recheck high-change law, BBS guidance, examination administration, NASW ethics, and federal overlays at Stage 5D/release.","August 7, 2026",1.0,2026-08-07,Synchronized,Shared Core
CTA-EP-002-FC-0087,CTA-FC-0087,CTA-FC-0087,Active,KEEP-LCSW,Workbook 1,"Informed Consent, Minors & Families",1,5,General Consent Requirements for Minors,Application Principle,Parent Decision and Caregiver Affidavit,What principle should guide the clinician’s decision?,"A qualifying relative caregiver with a properly completed affidavit may possess authority comparable to a guardian’s authority to authorize medical care, including certain mental-health treatment. However, California law provides that the caregiver’s decision is superseded by a contrary decision from a parent or another person with legal custody, provided that contrary decision does not jeopardize the minor’s life, health, or safety. The therapist should document the communications and evaluate whether another lawful treatment basis, including independent minor consent, may apply.","For caregiver affidavits, remember: Valid authority - but not necessarily superior to the legal custodian’s contrary decision.",WB1-C5-Q015,CTA-MQB-0083,WB1-C5,,CTA Master Flashcard Library v1.0 shared-core record; reconciled to final LCSW Stage 5B workbook/rationale lineage.,"Reconciled August 7, 2026; recheck high-change law, BBS guidance, examination administration, NASW ethics, and federal overlays at Stage 5D/release.","August 7, 2026",1.0,2026-08-07,Synchronized,Shared Core
CTA-EP-002-FC-0088,CTA-FC-0088,CTA-FC-0088,Active,KEEP-LCSW,Workbook 1,"Informed Consent, Minors & Families",1,5,General Consent Requirements for Minors,Application Principle,Guardianship and Independent Minor Consent,What principle should guide the clinician’s decision?,A guardian generally has the same right as a parent with legal custody to consent to medical treatment for a ward. California Probate Code section 2353 also expressly states that guardian consent is not required when another law allows the minor to consent independently. The therapist must therefore identify the particular service and determine whether an independent-consent statute applies rather than assuming guardianship answers every consent question.,Ask two separate questions: What authority does the guardian possess? Does another law permit this minor to consent independently to this service?,WB1-C5-Q016,CTA-MQB-0084,WB1-C5,,CTA Master Flashcard Library v1.0 shared-core record; reconciled to final LCSW Stage 5B workbook/rationale lineage.,"Reconciled August 7, 2026; recheck high-change law, BBS guidance, examination administration, NASW ethics, and federal overlays at Stage 5D/release.","August 7, 2026",1.0,2026-08-07,Synchronized,Shared Core
CTA-EP-002-FC-0089,CTA-FC-0089,CTA-FC-0089,Active,KEEP-LCSW,Workbook 1,"Informed Consent, Minors & Families",1,5,General Consent Requirements for Minors,Legal Rule,Comprehensive Minor-Consent Authority Analysis - Part 1 of 2,"What legal rule, authority, or timing requirement applies?","The scenario contains multiple possible consent pathways, none of which should be assumed: The current custody order must be identified. Sole and joint legal custody confer different decision-making authority. Stepparent status and payment do not automatically establish authority. A valid caregiver affidavit or other authorization may be relevant. The minor may have an independent right to consent if the statutory requirements are satisfied. No emergency exists to justify bypassing the nonurgent analysis.",,WB1-C5-Q017,CTA-MQB-0085,WB1-C5,,CTA Master Flashcard Library v1.0 shared-core record; reconciled to final LCSW Stage 5B workbook/rationale lineage.,"Reconciled August 7, 2026; recheck high-change law, BBS guidance, examination administration, NASW ethics, and federal overlays at Stage 5D/release.","August 7, 2026",1.0,2026-08-07,Synchronized,Shared Core
CTA-EP-002-FC-0090,CTA-FC-0090,CTA-FC-0090,Active,KEEP-LCSW,Workbook 1,"Informed Consent, Minors & Families",1,5,General Consent Requirements for Minors,Legal Rule,Comprehensive Minor-Consent Authority Analysis - Part 2 of 2,"What additional rule, exception, or safeguard applies?","California permits a minor aged 12 or older to consent to qualifying outpatient mental-health services when the attending professional determines that the minor is mature enough to participate intelligently. That possibility must be assessed separately from parental custody authority. The therapist should document the information reviewed, the professional determination, consultation, and the legal and clinical basis for proceeding or postponing treatment.","For a complex minor-consent question, use this sequence: Is there an emergency? What is the current custody or guardianship authority? Does another adult possess documented authority? May the minor consent independently? What limitations apply to the specific service? Was the analysis documented and consultation obtained when needed?",WB1-C5-Q017,CTA-MQB-0085,WB1-C5,,CTA Master Flashcard Library v1.0 shared-core record; reconciled to final LCSW Stage 5B workbook/rationale lineage.,"Reconciled August 7, 2026; recheck high-change law, BBS guidance, examination administration, NASW ethics, and federal overlays at Stage 5D/release.","August 7, 2026",1.0,2026-08-07,Synchronized,Shared Core
CTA-EP-002-FC-0091,CTA-FC-0091,CTA-FC-0091,Active,ADAPT-LCSW,Workbook 1,"Informed Consent, Minors & Families",1,6,Minor Consent Exceptions,Application Principle,Basic Eligibility for Independent Minor Consent - Part 1 of 2,What principle should guide the clinician’s decision?,"California Family Code section 6924 and Health and Safety Code section 124260 permit a minor who is 12 years of age or older to consent independently to qualifying outpatient mental-health treatment or counseling when, in the attending professional’s opinion, the minor is mature enough to participate intelligently in the services. This creates a potential legal basis for treatment without prior authorization from a parent or guardian. The therapist must still evaluate the statutory requirements and document the clinical and legal basis for proceeding",,WB1-C6-Q001,CTA-MQB-0086,WB1-C6,,CTA Master Flashcard Library v1.0 shared-core record; reconciled to final LCSW Stage 5B workbook/rationale lineage.,"Reconciled August 7, 2026; recheck high-change law, BBS guidance, examination administration, NASW ethics, and federal overlays at Stage 5D/release.","August 7, 2026",1.0,2026-08-07,Synchronized,Shared Core
CTA-EP-002-FC-0092,CTA-FC-0092,CTA-FC-0092,Active,ADAPT-LCSW,Workbook 1,"Informed Consent, Minors & Families",1,6,Minor Consent Exceptions,Application Principle,Basic Eligibility for Independent Minor Consent - Part 2 of 2,"What additional rule, exception, or safeguard applies?",A request for confidentiality alone does not establish authority to consent,Memorize the core formula: Age 12 or older + mature enough to participate intelligently Do not add requirements that the current statute does not contain.,WB1-C6-Q001,CTA-MQB-0086,WB1-C6,,CTA Master Flashcard Library v1.0 shared-core record; reconciled to final LCSW Stage 5B workbook/rationale lineage.,"Reconciled August 7, 2026; recheck high-change law, BBS guidance, examination administration, NASW ethics, and federal overlays at Stage 5D/release.","August 7, 2026",1.0,2026-08-07,Synchronized,Shared Core
CTA-EP-002-FC-0093,CTA-FC-0093,CTA-FC-0093,Active,ADAPT-LCSW,Workbook 1,"Informed Consent, Minors & Families",1,6,Minor Consent Exceptions,Legal Rule,Removal of the Former Acuity Requirement - Part 1 of 2,"What legal rule, authority, or timing requirement applies?","Current California law no longer requires a minor to demonstrate that: The minor would present a danger of serious physical or mental harm without treatment, or The minor is an alleged victim of incest or child abuse Those former heightened criteria were removed from Family Code section 6924. Since July 1, 2024, a minor aged 12 or older may consent to qualifying outpatient mental-health treatment when the attending professional determines that the minor is mature enough to participate intelligently",,WB1-C6-Q002,CTA-MQB-0087,WB1-C6,,CTA Master Flashcard Library v1.0 shared-core record; reconciled to final LCSW Stage 5B workbook/rationale lineage.,"Reconciled August 7, 2026; recheck high-change law, BBS guidance, examination administration, NASW ethics, and federal overlays at Stage 5D/release.","August 7, 2026",1.0,2026-08-07,Synchronized,Shared Core
CTA-EP-002-FC-0094,CTA-FC-0094,CTA-FC-0094,Active,ADAPT-LCSW,Workbook 1,"Informed Consent, Minors & Families",1,6,Minor Consent Exceptions,Legal Rule,Removal of the Former Acuity Requirement - Part 2 of 2,"What additional rule, exception, or safeguard applies?",The former requirement that the minor face a predicted danger of serious harm no longer governs basic eligibility. The current statute also does not require the minor to seek parental consent and receive a refusal first.,"An exam question may present the former law as a distractor. Under the current rule, do not require: Danger + abuse + parental refusal The controlling requirements are age and sufficient maturity.",WB1-C6-Q002,CTA-MQB-0087,WB1-C6,,CTA Master Flashcard Library v1.0 shared-core record; reconciled to final LCSW Stage 5B workbook/rationale lineage.,"Reconciled August 7, 2026; recheck high-change law, BBS guidance, examination administration, NASW ethics, and federal overlays at Stage 5D/release.","August 7, 2026",1.0,2026-08-07,Synchronized,Shared Core
CTA-EP-002-FC-0095,CTA-FC-0095,CTA-FC-0095,Active,KEEP-LCSW,Workbook 1,"Informed Consent, Minors & Families",1,6,Minor Consent Exceptions,Application Principle,Professional Determination of Maturity - Part 1 of 3,What principle should guide the clinician’s decision?,"Reaching age 12 satisfies the statute’s minimum-age requirement, but it does not complete the analysis. The attending professional person must determine whether the particular minor is mature enough to participate intelligently in the outpatient mental-health treatment or counseling. The assessment should be connected to the actual treatment decision.",,WB1-C6-Q003,CTA-MQB-0088,WB1-C6,,CTA Master Flashcard Library v1.0 shared-core record; reconciled to final LCSW Stage 5B workbook/rationale lineage.,"Reconciled August 7, 2026; recheck high-change law, BBS guidance, examination administration, NASW ethics, and federal overlays at Stage 5D/release.","August 7, 2026",1.0,2026-08-07,Synchronized,Shared Core
CTA-EP-002-FC-0096,CTA-FC-0096,CTA-FC-0096,Active,ADAPT-LCSW,Workbook 1,"Informed Consent, Minors & Families",1,6,Minor Consent Exceptions,Application Principle,Professional Determination of Maturity - Part 2 of 3,"What additional rule, exception, or safeguard applies?",Relevant considerations may include whether the minor can: Understand the general nature and purpose of treatment Describe the concern for which services are requested Understand the expected process and significant limitations Ask meaningful questions Consider reasonably foreseeable consequences Communicate a consistent and voluntary treatment preference The statute does not prescribe a mechanical maturity test. The therapist should make an individualized professional determination and document the basis for the decision,,WB1-C6-Q003,CTA-MQB-0088,WB1-C6,,CTA Master Flashcard Library v1.0 shared-core record; reconciled to final LCSW Stage 5B workbook/rationale lineage.,"Reconciled August 7, 2026; recheck high-change law, BBS guidance, examination administration, NASW ethics, and federal overlays at Stage 5D/release.","August 7, 2026",1.0,2026-08-07,Synchronized,Shared Core
CTA-EP-002-FC-0097,CTA-FC-0097,CTA-FC-0097,Active,ADAPT-LCSW,Workbook 1,"Informed Consent, Minors & Families",1,6,Minor Consent Exceptions,Application Principle,Professional Determination of Maturity - Part 3 of 3,"What additional rule, exception, or safeguard applies?",California law expressly allows some minors aged 12 or older to consent independently,Distinguish: Old enough to be consideredfrom mature enough to consent Age is objective. Maturity requires an individualized professional determination.,WB1-C6-Q003,CTA-MQB-0088,WB1-C6,,CTA Master Flashcard Library v1.0 shared-core record; reconciled to final LCSW Stage 5B workbook/rationale lineage.,"Reconciled August 7, 2026; recheck high-change law, BBS guidance, examination administration, NASW ethics, and federal overlays at Stage 5D/release.","August 7, 2026",1.0,2026-08-07,Synchronized,Shared Core
CTA-EP-002-FC-0098,CTA-FC-0098,CTA-FC-0098,Active,ADAPT-LCSW,Workbook 1,"Informed Consent, Minors & Families",1,6,Minor Consent Exceptions,Application Principle,Parent or Guardian Involvement - Part 1 of 2,What principle should guide the clinician’s decision?,"Independent minor consent and parent involvement are separate legal issues. California law provides that treatment authorized through the minor’s consent shall include involvement of the parent or guardian unless the treating professional, after consulting with the minor, determines that involvement would be inappropriate. The therapist should therefore: Consult with the minor. Consider the circumstances and potential effects of involvement. Make an individualized professional determination. Document the determination and the required contact information",,WB1-C6-Q004,CTA-MQB-0089,WB1-C6,,CTA Master Flashcard Library v1.0 shared-core record; reconciled to final LCSW Stage 5B workbook/rationale lineage.,"Reconciled August 7, 2026; recheck high-change law, BBS guidance, examination administration, NASW ethics, and federal overlays at Stage 5D/release.","August 7, 2026",1.0,2026-08-07,Synchronized,Shared Core
CTA-EP-002-FC-0099,CTA-FC-0099,CTA-FC-0099,Active,ADAPT-LCSW,Workbook 1,"Informed Consent, Minors & Families",1,6,Minor Consent Exceptions,Application Principle,Parent or Guardian Involvement - Part 2 of 2,"What additional rule, exception, or safeguard applies?",The minor’s qualifying consent provides the legal basis for outpatient treatment. Parent involvement does not necessarily mean that the parent must supply the original treatment consent,Do not confuse: Who consents to treatment?withShould the parent be involved? The minor may provide the consent while the therapist separately evaluates parent involvement.,WB1-C6-Q004,CTA-MQB-0089,WB1-C6,,CTA Master Flashcard Library v1.0 shared-core record; reconciled to final LCSW Stage 5B workbook/rationale lineage.,"Reconciled August 7, 2026; recheck high-change law, BBS guidance, examination administration, NASW ethics, and federal overlays at Stage 5D/release.","August 7, 2026",1.0,2026-08-07,Synchronized,Shared Core
CTA-EP-002-FC-0100,CTA-FC-0100,CTA-FC-0100,Active,ADAPT-LCSW,Workbook 1,"Informed Consent, Minors & Families",1,6,Minor Consent Exceptions,Application Principle,Documentation of Parent Contact,What principle should guide the clinician’s decision?,"California law requires the treating professional to state in the client record: Whether and when the therapist attempted to contact the parent or guardian Whether the attempt was successful or unsuccessful When the therapist determines that contact would be inappropriate, the record must instead state the reason supporting that professional determination","Memorize the documentation alternatives: Contact attempted: When, and whether successfulContact inappropriate: Why it was inappropriate",WB1-C6-Q005,CTA-MQB-0090,WB1-C6,,CTA Master Flashcard Library v1.0 shared-core record; reconciled to final LCSW Stage 5B workbook/rationale lineage.,"Reconciled August 7, 2026; recheck high-change law, BBS guidance, examination administration, NASW ethics, and federal overlays at Stage 5D/release.","August 7, 2026",1.0,2026-08-07,Synchronized,Shared Core
CTA-EP-002-FC-0101,CTA-FC-0101,CTA-FC-0101,Active,ADAPT-LCSW,Workbook 1,"Informed Consent, Minors & Families",1,6,Minor Consent Exceptions,Application Principle,Determining That Involvement Is Inappropriate - Part 1 of 2,What principle should guide the clinician’s decision?,"The therapist must consult with the minor before determining that parent or guardian involvement would be inappropriate. The determination should be individualized and based on the circumstances rather than on an automatic rule. When the therapist concludes that contact or involvement would be inappropriate, the reason must be stated in the client record",,WB1-C6-Q006,CTA-MQB-0091,WB1-C6,,CTA Master Flashcard Library v1.0 shared-core record; reconciled to final LCSW Stage 5B workbook/rationale lineage.,"Reconciled August 7, 2026; recheck high-change law, BBS guidance, examination administration, NASW ethics, and federal overlays at Stage 5D/release.","August 7, 2026",1.0,2026-08-07,Synchronized,Shared Core
CTA-EP-002-FC-0102,CTA-FC-0102,CTA-FC-0102,Active,ADAPT-LCSW,Workbook 1,"Informed Consent, Minors & Families",1,6,Minor Consent Exceptions,Application Principle,Determining That Involvement Is Inappropriate - Part 2 of 2,"What additional rule, exception, or safeguard applies?","The therapist should not make an unlimited promise before assessing the circumstances, applicable confidentiality limits, and future developments","When the minor raises a safety or treatment-access concern, choose: Consult → assess → determine → document Do not contact the parent automatically before completing the required analysis.",WB1-C6-Q006,CTA-MQB-0091,WB1-C6,,CTA Master Flashcard Library v1.0 shared-core record; reconciled to final LCSW Stage 5B workbook/rationale lineage.,"Reconciled August 7, 2026; recheck high-change law, BBS guidance, examination administration, NASW ethics, and federal overlays at Stage 5D/release.","August 7, 2026",1.0,2026-08-07,Synchronized,Shared Core
CTA-EP-002-FC-0103,CTA-FC-0103,CTA-FC-0103,Active,ADAPT-LCSW,Workbook 1,"Informed Consent, Minors & Families",1,6,Minor Consent Exceptions,Application Principle,Parent Financial Liability - Part 1 of 2,What principle should guide the clinician’s decision?,"Under California’s independent minor-consent provisions, a parent or guardian is not liable for payment for the outpatient mental-health treatment unless the parent or guardian participates in treatment. Even then, the statutory language limits potential liability to services rendered with that participation. The therapist should establish an appropriate payment arrangement before providing ongoing services and should not assume that parental status alone creates financial liability",,WB1-C6-Q007,CTA-MQB-0092,WB1-C6,,CTA Master Flashcard Library v1.0 shared-core record; reconciled to final LCSW Stage 5B workbook/rationale lineage.,"Reconciled August 7, 2026; recheck high-change law, BBS guidance, examination administration, NASW ethics, and federal overlays at Stage 5D/release.","August 7, 2026",1.0,2026-08-07,Synchronized,Shared Core
CTA-EP-002-FC-0104,CTA-FC-0104,CTA-FC-0104,Active,ADAPT-LCSW,Workbook 1,"Informed Consent, Minors & Families",1,6,Minor Consent Exceptions,Application Principle,Parent Financial Liability - Part 2 of 2,"What additional rule, exception, or safeguard applies?",A minor’s authority to consent does not itself guarantee insurance coverage or authorize every possible insurance disclosure or claim,"Remember: Authority to consent does not automatically determine who must pay. Consent, confidentiality, insurance coverage, and financial liability are related but separate issues.",WB1-C6-Q007,CTA-MQB-0092,WB1-C6,,CTA Master Flashcard Library v1.0 shared-core record; reconciled to final LCSW Stage 5B workbook/rationale lineage.,"Reconciled August 7, 2026; recheck high-change law, BBS guidance, examination administration, NASW ethics, and federal overlays at Stage 5D/release.","August 7, 2026",1.0,2026-08-07,Synchronized,Shared Core
CTA-EP-002-FC-0105,CTA-FC-0105,CTA-FC-0105,Active,ADAPT-LCSW,Workbook 1,"Informed Consent, Minors & Families",1,6,Minor Consent Exceptions,Application Principle,Limits on Independent Minor Consent - Part 1 of 2,What principle should guide the clinician’s decision?,California’s independent minor-consent statutes authorize qualifying outpatient mental-health treatment or counseling. They expressly do not authorize the minor to receive psychotropic medication without parent or guardian consent. The statutes also do not authorize convulsive treatment or psychosurgery based solely on the minor’s consent,,WB1-C6-Q008,CTA-MQB-0093,WB1-C6,,CTA Master Flashcard Library v1.0 shared-core record; reconciled to final LCSW Stage 5B workbook/rationale lineage.,"Reconciled August 7, 2026; recheck high-change law, BBS guidance, examination administration, NASW ethics, and federal overlays at Stage 5D/release.","August 7, 2026",1.0,2026-08-07,Synchronized,Shared Core
CTA-EP-002-FC-0106,CTA-FC-0106,CTA-FC-0106,Active,KEEP-LCSW,Workbook 1,"Informed Consent, Minors & Families",1,6,Minor Consent Exceptions,Application Principle,Limits on Independent Minor Consent - Part 2 of 2,"What additional rule, exception, or safeguard applies?",Clinical benefit alone does not create legal authority to provide a treatment excluded from the minor-consent statute.,"Know the limitation list: No psychotropic drugs, convulsive treatment, or psychosurgery based solely on these minor-consent provisions.",WB1-C6-Q008,CTA-MQB-0093,WB1-C6,,CTA Master Flashcard Library v1.0 shared-core record; reconciled to final LCSW Stage 5B workbook/rationale lineage.,"Reconciled August 7, 2026; recheck high-change law, BBS guidance, examination administration, NASW ethics, and federal overlays at Stage 5D/release.","August 7, 2026",1.0,2026-08-07,Synchronized,Shared Core
CTA-EP-002-FC-0107,CTA-FC-0107,CTA-FC-0107,Active,ADAPT-LCSW,Workbook 1,"Informed Consent, Minors & Families",1,6,Minor Consent Exceptions,Application Principle,Trainee Notification of Supervisor - Part 1 of 2,What principle should guide the clinician’s decision?,"Health and Safety Code section 124260 requires a social work intern who treats or counsels a self-consenting minor under the statute to notify the supervisor, or an available on-call supervisor at the site, within 24 hours. If the initial assessment indicates danger to self or others, notification is required immediately after the session.",For a social work intern: routine statutory notice is within 24 hours; danger identified at the initial assessment means notice immediately after the session.,WB1-C6-Q009,CTA-MQB-0094,WB1-C6,,CTA Master Flashcard Library v1.0 shared-core record; reconciled to final LCSW Stage 5B workbook/rationale lineage.,"Reconciled August 7, 2026; recheck high-change law, BBS guidance, examination administration, NASW ethics, and federal overlays at Stage 5D/release.","August 7, 2026",1.0,2026-08-07,Synchronized,Shared Core
CTA-EP-002-FC-0108,CTA-FC-0108,CTA-FC-0108,Active,KEEP-LCSW,Workbook 1,"Informed Consent, Minors & Families",1,6,Minor Consent Exceptions,Application Principle,Trainee Notification of Supervisor - Part 2 of 2,"What additional rule, exception, or safeguard applies?",The minor’s valid consent does not eliminate the trainee’s supervisor-notification obligation.,"For trainees and interns, memorize: Ordinary case: Notify within 24 hours A higher-risk initial assessment creates a faster notification requirement.",WB1-C6-Q009,CTA-MQB-0094,WB1-C6,,CTA Master Flashcard Library v1.0 shared-core record; reconciled to final LCSW Stage 5B workbook/rationale lineage.,"Reconciled August 7, 2026; recheck high-change law, BBS guidance, examination administration, NASW ethics, and federal overlays at Stage 5D/release.","August 7, 2026",1.0,2026-08-07,Synchronized,Shared Core
CTA-EP-002-FC-0109,CTA-FC-0109,CTA-FC-0109,Active,ADAPT-LCSW,Workbook 1,"Informed Consent, Minors & Families",1,6,Minor Consent Exceptions,Application Principle,Immediate Supervisor Notification and Integrated Service Limits - Part 1 of 2,What principle should guide the clinician’s decision?,"When a social work intern believes, following the initial assessment, that an independently consenting minor is a danger to self or others, Health and Safety Code section 124260 requires notification of the supervisor, or an available on-call supervisor, immediately after the treatment or counseling session. This does not replace other safety, reporting, consultation, or documentation duties.",,WB1-C6-Q010,CTA-MQB-0095,WB1-C6,,CTA Master Flashcard Library v1.0 shared-core record; reconciled to final LCSW Stage 5B workbook/rationale lineage.,"Reconciled August 7, 2026; recheck high-change law, BBS guidance, examination administration, NASW ethics, and federal overlays at Stage 5D/release.","August 7, 2026",1.0,2026-08-07,Synchronized,Shared Core
CTA-EP-002-FC-0110,CTA-FC-0110,CTA-FC-0110,Active,ADAPT-LCSW,Workbook 1,"Informed Consent, Minors & Families",1,6,Minor Consent Exceptions,Application Principle,Immediate Supervisor Notification and Integrated Service Limits - Part 2 of 2,"What additional rule, exception, or safeguard applies?","Parent involvement must be evaluated under the applicable legal framework, and contacting a parent alone may not adequately address an immediate safety concern. For a social work intern, the statutory supervisor-notification timing still applies.",For a trainee or intern treating a self-consenting minor: No danger identified: Notify within 24 hoursDanger identified at initial assessment: Notify immediately after the session,WB1-C6-Q010,CTA-MQB-0095,WB1-C6,,CTA Master Flashcard Library v1.0 shared-core record; reconciled to final LCSW Stage 5B workbook/rationale lineage.,"Reconciled August 7, 2026; recheck high-change law, BBS guidance, examination administration, NASW ethics, and federal overlays at Stage 5D/release.","August 7, 2026",1.0,2026-08-07,Synchronized,Shared Core
CTA-EP-002-FC-0111,CTA-FC-0111,CTA-FC-0111,Active,ADAPT-LCSW,Workbook 1,"Informed Consent, Minors & Families",1,6,Minor Consent Exceptions,Application Principle,Independent Consent Is Service-Specific - Part 1 of 2,What principle should guide the clinician’s decision?,"Family Code section 6924 and Health and Safety Code section 124260 create a service-specific consent right. They permit a qualifying minor to consent to defined outpatient mental-health treatment or counseling when the age and maturity requirements are satisfied. That authority does not, by itself: Emancipate the minor Grant all rights ordinarily associated with adulthood Authorize every medical or psychiatric procedure Eliminate the limitations expressly contained in the statutes The scope of consent must be evaluated separately for each service.",,WB1-C6-Q011,CTA-MQB-0096,WB1-C6,,CTA Master Flashcard Library v1.0 shared-core record; reconciled to final LCSW Stage 5B workbook/rationale lineage.,"Reconciled August 7, 2026; recheck high-change law, BBS guidance, examination administration, NASW ethics, and federal overlays at Stage 5D/release.","August 7, 2026",1.0,2026-08-07,Synchronized,Shared Core
CTA-EP-002-FC-0112,CTA-FC-0112,CTA-FC-0112,Active,ADAPT-LCSW,Workbook 1,"Informed Consent, Minors & Families",1,6,Minor Consent Exceptions,Application Principle,Independent Consent Is Service-Specific - Part 2 of 2,"What additional rule, exception, or safeguard applies?",Authority to consent to one category of services does not create general adult legal status,Remember: Independent consent is specific - not universal. Always identify the particular service the minor is seeking.,WB1-C6-Q011,CTA-MQB-0096,WB1-C6,,CTA Master Flashcard Library v1.0 shared-core record; reconciled to final LCSW Stage 5B workbook/rationale lineage.,"Reconciled August 7, 2026; recheck high-change law, BBS guidance, examination administration, NASW ethics, and federal overlays at Stage 5D/release.","August 7, 2026",1.0,2026-08-07,Synchronized,Shared Core
CTA-EP-002-FC-0113,CTA-FC-0113,CTA-FC-0113,Active,ADAPT-LCSW,Workbook 1,"Informed Consent, Minors & Families",1,6,Minor Consent Exceptions,Legal Rule,Minimum Age Requirement - Part 1 of 2,"What legal rule, authority, or timing requirement applies?","The age and maturity requirements are both necessary. The minor must: Be 12 years of age or older, and Be determined by the attending professional to be mature enough to participate intelligently. An 11-year-old cannot rely on these specific statutes, regardless of apparent maturity. Another basis may still authorize care, such as parental consent, guardianship authority, another minor-consent statute applicable to a different service, or legally appropriate emergency intervention",,WB1-C6-Q012,CTA-MQB-0097,WB1-C6,,CTA Master Flashcard Library v1.0 shared-core record; reconciled to final LCSW Stage 5B workbook/rationale lineage.,"Reconciled August 7, 2026; recheck high-change law, BBS guidance, examination administration, NASW ethics, and federal overlays at Stage 5D/release.","August 7, 2026",1.0,2026-08-07,Synchronized,Shared Core
CTA-EP-002-FC-0114,CTA-FC-0114,CTA-FC-0114,Active,KEEP-LCSW,Workbook 1,"Informed Consent, Minors & Families",1,6,Minor Consent Exceptions,Legal Rule,Minimum Age Requirement - Part 2 of 2,"What additional rule, exception, or safeguard applies?",A clinical maturity assessment cannot alter the minor’s chronological age.,The formula requires both elements: 12 or older + sufficient maturity Missing either one means these statutes do not provide the consent authority.,WB1-C6-Q012,CTA-MQB-0097,WB1-C6,,CTA Master Flashcard Library v1.0 shared-core record; reconciled to final LCSW Stage 5B workbook/rationale lineage.,"Reconciled August 7, 2026; recheck high-change law, BBS guidance, examination administration, NASW ethics, and federal overlays at Stage 5D/release.","August 7, 2026",1.0,2026-08-07,Synchronized,Shared Core
CTA-EP-002-FC-0115,CTA-FC-0115,CTA-FC-0115,Active,ADAPT-LCSW,Workbook 1,"Informed Consent, Minors & Families",1,6,Minor Consent Exceptions,Distinction,Outpatient Services vs. Inpatient Hospitalization - Part 1 of 2,How should these concepts be separated on the exam?,"The mental-health services authorized by Family Code section 6924 and Health and Safety Code section 124260 are defined as treatment or counseling provided on an outpatient basis. Family Code section 6924 also addresses defined temporary or emergency residential shelter services, but those services are not the same as inpatient psychiatric hospitalization. Therefore, these statutes alone do not supply the authority for voluntary inpatient psychiatric admission. The therapist must identify the legal requirements applicable to hospitalization and address any immediate safety concerns separately.",,WB1-C6-Q013,CTA-MQB-0098,WB1-C6,,CTA Master Flashcard Library v1.0 shared-core record; reconciled to final LCSW Stage 5B workbook/rationale lineage.,"Reconciled August 7, 2026; recheck high-change law, BBS guidance, examination administration, NASW ethics, and federal overlays at Stage 5D/release.","August 7, 2026",1.0,2026-08-07,Synchronized,Shared Core
CTA-EP-002-FC-0116,CTA-FC-0116,CTA-FC-0116,Active,ADAPT-LCSW,Workbook 1,"Informed Consent, Minors & Families",1,6,Minor Consent Exceptions,Distinction,Outpatient Services vs. Inpatient Hospitalization - Part 2 of 2,"What additional rule, exception, or safeguard applies?",Outpatient consent does not create blanket authorization for a more restrictive level of care,Pay close attention to the level of care: Outpatient counseling ≠ inpatient hospitalization,WB1-C6-Q013,CTA-MQB-0098,WB1-C6,,CTA Master Flashcard Library v1.0 shared-core record; reconciled to final LCSW Stage 5B workbook/rationale lineage.,"Reconciled August 7, 2026; recheck high-change law, BBS guidance, examination administration, NASW ethics, and federal overlays at Stage 5D/release.","August 7, 2026",1.0,2026-08-07,Synchronized,Shared Core
CTA-EP-002-FC-0117,CTA-FC-0117,CTA-FC-0117,Active,ADAPT-LCSW,Workbook 1,"Informed Consent, Minors & Families",1,6,Minor Consent Exceptions,Application Principle,Professionals Authorized Under the Statute - Part 1 of 2,What principle should guide the clinician’s decision?,Health and Safety Code section 124260 includes licensed clinical social workers and also associate clinical social workers and social work interns while they work under the supervision specified by law. Family Code section 6924 incorporates that definition. A properly supervised ASW may serve within the professional role authorized by the statute and make the maturity determination.,Do not assume that unlicensed means excluded. Check whether the statute expressly includes a supervised ASW or social work intern.,WB1-C6-Q014,CTA-MQB-0099,WB1-C6,,CTA Master Flashcard Library v1.0 shared-core record; reconciled to final LCSW Stage 5B workbook/rationale lineage.,"Reconciled August 7, 2026; recheck high-change law, BBS guidance, examination administration, NASW ethics, and federal overlays at Stage 5D/release.","August 7, 2026",1.0,2026-08-07,Synchronized,Shared Core
CTA-EP-002-FC-0118,CTA-FC-0118,CTA-FC-0118,Active,ADAPT-LCSW,Workbook 1,"Informed Consent, Minors & Families",1,6,Minor Consent Exceptions,Application Principle,Professionals Authorized Under the Statute - Part 2 of 2,"What additional rule, exception, or safeguard applies?",The statute does not limit the maturity determination to independently licensed clinicians. A properly supervised ASW or social work intern may serve within the professional role expressly authorized by the statute.,Check the statute’s exact professional categories and supervision conditions.,WB1-C6-Q014,CTA-MQB-0099,WB1-C6,,CTA Master Flashcard Library v1.0 shared-core record; reconciled to final LCSW Stage 5B workbook/rationale lineage.,"Reconciled August 7, 2026; recheck high-change law, BBS guidance, examination administration, NASW ethics, and federal overlays at Stage 5D/release.","August 7, 2026",1.0,2026-08-07,Synchronized,Shared Core
CTA-EP-002-FC-0119,CTA-FC-0119,CTA-FC-0119,Active,ADAPT-LCSW,Workbook 1,"Informed Consent, Minors & Families",1,6,Minor Consent Exceptions,Application Principle,Scope of Parent Financial Liability - Part 1 of 2,What principle should guide the clinician’s decision?,"The statutes provide that a parent or guardian is not liable for payment for independently authorized outpatient mental-health treatment unless the parent or guardian participates in treatment - and then only for services rendered with that participation. Therefore, participation in one family session does not, under the statute alone, automatically create liability for unrelated individual sessions before or after that participation. A separate valid agreement to pay would require its own analysis",,WB1-C6-Q015,CTA-MQB-0100,WB1-C6,,CTA Master Flashcard Library v1.0 shared-core record; reconciled to final LCSW Stage 5B workbook/rationale lineage.,"Reconciled August 7, 2026; recheck high-change law, BBS guidance, examination administration, NASW ethics, and federal overlays at Stage 5D/release.","August 7, 2026",1.0,2026-08-07,Synchronized,Shared Core
CTA-EP-002-FC-0120,CTA-FC-0120,CTA-FC-0120,Active,ADAPT-LCSW,Workbook 1,"Informed Consent, Minors & Families",1,6,Minor Consent Exceptions,Application Principle,Scope of Parent Financial Liability - Part 2 of 2,"What additional rule, exception, or safeguard applies?","A parent may be liable for services in which the parent participates, subject to the circumstances and any applicable agreement","For parent payment questions, use the statutory language: Participates in treatment - and only for services rendered with that participation.",WB1-C6-Q015,CTA-MQB-0100,WB1-C6,,CTA Master Flashcard Library v1.0 shared-core record; reconciled to final LCSW Stage 5B workbook/rationale lineage.,"Reconciled August 7, 2026; recheck high-change law, BBS guidance, examination administration, NASW ethics, and federal overlays at Stage 5D/release.","August 7, 2026",1.0,2026-08-07,Synchronized,Shared Core
CTA-EP-002-FC-0121,CTA-FC-0121,CTA-FC-0121,Active,ADAPT-LCSW,Workbook 1,"Informed Consent, Minors & Families",1,6,Minor Consent Exceptions,Application Principle,Reassessing Parent Involvement - Part 1 of 2,What principle should guide the clinician’s decision?,"The parent-involvement determination should be individualized and connected to the current circumstances. California law requires parent or guardian involvement unless the treating professional, after consulting with the minor, determines that involvement would be inappropriate. A prior determination was appropriate based on the facts existing at that time, but it should not be treated as permanent when material circumstances change. The therapist should reassess the issue with the minor, plan any involvement carefully, and document the updated determination.",,WB1-C6-Q016,CTA-MQB-0101,WB1-C6,,CTA Master Flashcard Library v1.0 shared-core record; reconciled to final LCSW Stage 5B workbook/rationale lineage.,"Reconciled August 7, 2026; recheck high-change law, BBS guidance, examination administration, NASW ethics, and federal overlays at Stage 5D/release.","August 7, 2026",1.0,2026-08-07,Synchronized,Shared Core
CTA-EP-002-FC-0122,CTA-FC-0122,CTA-FC-0122,Active,ADAPT-LCSW,Workbook 1,"Informed Consent, Minors & Families",1,6,Minor Consent Exceptions,Application Principle,Reassessing Parent Involvement - Part 2 of 2,"What additional rule, exception, or safeguard applies?",The earlier decision does not permanently bar involvement when the clinical and safety circumstances have changed,Do not treat inappropriate involvement as an irreversible label. Use: Consult → reassess → define the role → document,WB1-C6-Q016,CTA-MQB-0101,WB1-C6,,CTA Master Flashcard Library v1.0 shared-core record; reconciled to final LCSW Stage 5B workbook/rationale lineage.,"Reconciled August 7, 2026; recheck high-change law, BBS guidance, examination administration, NASW ethics, and federal overlays at Stage 5D/release.","August 7, 2026",1.0,2026-08-07,Synchronized,Shared Core
CTA-EP-002-FC-0123,CTA-FC-0123,CTA-FC-0123,Active,KEEP-LCSW,Workbook 1,"Informed Consent, Minors & Families",1,6,Minor Consent Exceptions,Application Principle,"Minor Consent, Safety, Supervision, Parent Involvement, and Service Limits - Part 1 of 3",What principle should guide the clinician’s decision?,Several requirements must be applied together. Independent consent: A minor aged 12 or older may consent to qualifying outpatient counseling when the attending professional determines that the minor is mature enough to participate intelligently. Immediate risk: The trainee must respond appropriately to the serious and immediate safety concern rather than treating the case as routine outpatient counseling.,,WB1-C6-Q017,CTA-MQB-0102,WB1-C6,,CTA Master Flashcard Library v1.0 shared-core record; reconciled to final LCSW Stage 5B workbook/rationale lineage.,"Reconciled August 7, 2026; recheck high-change law, BBS guidance, examination administration, NASW ethics, and federal overlays at Stage 5D/release.","August 7, 2026",1.0,2026-08-07,Synchronized,Shared Core
CTA-EP-002-FC-0124,CTA-FC-0124,CTA-FC-0124,Active,KEEP-LCSW,Workbook 1,"Informed Consent, Minors & Families",1,6,Minor Consent Exceptions,Application Principle,"Minor Consent, Safety, Supervision, Parent Involvement, and Service Limits - Part 2 of 3","What additional rule, exception, or safeguard applies?","Supervisor notification: When a covered trainee or intern believes during the initial assessment that the minor is a danger to self or others, Health and Safety Code section 124260 requires notification of the supervisor - or an available on-call supervisor - immediately after the session. This requirement does not replace other reporting or safety responsibilities. Parent involvement: The trainee must consult with the minor and make an individualized determination. Routine involvement may be found inappropriate, although disclosures or protective actions required by the emergency must be evaluated separately.",,WB1-C6-Q017,CTA-MQB-0102,WB1-C6,,CTA Master Flashcard Library v1.0 shared-core record; reconciled to final LCSW Stage 5B workbook/rationale lineage.,"Reconciled August 7, 2026; recheck high-change law, BBS guidance, examination administration, NASW ethics, and federal overlays at Stage 5D/release.","August 7, 2026",1.0,2026-08-07,Synchronized,Shared Core
CTA-EP-002-FC-0125,CTA-FC-0125,CTA-FC-0125,Active,ADAPT-LCSW,Workbook 1,"Informed Consent, Minors & Families",1,6,Minor Consent Exceptions,Application Principle,"Minor Consent, Safety, Supervision, Parent Involvement, and Service Limits - Part 3 of 3","What additional rule, exception, or safeguard applies?",Medication limitation: The minor-consent statutes do not authorize psychotropic medication without parent or guardian consent,"For an integrated minor-consent question, separate each issue: Age and maturity Type of service Immediate safety Parent-involvement determination Supervisor notification Medication and other statutory exclusions Documentation",WB1-C6-Q017,CTA-MQB-0102,WB1-C6,,CTA Master Flashcard Library v1.0 shared-core record; reconciled to final LCSW Stage 5B workbook/rationale lineage.,"Reconciled August 7, 2026; recheck high-change law, BBS guidance, examination administration, NASW ethics, and federal overlays at Stage 5D/release.","August 7, 2026",1.0,2026-08-07,Synchronized,Shared Core
CTA-EP-002-FC-0126,CTA-FC-0126,CTA-FC-0126,Active,KEEP-LCSW,Workbook 1,"Informed Consent, Minors & Families",1,7,Working with Parents and Families,Distinction,Consent Authority vs. Confidentiality - Part 1 of 3,How should these concepts be separated on the exam?,"The parent’s authority to consent establishes a lawful basis for beginning treatment, but it does not automatically answer every later question about confidentiality or access to treatment information.",,WB1-C7-Q001,CTA-MQB-0103,WB1-C7,,CTA Master Flashcard Library v1.0 shared-core record; reconciled to final LCSW Stage 5B workbook/rationale lineage.,"Reconciled August 7, 2026; recheck high-change law, BBS guidance, examination administration, NASW ethics, and federal overlays at Stage 5D/release.","August 7, 2026",1.0,2026-08-07,Synchronized,Shared Core
CTA-EP-002-FC-0127,CTA-FC-0127,CTA-FC-0127,Active,ADAPT-LCSW,Workbook 1,"Informed Consent, Minors & Families",1,7,Working with Parents and Families,Distinction,Consent Authority vs. Confidentiality - Part 2 of 3,"What additional rule, exception, or safeguard applies?","At the beginning of services, the therapist should clarify: The parent’s role in treatment The minor’s need for an appropriate degree of privacy What general information may be shared Circumstances in which safety or law may require disclosure How requests for records will be evaluated How family participation will be handled California law recognizes circumstances in which a minor’s representative is not entitled to inspect or copy the minor’s records. This confirms that parental authority and record access are not identical concepts.",,WB1-C7-Q001,CTA-MQB-0103,WB1-C7,,CTA Master Flashcard Library v1.0 shared-core record; reconciled to final LCSW Stage 5B workbook/rationale lineage.,"Reconciled August 7, 2026; recheck high-change law, BBS guidance, examination administration, NASW ethics, and federal overlays at Stage 5D/release.","August 7, 2026",1.0,2026-08-07,Synchronized,Shared Core
CTA-EP-002-FC-0128,CTA-FC-0128,CTA-FC-0128,Active,ADAPT-LCSW,Workbook 1,"Informed Consent, Minors & Families",1,7,Working with Parents and Families,Distinction,Consent Authority vs. Confidentiality - Part 3 of 3,"What additional rule, exception, or safeguard applies?","Consent authority does not create an unrestricted right to every statement, session detail, or record",Keep these issues separate: Consent to treatment ≠ participation in treatment ≠ confidentiality ≠ record access A fact establishing one does not automatically decide the others.,WB1-C7-Q001,CTA-MQB-0103,WB1-C7,,CTA Master Flashcard Library v1.0 shared-core record; reconciled to final LCSW Stage 5B workbook/rationale lineage.,"Reconciled August 7, 2026; recheck high-change law, BBS guidance, examination administration, NASW ethics, and federal overlays at Stage 5D/release.","August 7, 2026",1.0,2026-08-07,Synchronized,Shared Core
CTA-EP-002-FC-0129,CTA-FC-0129,CTA-FC-0129,Active,KEEP-LCSW,Workbook 1,"Informed Consent, Minors & Families",1,7,Working with Parents and Families,Application Principle,Records from Independently Consented Treatment - Part 1 of 3,What principle should guide the clinician’s decision?,Health and Safety Code section 123115 provides that a minor’s representative is not entitled to inspect or obtain copies of records relating to specified services - including outpatient mental-health services under Family Code section 6924 and Health and Safety Code section 124260 - when the minor had the mental capacity and met the minimum age for consenting to those services.,,WB1-C7-Q002,CTA-MQB-0104,WB1-C7,,CTA Master Flashcard Library v1.0 shared-core record; reconciled to final LCSW Stage 5B workbook/rationale lineage.,"Reconciled August 7, 2026; recheck high-change law, BBS guidance, examination administration, NASW ethics, and federal overlays at Stage 5D/release.","August 7, 2026",1.0,2026-08-07,Synchronized,Shared Core
CTA-EP-002-FC-0130,CTA-FC-0130,CTA-FC-0130,Active,ADAPT-LCSW,Workbook 1,"Informed Consent, Minors & Families",1,7,Working with Parents and Families,Application Principle,Records from Independently Consented Treatment - Part 2 of 3,"What additional rule, exception, or safeguard applies?",The therapist should carefully distinguish the parent’s lack of an automatic inspection right from situations in which: The minor authorizes an appropriate disclosure Another law requires disclosure A safety emergency affects what information may be communicated A court order or other legal process requires separate analysis,,WB1-C7-Q002,CTA-MQB-0104,WB1-C7,,CTA Master Flashcard Library v1.0 shared-core record; reconciled to final LCSW Stage 5B workbook/rationale lineage.,"Reconciled August 7, 2026; recheck high-change law, BBS guidance, examination administration, NASW ethics, and federal overlays at Stage 5D/release.","August 7, 2026",1.0,2026-08-07,Synchronized,Shared Core
CTA-EP-002-FC-0131,CTA-FC-0131,CTA-FC-0131,Active,KEEP-LCSW,Workbook 1,"Informed Consent, Minors & Families",1,7,Working with Parents and Families,Application Principle,Records from Independently Consented Treatment - Part 3 of 3,"What additional rule, exception, or safeguard applies?",A parent’s promise regarding later use of the records does not create a legal entitlement to inspect or copy them.,"When the minor consented independently, immediately examine: Who authorized the service - and who holds the corresponding record-access right? Do not assume that the parent’s relationship or payment role resolves the question.",WB1-C7-Q002,CTA-MQB-0104,WB1-C7,,CTA Master Flashcard Library v1.0 shared-core record; reconciled to final LCSW Stage 5B workbook/rationale lineage.,"Reconciled August 7, 2026; recheck high-change law, BBS guidance, examination administration, NASW ethics, and federal overlays at Stage 5D/release.","August 7, 2026",1.0,2026-08-07,Synchronized,Shared Core
CTA-EP-002-FC-0132,CTA-FC-0132,CTA-FC-0132,Active,KEEP-LCSW,Workbook 1,"Informed Consent, Minors & Families",1,7,Working with Parents and Families,Application Principle,Denying Parent Access to Protect the Minor or Treatment Relationship - Part 1 of 2,What principle should guide the clinician’s decision?,Health and Safety Code section 123115 states that a minor’s representative is not entitled to inspect or obtain copies of the minor’s patient records when the healthcare provider determines that access would have a detrimental effect on: The provider’s professional relationship with the minor The minor’s physical safety The minor’s psychological well-being. The statute protects a provider’s decision unless it is found to have been made in bad faith.,,WB1-C7-Q003,CTA-MQB-0105,WB1-C7,,CTA Master Flashcard Library v1.0 shared-core record; reconciled to final LCSW Stage 5B workbook/rationale lineage.,"Reconciled August 7, 2026; recheck high-change law, BBS guidance, examination administration, NASW ethics, and federal overlays at Stage 5D/release.","August 7, 2026",1.0,2026-08-07,Synchronized,Shared Core
CTA-EP-002-FC-0133,CTA-FC-0133,CTA-FC-0133,Active,ADAPT-LCSW,Workbook 1,"Informed Consent, Minors & Families",1,7,Working with Parents and Families,Application Principle,Denying Parent Access to Protect the Minor or Treatment Relationship - Part 2 of 2,"What additional rule, exception, or safeguard applies?",The therapist should make an individualized assessment rather than relying on a general policy and should document the facts and professional reasoning supporting the response,"Look for the statutory protection factors: Therapeutic relationshipPhysical safetyPsychological well-being. The strongest answer uses an individualized, good-faith assessment, not an automatic rule.",WB1-C7-Q003,CTA-MQB-0105,WB1-C7,,CTA Master Flashcard Library v1.0 shared-core record; reconciled to final LCSW Stage 5B workbook/rationale lineage.,"Reconciled August 7, 2026; recheck high-change law, BBS guidance, examination administration, NASW ethics, and federal overlays at Stage 5D/release.","August 7, 2026",1.0,2026-08-07,Synchronized,Shared Core
CTA-EP-002-FC-0134,CTA-FC-0134,CTA-FC-0134,Active,KEEP-LCSW,Workbook 1,"Informed Consent, Minors & Families",1,7,Working with Parents and Families,Application Principle,Noncustodial Parent Access to Records - Part 1 of 3,What principle should guide the clinician’s decision?,California Family Code section 3025 provides that access to a minor child’s medical and other records may not be denied to a parent because that parent is not the custodial parent. Noncustodial status alone is therefore insufficient grounds for denial. That does not mean the therapist should release every record automatically.,,WB1-C7-Q004,CTA-MQB-0106,WB1-C7,,CTA Master Flashcard Library v1.0 shared-core record; reconciled to final LCSW Stage 5B workbook/rationale lineage.,"Reconciled August 7, 2026; recheck high-change law, BBS guidance, examination administration, NASW ethics, and federal overlays at Stage 5D/release.","August 7, 2026",1.0,2026-08-07,Synchronized,Shared Core
CTA-EP-002-FC-0135,CTA-FC-0135,CTA-FC-0135,Active,ADAPT-LCSW,Workbook 1,"Informed Consent, Minors & Families",1,7,Working with Parents and Families,Application Principle,Noncustodial Parent Access to Records - Part 2 of 3,"What additional rule, exception, or safeguard applies?","The therapist should still determine: Whether the requester retains parental rights Whether a court order limits access Whether the records relate to services the minor independently authorized Whether access would detrimentally affect the therapeutic relationship, physical safety, or psychological well-being Whether another confidentiality restriction applies Health and Safety Code section 123115 specifically identifies circumstances in which a minor’s representative is not entitled to inspect or copy the records",,WB1-C7-Q004,CTA-MQB-0106,WB1-C7,,CTA Master Flashcard Library v1.0 shared-core record; reconciled to final LCSW Stage 5B workbook/rationale lineage.,"Reconciled August 7, 2026; recheck high-change law, BBS guidance, examination administration, NASW ethics, and federal overlays at Stage 5D/release.","August 7, 2026",1.0,2026-08-07,Synchronized,Shared Core
CTA-EP-002-FC-0136,CTA-FC-0136,CTA-FC-0136,Active,ADAPT-LCSW,Workbook 1,"Informed Consent, Minors & Families",1,7,Working with Parents and Families,Application Principle,Noncustodial Parent Access to Records - Part 3 of 3,"What additional rule, exception, or safeguard applies?",Parental status does not create an unconditional right to every clinical note or record. Statutory exceptions must still be evaluated,Do not assume: Noncustodial parent = no access Also do not assume: Parent = automatic access to everything Verify authority and then apply the record-specific exceptions.,WB1-C7-Q004,CTA-MQB-0106,WB1-C7,,CTA Master Flashcard Library v1.0 shared-core record; reconciled to final LCSW Stage 5B workbook/rationale lineage.,"Reconciled August 7, 2026; recheck high-change law, BBS guidance, examination administration, NASW ethics, and federal overlays at Stage 5D/release.","August 7, 2026",1.0,2026-08-07,Synchronized,Shared Core
CTA-EP-002-FC-0137,CTA-FC-0137,CTA-FC-0137,Active,ADAPT-LCSW,Workbook 1,"Informed Consent, Minors & Families",1,7,Working with Parents and Families,Application Principle,Confidential Third-Party Information in the Record - Part 1 of 2,What principle should guide the clinician’s decision?,"For purposes of California’s patient-record access law, “patient records” do not include information given in confidence to a healthcare provider by someone other than the patient or another healthcare provider. That material may be removed before records are inspected or copied. The therapist should identify the source and nature of the information rather than assuming that every piece of material maintained in the file must be disclosed",,WB1-C7-Q005,CTA-MQB-0107,WB1-C7,,CTA Master Flashcard Library v1.0 shared-core record; reconciled to final LCSW Stage 5B workbook/rationale lineage.,"Reconciled August 7, 2026; recheck high-change law, BBS guidance, examination administration, NASW ethics, and federal overlays at Stage 5D/release.","August 7, 2026",1.0,2026-08-07,Synchronized,Shared Core
CTA-EP-002-FC-0138,CTA-FC-0138,CTA-FC-0138,Active,ADAPT-LCSW,Workbook 1,"Informed Consent, Minors & Families",1,7,Working with Parents and Families,Application Principle,Confidential Third-Party Information in the Record - Part 2 of 2,"What additional rule, exception, or safeguard applies?",Destroying the clinical record would be an improper response and could violate record-retention obligations,"When records contain information from someone other than the client, ask: Who supplied the information, and was it given in confidence?",WB1-C7-Q005,CTA-MQB-0107,WB1-C7,,CTA Master Flashcard Library v1.0 shared-core record; reconciled to final LCSW Stage 5B workbook/rationale lineage.,"Reconciled August 7, 2026; recheck high-change law, BBS guidance, examination administration, NASW ethics, and federal overlays at Stage 5D/release.","August 7, 2026",1.0,2026-08-07,Synchronized,Shared Core
CTA-EP-002-FC-0139,CTA-FC-0139,CTA-FC-0139,Active,ADAPT-LCSW,Workbook 1,"Informed Consent, Minors & Families",1,7,Working with Parents and Families,Distinction,Parent Progress Updates vs. Session Details - Part 1 of 2,How should these concepts be separated on the exam?,"Parent participation may support a minor’s treatment, but it does not automatically require unrestricted disclosure of every communication. The therapist should apply the confidentiality framework established at intake and consider: The purpose of the parent’s request The minor’s age and clinical circumstances The parent’s treatment role Any authorization or legal requirement Whether safety information must be communicated The potential effect on treatment California law expressly recognizes that parental record access and treatment authority are not unlimited, including when access would detrimentally affect the professional relationship or the minor’s well-being.",,WB1-C7-Q006,CTA-MQB-0108,WB1-C7,,CTA Master Flashcard Library v1.0 shared-core record; reconciled to final LCSW Stage 5B workbook/rationale lineage.,"Reconciled August 7, 2026; recheck high-change law, BBS guidance, examination administration, NASW ethics, and federal overlays at Stage 5D/release.","August 7, 2026",1.0,2026-08-07,Synchronized,Shared Core
CTA-EP-002-FC-0140,CTA-FC-0140,CTA-FC-0140,Active,ADAPT-LCSW,Workbook 1,"Informed Consent, Minors & Families",1,7,Working with Parents and Families,Distinction,Parent Progress Updates vs. Session Details - Part 2 of 2,"What additional rule, exception, or safeguard applies?",Authorizing treatment does not automatically entitle the parent to a verbatim report of every session,"For parent-update questions, the strongest answer usually avoids both extremes: Tell the parent everythingandTell the parent nothing Clarify the boundaries and disclose only what is properly authorized, required, or clinically appropriate.",WB1-C7-Q006,CTA-MQB-0108,WB1-C7,,CTA Master Flashcard Library v1.0 shared-core record; reconciled to final LCSW Stage 5B workbook/rationale lineage.,"Reconciled August 7, 2026; recheck high-change law, BBS guidance, examination administration, NASW ethics, and federal overlays at Stage 5D/release.","August 7, 2026",1.0,2026-08-07,Synchronized,Shared Core
CTA-EP-002-FC-0141,CTA-FC-0141,CTA-FC-0141,Active,ADAPT-LCSW,Workbook 1,"Informed Consent, Minors & Families",1,7,Working with Parents and Families,Application Principle,Minor’s Right to Access Independently Authorized Records - Part 1 of 2,What principle should guide the clinician’s decision?,"Health and Safety Code section 123110 gives a minor who is legally authorized to consent to treatment the right to inspect records pertaining to that type of healthcare. The right is connected to the specific services the minor was lawfully authorized to obtain. This mirrors the restriction on parental access: when the qualifying minor independently consented to the covered services, the parent is not automatically entitled to those records",,WB1-C7-Q007,CTA-MQB-0109,WB1-C7,,CTA Master Flashcard Library v1.0 shared-core record; reconciled to final LCSW Stage 5B workbook/rationale lineage.,"Reconciled August 7, 2026; recheck high-change law, BBS guidance, examination administration, NASW ethics, and federal overlays at Stage 5D/release.","August 7, 2026",1.0,2026-08-07,Synchronized,Shared Core
CTA-EP-002-FC-0142,CTA-FC-0142,CTA-FC-0142,Active,ADAPT-LCSW,Workbook 1,"Informed Consent, Minors & Families",1,7,Working with Parents and Families,Application Principle,Minor’s Right to Access Independently Authorized Records - Part 2 of 2,"What additional rule, exception, or safeguard applies?",The minor - not merely the parent - may hold the access right for independently authorized treatment,Connect the rights: Minor may lawfully consent to the service → minor may access records relating to that service,WB1-C7-Q007,CTA-MQB-0109,WB1-C7,,CTA Master Flashcard Library v1.0 shared-core record; reconciled to final LCSW Stage 5B workbook/rationale lineage.,"Reconciled August 7, 2026; recheck high-change law, BBS guidance, examination administration, NASW ethics, and federal overlays at Stage 5D/release.","August 7, 2026",1.0,2026-08-07,Synchronized,Shared Core
CTA-EP-002-FC-0143,CTA-FC-0143,CTA-FC-0143,Active,KEEP-LCSW,Workbook 1,"Informed Consent, Minors & Families",1,7,Working with Parents and Families,Application Principle,Limiting the Minor’s Own Access to Mental Health Records - Part 1 of 3,What principle should guide the clinician’s decision?,"The rules governing the patient’s own request differ from the rules governing a parent’s request. When a provider determines that allowing the patient to inspect or receive mental-health records would create a substantial risk of significant adverse or detrimental consequences, California law permits the provider to decline direct access only if specific safeguards are followed.",,WB1-C7-Q008,CTA-MQB-0110,WB1-C7,,CTA Master Flashcard Library v1.0 shared-core record; reconciled to final LCSW Stage 5B workbook/rationale lineage.,"Reconciled August 7, 2026; recheck high-change law, BBS guidance, examination administration, NASW ethics, and federal overlays at Stage 5D/release.","August 7, 2026",1.0,2026-08-07,Synchronized,Shared Core
CTA-EP-002-FC-0144,CTA-FC-0144,CTA-FC-0144,Active,ADAPT-LCSW,Workbook 1,"Informed Consent, Minors & Families",1,7,Working with Parents and Families,Application Principle,Limiting the Minor’s Own Access to Mental Health Records - Part 2 of 3,"What additional rule, exception, or safeguard applies?",These include: Making a written record of the request Recording the reason for refusal and the specific anticipated consequences Informing the patient of the refusal Informing the patient of the right to designate a qualifying licensed professional to inspect or receive the records The provider must also document whether the patient made such a request for professional review,,WB1-C7-Q008,CTA-MQB-0110,WB1-C7,,CTA Master Flashcard Library v1.0 shared-core record; reconciled to final LCSW Stage 5B workbook/rationale lineage.,"Reconciled August 7, 2026; recheck high-change law, BBS guidance, examination administration, NASW ethics, and federal overlays at Stage 5D/release.","August 7, 2026",1.0,2026-08-07,Synchronized,Shared Core
CTA-EP-002-FC-0145,CTA-FC-0145,CTA-FC-0145,Active,KEEP-LCSW,Workbook 1,"Informed Consent, Minors & Families",1,7,Working with Parents and Families,Application Principle,Limiting the Minor’s Own Access to Mental Health Records - Part 3 of 3,"What additional rule, exception, or safeguard applies?",Destroying portions of the record is not an appropriate method of limiting access.,Distinguish two different rules: Parent requests minor’s records: Apply section 123115(a)Patient requests own mental-health records: Apply section 123115(b) and its safeguards,WB1-C7-Q008,CTA-MQB-0110,WB1-C7,,CTA Master Flashcard Library v1.0 shared-core record; reconciled to final LCSW Stage 5B workbook/rationale lineage.,"Reconciled August 7, 2026; recheck high-change law, BBS guidance, examination administration, NASW ethics, and federal overlays at Stage 5D/release.","August 7, 2026",1.0,2026-08-07,Synchronized,Shared Core
CTA-EP-002-FC-0146,CTA-FC-0146,CTA-FC-0146,Active,KEEP-LCSW,Workbook 1,"Informed Consent, Minors & Families",1,7,Working with Parents and Families,Application Principle,Dependency Removal and Parent Record Access - Part 1 of 2,What principle should guide the clinician’s decision?,"When a psychotherapist knows that a minor has been removed from a parent’s or guardian’s physical custody through the specified juvenile dependency proceedings, Health and Safety Code section 123116 prohibits the psychotherapist from allowing that parent or guardian to inspect or copy the minor’s mental-health records. The restriction does not apply when the juvenile court has issued an order authorizing access after finding that access would not be detrimental to the minor.",,WB1-C7-Q009,CTA-MQB-0111,WB1-C7,,CTA Master Flashcard Library v1.0 shared-core record; reconciled to final LCSW Stage 5B workbook/rationale lineage.,"Reconciled August 7, 2026; recheck high-change law, BBS guidance, examination administration, NASW ethics, and federal overlays at Stage 5D/release.","August 7, 2026",1.0,2026-08-07,Synchronized,Shared Core
CTA-EP-002-FC-0147,CTA-FC-0147,CTA-FC-0147,Active,ADAPT-LCSW,Workbook 1,"Informed Consent, Minors & Families",1,7,Working with Parents and Families,Application Principle,Dependency Removal and Parent Record Access - Part 2 of 2,"What additional rule, exception, or safeguard applies?","Even with such an order, the therapist retains the ability to deny access under Health and Safety Code section 123115 when the applicable detrimental-effect standard is satisfied",When the stem says the child was: Removed through dependency proceedings Placed in foster care Removed under Welfare and Institutions Code proceedings look for the special mental-health-record restriction and the possible need for a juvenile court order.,WB1-C7-Q009,CTA-MQB-0111,WB1-C7,,CTA Master Flashcard Library v1.0 shared-core record; reconciled to final LCSW Stage 5B workbook/rationale lineage.,"Reconciled August 7, 2026; recheck high-change law, BBS guidance, examination administration, NASW ethics, and federal overlays at Stage 5D/release.","August 7, 2026",1.0,2026-08-07,Synchronized,Shared Core
CTA-EP-002-FC-0148,CTA-FC-0148,CTA-FC-0148,Active,KEEP-LCSW,Workbook 1,"Informed Consent, Minors & Families",1,7,Working with Parents and Families,Application Principle,Records Created Under Different Consent Arrangements - Part 1 of 3,What principle should guide the clinician’s decision?,"Different portions of the record may be governed by different access rules. For the parent-authorized treatment period, the therapist should not deny the father access solely because he is noncustodial. The therapist must verify his rights, review any relevant orders, and apply the detrimental-effect and other statutory restrictions. Family Code section 3025 protects a parent from denial based solely on noncustodial status.",,WB1-C7-Q010,CTA-MQB-0112,WB1-C7,,CTA Master Flashcard Library v1.0 shared-core record; reconciled to final LCSW Stage 5B workbook/rationale lineage.,"Reconciled August 7, 2026; recheck high-change law, BBS guidance, examination administration, NASW ethics, and federal overlays at Stage 5D/release.","August 7, 2026",1.0,2026-08-07,Synchronized,Shared Core
CTA-EP-002-FC-0149,CTA-FC-0149,CTA-FC-0149,Active,ADAPT-LCSW,Workbook 1,"Informed Consent, Minors & Families",1,7,Working with Parents and Families,Application Principle,Records Created Under Different Consent Arrangements - Part 2 of 3,"What additional rule, exception, or safeguard applies?","For the independently consented treatment period, Health and Safety Code section 123115 provides that the minor’s representative is not entitled to inspect or copy records relating to qualifying services the minor was legally authorized and sufficiently capable to consent to independently. The therapist should also consider confidential third-party material, verify the scope of the request, document the analysis, and obtain legal consultation when the records cannot be separated confidently",,WB1-C7-Q010,CTA-MQB-0112,WB1-C7,,CTA Master Flashcard Library v1.0 shared-core record; reconciled to final LCSW Stage 5B workbook/rationale lineage.,"Reconciled August 7, 2026; recheck high-change law, BBS guidance, examination administration, NASW ethics, and federal overlays at Stage 5D/release.","August 7, 2026",1.0,2026-08-07,Synchronized,Shared Core
CTA-EP-002-FC-0150,CTA-FC-0150,CTA-FC-0150,Active,ADAPT-LCSW,Workbook 1,"Informed Consent, Minors & Families",1,7,Working with Parents and Families,Application Principle,Records Created Under Different Consent Arrangements - Part 3 of 3,"What additional rule, exception, or safeguard applies?",Noncustodial status alone is not a sufficient basis for denying access to the parent-authorized portion,"For a record covering different treatment periods, do not treat the file as legally indivisible. Ask: Who authorized each service? What type of care was provided? Who holds the access right for that portion? Does a safety, therapeutic-relationship, court-order, or third-party-information restriction apply?",WB1-C7-Q010,CTA-MQB-0112,WB1-C7,,CTA Master Flashcard Library v1.0 shared-core record; reconciled to final LCSW Stage 5B workbook/rationale lineage.,"Reconciled August 7, 2026; recheck high-change law, BBS guidance, examination administration, NASW ethics, and federal overlays at Stage 5D/release.","August 7, 2026",1.0,2026-08-07,Synchronized,Shared Core
CTA-EP-002-FC-0151,CTA-FC-0151,CTA-FC-0151,Active,ADAPT-LCSW,Workbook 1,"Informed Consent, Minors & Families",1,7,Working with Parents and Families,Application Principle,Disclosure to Family Members - Part 1 of 2,What principle should guide the clinician’s decision?,A family relationship alone does not authorize access to confidential treatment information. California generally prohibits a healthcare provider from disclosing a patient’s medical information without authorization unless a specific legal exception applies. The therapist should protect the minor’s confidentiality and avoid confirming even the existence of the therapeutic relationship when no lawful basis for disclosure has been established,,WB1-C7-Q011,CTA-MQB-0113,WB1-C7,,CTA Master Flashcard Library v1.0 shared-core record; reconciled to final LCSW Stage 5B workbook/rationale lineage.,"Reconciled August 7, 2026; recheck high-change law, BBS guidance, examination administration, NASW ethics, and federal overlays at Stage 5D/release.","August 7, 2026",1.0,2026-08-07,Synchronized,Shared Core
CTA-EP-002-FC-0152,CTA-FC-0152,CTA-FC-0152,Active,KEEP-LCSW,Workbook 1,"Informed Consent, Minors & Families",1,7,Working with Parents and Families,Application Principle,Disclosure to Family Members - Part 2 of 2,"What additional rule, exception, or safeguard applies?",Genuine concern does not automatically establish legal authority to receive confidential information.,"Do not assume: Family member = authorized recipient Always identify the authorization, legal authority, or disclosure exception.",WB1-C7-Q011,CTA-MQB-0113,WB1-C7,,CTA Master Flashcard Library v1.0 shared-core record; reconciled to final LCSW Stage 5B workbook/rationale lineage.,"Reconciled August 7, 2026; recheck high-change law, BBS guidance, examination administration, NASW ethics, and federal overlays at Stage 5D/release.","August 7, 2026",1.0,2026-08-07,Synchronized,Shared Core
CTA-EP-002-FC-0153,CTA-FC-0153,CTA-FC-0153,Active,ADAPT-LCSW,Workbook 1,"Informed Consent, Minors & Families",1,7,Working with Parents and Families,Legal Rule,Minor Authorization for Release - Part 1 of 2,"What legal rule, authority, or timing requirement applies?","California permits a minor to sign an authorization for the release of medical information obtained during services to which that minor could lawfully consent. The authorization must satisfy the applicable requirements, including identifying the information, permitted recipient, authorized use, and expiration. The therapist should disclose only the information covered by the valid authorization",,WB1-C7-Q012,CTA-MQB-0114,WB1-C7,,CTA Master Flashcard Library v1.0 shared-core record; reconciled to final LCSW Stage 5B workbook/rationale lineage.,"Reconciled August 7, 2026; recheck high-change law, BBS guidance, examination administration, NASW ethics, and federal overlays at Stage 5D/release.","August 7, 2026",1.0,2026-08-07,Synchronized,Shared Core
CTA-EP-002-FC-0154,CTA-FC-0154,CTA-FC-0154,Active,KEEP-LCSW,Workbook 1,"Informed Consent, Minors & Families",1,7,Working with Parents and Families,Legal Rule,Minor Authorization for Release - Part 2 of 2,"What additional rule, exception, or safeguard applies?",Requiring the parent’s signature would contradict the minor’s authority over information arising from independently authorized services.,Connect the two rights: Minor may consent to the service → minor may authorize release of information from that service,WB1-C7-Q012,CTA-MQB-0114,WB1-C7,,CTA Master Flashcard Library v1.0 shared-core record; reconciled to final LCSW Stage 5B workbook/rationale lineage.,"Reconciled August 7, 2026; recheck high-change law, BBS guidance, examination administration, NASW ethics, and federal overlays at Stage 5D/release.","August 7, 2026",1.0,2026-08-07,Synchronized,Shared Core
CTA-EP-002-FC-0155,CTA-FC-0155,CTA-FC-0155,Active,ADAPT-LCSW,Workbook 1,"Informed Consent, Minors & Families",1,7,Working with Parents and Families,Application Principle,Family Participation Does Not Create Record-Access Rights - Part 1 of 2,What principle should guide the clinician’s decision?,"Participating in treatment does not automatically establish legal authority over the client or create a right to inspect the client’s records. California’s patient-record law generally defines a minor’s representative as the minor’s parent or guardian - not every relative or treatment participant. The therapist should separately evaluate whether information specifically concerning the sister may be addressed, but her participation does not provide access to the minor’s complete record",,WB1-C7-Q013,CTA-MQB-0115,WB1-C7,,CTA Master Flashcard Library v1.0 shared-core record; reconciled to final LCSW Stage 5B workbook/rationale lineage.,"Reconciled August 7, 2026; recheck high-change law, BBS guidance, examination administration, NASW ethics, and federal overlays at Stage 5D/release.","August 7, 2026",1.0,2026-08-07,Synchronized,Shared Core
CTA-EP-002-FC-0156,CTA-FC-0156,CTA-FC-0156,Active,ADAPT-LCSW,Workbook 1,"Informed Consent, Minors & Families",1,7,Working with Parents and Families,Application Principle,Family Participation Does Not Create Record-Access Rights - Part 2 of 2,"What additional rule, exception, or safeguard applies?",Guardianship is a legal status and cannot be created merely through family-session participation,"Distinguish: Participant in treatment fromClient, legal representative, or authorized recipient",WB1-C7-Q013,CTA-MQB-0115,WB1-C7,,CTA Master Flashcard Library v1.0 shared-core record; reconciled to final LCSW Stage 5B workbook/rationale lineage.,"Reconciled August 7, 2026; recheck high-change law, BBS guidance, examination administration, NASW ethics, and federal overlays at Stage 5D/release.","August 7, 2026",1.0,2026-08-07,Synchronized,Shared Core
CTA-EP-002-FC-0157,CTA-FC-0157,CTA-FC-0157,Active,KEEP-LCSW,Workbook 1,"Informed Consent, Minors & Families",1,7,Working with Parents and Families,Distinction,Record Access vs. Other Information Requests - Part 1 of 2,How should these concepts be separated on the exam?,"Health and Safety Code section 123115 addresses when a minor’s representative is not entitled to inspect or obtain copies of records. It should not be converted into a blanket rule prohibiting every form of parent communication. For a verbal update, the therapist must separately consider: Who authorized treatment The confidentiality arrangement The parent’s treatment role Any applicable authorization Whether disclosure is required or permitted by law Whether safety information must be communicated The amount of information reasonably necessary California generally requires authorization before medical information is disclosed unless a statutory exception applies.",,WB1-C7-Q014,CTA-MQB-0116,WB1-C7,,CTA Master Flashcard Library v1.0 shared-core record; reconciled to final LCSW Stage 5B workbook/rationale lineage.,"Reconciled August 7, 2026; recheck high-change law, BBS guidance, examination administration, NASW ethics, and federal overlays at Stage 5D/release.","August 7, 2026",1.0,2026-08-07,Synchronized,Shared Core
CTA-EP-002-FC-0158,CTA-FC-0158,CTA-FC-0158,Active,ADAPT-LCSW,Workbook 1,"Informed Consent, Minors & Families",1,7,Working with Parents and Families,Distinction,Record Access vs. Other Information Requests - Part 2 of 2,"What additional rule, exception, or safeguard applies?","The record-access statute does not prohibit all parent involvement or communication. A verbal information request does not create unlimited access to confidential session content, and confidentiality applies whether information is spoken, written, or electronic.",Ask exactly what the parent is requesting: Participation? A progress update? A release? Inspection? Copies? Different requests may require different legal analyses.,WB1-C7-Q014,CTA-MQB-0116,WB1-C7,,CTA Master Flashcard Library v1.0 shared-core record; reconciled to final LCSW Stage 5B workbook/rationale lineage.,"Reconciled August 7, 2026; recheck high-change law, BBS guidance, examination administration, NASW ethics, and federal overlays at Stage 5D/release.","August 7, 2026",1.0,2026-08-07,Synchronized,Shared Core
CTA-EP-002-FC-0159,CTA-FC-0159,CTA-FC-0159,Active,ADAPT-LCSW,Workbook 1,"Informed Consent, Minors & Families",1,7,Working with Parents and Families,Legal Rule,Valid Authorization by a Self-Consenting Minor - Part 1 of 2,"What legal rule, authority, or timing requirement applies?","The minor may authorize disclosure of information obtained during services to which the minor could lawfully consent. However, the authorization must satisfy statutory requirements. These include identifying: The types of information to be disclosed The provider permitted to disclose it The recipient The authorized uses and limitations An expiration date or event The authorization must also be signed, dated, and otherwise properly executed. A vague, unlimited, permanent release does not satisfy these safeguards",,WB1-C7-Q015,CTA-MQB-0117,WB1-C7,,CTA Master Flashcard Library v1.0 shared-core record; reconciled to final LCSW Stage 5B workbook/rationale lineage.,"Reconciled August 7, 2026; recheck high-change law, BBS guidance, examination administration, NASW ethics, and federal overlays at Stage 5D/release.","August 7, 2026",1.0,2026-08-07,Synchronized,Shared Core
CTA-EP-002-FC-0160,CTA-FC-0160,CTA-FC-0160,Active,ADAPT-LCSW,Workbook 1,"Informed Consent, Minors & Families",1,7,Working with Parents and Families,Legal Rule,Valid Authorization by a Self-Consenting Minor - Part 2 of 2,"What additional rule, exception, or safeguard applies?",An authorization must contain an appropriate expiration date or event rather than remaining indefinitely effective merely because the client is a minor,"A valid release is not just: “The client signed something.” Check scope, recipient, use, expiration, signature, and date.",WB1-C7-Q015,CTA-MQB-0117,WB1-C7,,CTA Master Flashcard Library v1.0 shared-core record; reconciled to final LCSW Stage 5B workbook/rationale lineage.,"Reconciled August 7, 2026; recheck high-change law, BBS guidance, examination administration, NASW ethics, and federal overlays at Stage 5D/release.","August 7, 2026",1.0,2026-08-07,Synchronized,Shared Core
CTA-EP-002-FC-0161,CTA-FC-0161,CTA-FC-0161,Active,KEEP-LCSW,Workbook 1,"Informed Consent, Minors & Families",1,7,Working with Parents and Families,Legal Rule,Dependency Court Order and Continuing Therapist Authority - Part 1 of 3,"What legal rule, authority, or timing requirement applies?","When a minor has been removed through dependency proceedings, a parent ordinarily may not inspect or copy the minor’s mental-health records. A juvenile court may issue an order authorizing access after finding that access would not be detrimental.",,WB1-C7-Q016,CTA-MQB-0118,WB1-C7,,CTA Master Flashcard Library v1.0 shared-core record; reconciled to final LCSW Stage 5B workbook/rationale lineage.,"Reconciled August 7, 2026; recheck high-change law, BBS guidance, examination administration, NASW ethics, and federal overlays at Stage 5D/release.","August 7, 2026",1.0,2026-08-07,Synchronized,Shared Core
CTA-EP-002-FC-0162,CTA-FC-0162,CTA-FC-0162,Active,ADAPT-LCSW,Workbook 1,"Informed Consent, Minors & Families",1,7,Working with Parents and Families,Legal Rule,Dependency Court Order and Continuing Therapist Authority - Part 2 of 3,"What additional rule, exception, or safeguard applies?","However, Health and Safety Code section 123116 expressly preserves the therapist’s authority under section 123115 to deny the parent’s request when access would detrimentally affect: The therapist’s professional relationship with the minor The minor’s physical safety The minor’s psychological well-being. The therapist should document the individualized good-faith basis for the decision and obtain legal consultation when necessary",,WB1-C7-Q016,CTA-MQB-0118,WB1-C7,,CTA Master Flashcard Library v1.0 shared-core record; reconciled to final LCSW Stage 5B workbook/rationale lineage.,"Reconciled August 7, 2026; recheck high-change law, BBS guidance, examination administration, NASW ethics, and federal overlays at Stage 5D/release.","August 7, 2026",1.0,2026-08-07,Synchronized,Shared Core
CTA-EP-002-FC-0163,CTA-FC-0163,CTA-FC-0163,Active,KEEP-LCSW,Workbook 1,"Informed Consent, Minors & Families",1,7,Working with Parents and Families,Legal Rule,Dependency Court Order and Continuing Therapist Authority - Part 3 of 3,"What additional rule, exception, or safeguard applies?","The minor’s preference may be clinically important, but the statutory question is based on the therapist’s good-faith professional determination - not solely on a verbal objection.","In dependency cases, apply both layers: Is there juvenile court authorization? Does the section 123115 detrimental-effect restriction still apply?",WB1-C7-Q016,CTA-MQB-0118,WB1-C7,,CTA Master Flashcard Library v1.0 shared-core record; reconciled to final LCSW Stage 5B workbook/rationale lineage.,"Reconciled August 7, 2026; recheck high-change law, BBS guidance, examination administration, NASW ethics, and federal overlays at Stage 5D/release.","August 7, 2026",1.0,2026-08-07,Synchronized,Shared Core
CTA-EP-002-FC-0164,CTA-FC-0164,CTA-FC-0164,Active,KEEP-LCSW,Workbook 1,"Informed Consent, Minors & Families",1,7,Working with Parents and Families,Application Principle,"Parent Request, Minor Request, and Protective Record Procedures - Part 1 of 4",What principle should guide the clinician’s decision?,"The parent’s and minor’s requests involve different statutory rights. The Parent’s Request Family Code section 3025 provides that records cannot be denied solely because a parent is noncustodial. However, Health and Safety Code section 123115 separately provides that a minor’s representative is not entitled to records relating to qualifying services the minor lawfully authorized independently. The independent-consent restriction - not the parent’s noncustodial status - is the basis for denying this request.",,WB1-C7-Q017,CTA-MQB-0119,WB1-C7,,CTA Master Flashcard Library v1.0 shared-core record; reconciled to final LCSW Stage 5B workbook/rationale lineage.,"Reconciled August 7, 2026; recheck high-change law, BBS guidance, examination administration, NASW ethics, and federal overlays at Stage 5D/release.","August 7, 2026",1.0,2026-08-07,Synchronized,Shared Core
CTA-EP-002-FC-0165,CTA-FC-0165,CTA-FC-0165,Active,KEEP-LCSW,Workbook 1,"Informed Consent, Minors & Families",1,7,Working with Parents and Families,Application Principle,"Parent Request, Minor Request, and Protective Record Procedures - Part 2 of 4","What additional rule, exception, or safeguard applies?","The Minor’s Request A minor lawfully authorized to consent to the service generally has a right to inspect and obtain the records relating to that type of care. Because the therapist has identified a substantial risk of significant adverse psychological consequences, the therapist may restrict direct access only by following the safeguards in section 123115.",,WB1-C7-Q017,CTA-MQB-0119,WB1-C7,,CTA Master Flashcard Library v1.0 shared-core record; reconciled to final LCSW Stage 5B workbook/rationale lineage.,"Reconciled August 7, 2026; recheck high-change law, BBS guidance, examination administration, NASW ethics, and federal overlays at Stage 5D/release.","August 7, 2026",1.0,2026-08-07,Synchronized,Shared Core
CTA-EP-002-FC-0166,CTA-FC-0166,CTA-FC-0166,Active,ADAPT-LCSW,Workbook 1,"Informed Consent, Minors & Families",1,7,Working with Parents and Families,Application Principle,"Parent Request, Minor Request, and Protective Record Procedures - Part 3 of 4","What additional rule, exception, or safeguard applies?",These include: Documenting the request Explaining the specific anticipated consequences in the record Informing the minor of the refusal Informing the minor of the right to designate a qualifying licensed professional Providing the records to the licensed professional designated by the minor Documenting whether that option was requested The designated professional may review the records but may not permit the minor to inspect or copy them directly through that process,,WB1-C7-Q017,CTA-MQB-0119,WB1-C7,,CTA Master Flashcard Library v1.0 shared-core record; reconciled to final LCSW Stage 5B workbook/rationale lineage.,"Reconciled August 7, 2026; recheck high-change law, BBS guidance, examination administration, NASW ethics, and federal overlays at Stage 5D/release.","August 7, 2026",1.0,2026-08-07,Synchronized,Shared Core
CTA-EP-002-FC-0167,CTA-FC-0167,CTA-FC-0167,Active,ADAPT-LCSW,Workbook 1,"Informed Consent, Minors & Families",1,7,Working with Parents and Families,Application Principle,"Parent Request, Minor Request, and Protective Record Procedures - Part 4 of 4","What additional rule, exception, or safeguard applies?",The therapist must provide the required explanation and professional-review option rather than imposing an undocumented blanket denial,"For competing record requests, identify each requester separately: Who consented to the treatment? Who is requesting the record? What right does that requester ordinarily possess? Does a statutory restriction apply? What procedural safeguards must the therapist follow?",WB1-C7-Q017,CTA-MQB-0119,WB1-C7,,CTA Master Flashcard Library v1.0 shared-core record; reconciled to final LCSW Stage 5B workbook/rationale lineage.,"Reconciled August 7, 2026; recheck high-change law, BBS guidance, examination administration, NASW ethics, and federal overlays at Stage 5D/release.","August 7, 2026",1.0,2026-08-07,Synchronized,Shared Core
CTA-EP-002-FC-0168,CTA-FC-0168,CTA-FC-0168,Active,KEEP-LCSW,Workbook 2,Telehealth & Technology,2,1,Telehealth Foundations,Key Concept,California Definition of Telehealth,What is the key principle to remember?,California Business and Professions Code section 2290.5 defines telehealth broadly as a mode of health-care delivery and includes synchronous and asynchronous methods.,Do not reduce telehealth to video therapy. Look for the broader statutory definition.,WB2-C1-Q001,CTA-MQB-0120,WB2-C1,,CTA Master Flashcard Library v1.0 shared-core record; reconciled to final LCSW Stage 5B workbook/rationale lineage.,"Reconciled August 7, 2026; recheck high-change law, BBS guidance, examination administration, NASW ethics, and federal overlays at Stage 5D/release.","August 7, 2026",1.0,2026-08-07,Synchronized,Shared Core
CTA-EP-002-FC-0169,CTA-FC-0169,CTA-FC-0169,Active,KEEP-LCSW,Workbook 2,Telehealth & Technology,2,1,Telehealth Foundations,Key Concept,Scope and Professional Standards,What is the key principle to remember?,"California law preserves scope limits and applies professional-responsibility, unprofessional-conduct, and standards-of-practice rules to telehealth.","When an answer suggests that technology changes scope or lowers standards, eliminate it.",WB2-C1-Q002,CTA-MQB-0121,WB2-C1,,CTA Master Flashcard Library v1.0 shared-core record; reconciled to final LCSW Stage 5B workbook/rationale lineage.,"Reconciled August 7, 2026; recheck high-change law, BBS guidance, examination administration, NASW ethics, and federal overlays at Stage 5D/release.","August 7, 2026",1.0,2026-08-07,Synchronized,Shared Core
CTA-EP-002-FC-0170,CTA-FC-0170,CTA-FC-0170,Active,KEEP-LCSW,Workbook 2,Telehealth & Technology,2,1,Telehealth Foundations,Application Principle,Therapist Traveling Out of State,What principle should guide the clinician’s decision?,"BBS guidance states that a California licensee who is outside California may serve a client located in California if the license is current and active, the case is appropriate, and the telehealth regulations are followed.",Separate the therapist's travel from the client's location. The client is physically in California.,WB2-C1-Q003,CTA-MQB-0122,WB2-C1,,CTA Master Flashcard Library v1.0 shared-core record; reconciled to final LCSW Stage 5B workbook/rationale lineage.,"Reconciled August 7, 2026; recheck high-change law, BBS guidance, examination administration, NASW ethics, and federal overlays at Stage 5D/release.","August 7, 2026",1.0,2026-08-07,Synchronized,Shared Core
CTA-EP-002-FC-0171,CTA-FC-0171,CTA-FC-0171,Active,KEEP-LCSW,Workbook 2,Telehealth & Technology,2,1,Telehealth Foundations,Legal Rule,Client Location and Interstate Authority,"What legal rule, authority, or timing requirement applies?","Under 16 CCR section 1815.5(e), a California licensee or registrant may serve a client in another jurisdiction only when the therapist meets that jurisdiction's requirements and telehealth is permitted there.","When the client crosses state lines, pause and verify legal authority before relying on continuity or convenience.",WB2-C1-Q004,CTA-MQB-0123,WB2-C1,,CTA Master Flashcard Library v1.0 shared-core record; reconciled to final LCSW Stage 5B workbook/rationale lineage.,"Reconciled August 7, 2026; recheck high-change law, BBS guidance, examination administration, NASW ethics, and federal overlays at Stage 5D/release.","August 7, 2026",1.0,2026-08-07,Synchronized,Shared Core
CTA-EP-002-FC-0172,CTA-FC-0172,CTA-FC-0172,Active,KEEP-LCSW,Workbook 2,Telehealth & Technology,2,1,Telehealth Foundations,Legal Rule,Beginning-of-Session Requirements,"What legal rule, authority, or timing requirement applies?",Section 1815.5 requires the therapist to verbally obtain and document the client's full name and present address at the beginning of each telehealth session and to assess appropriateness.,The phrase 'present address' is a strong exam clue. Do not substitute the address already in the record.,WB2-C1-Q005,CTA-MQB-0124,WB2-C1,,CTA Master Flashcard Library v1.0 shared-core record; reconciled to final LCSW Stage 5B workbook/rationale lineage.,"Reconciled August 7, 2026; recheck high-change law, BBS guidance, examination administration, NASW ethics, and federal overlays at Stage 5D/release.","August 7, 2026",1.0,2026-08-07,Synchronized,Shared Core
CTA-EP-002-FC-0173,CTA-FC-0173,CTA-FC-0173,Active,KEEP-LCSW,Workbook 2,Telehealth & Technology,2,1,Telehealth Foundations,Legal Rule,Initiation Requirements,"What legal rule, authority, or timing requirement applies?",These are the initiation requirements stated in 16 CCR section 1815.5(c) and Business and Professions Code section 2290.5.,"Look for the complete initiation set: consent, risks/limitations, credential information, and local resources.",WB2-C1-Q006,CTA-MQB-0125,WB2-C1,,CTA Master Flashcard Library v1.0 shared-core record; reconciled to final LCSW Stage 5B workbook/rationale lineage.,"Reconciled August 7, 2026; recheck high-change law, BBS guidance, examination administration, NASW ethics, and federal overlays at Stage 5D/release.","August 7, 2026",1.0,2026-08-07,Synchronized,Shared Core
CTA-EP-002-FC-0174,CTA-FC-0174,CTA-FC-0174,Active,KEEP-LCSW,Workbook 2,Telehealth & Technology,2,1,Telehealth Foundations,Application Principle,Balancing Benefits and Limitations,What principle should guide the clinician’s decision?,"Sound telehealth judgment balances access and continuity against the effect of disruptions on assessment, treatment, safety, and client welfare.",California-style questions often reject both extremes. Choose the response that assesses and balances competing factors.,WB2-C1-Q007,CTA-MQB-0126,WB2-C1,,CTA Master Flashcard Library v1.0 shared-core record; reconciled to final LCSW Stage 5B workbook/rationale lineage.,"Reconciled August 7, 2026; recheck high-change law, BBS guidance, examination administration, NASW ethics, and federal overlays at Stage 5D/release.","August 7, 2026",1.0,2026-08-07,Synchronized,Shared Core
CTA-EP-002-FC-0175,CTA-FC-0175,CTA-FC-0175,Active,KEEP-LCSW,Workbook 2,Telehealth & Technology,2,1,Telehealth Foundations,Application Principle,Ongoing Appropriateness,What principle should guide the clinician’s decision?,"Section 1815.5 requires an appropriateness assessment each time telehealth is provided, and the current psychosocial and environmental changes are directly relevant.",A change in symptoms or environment signals an each-session reassessment question.,WB2-C1-Q008,CTA-MQB-0127,WB2-C1,,CTA Master Flashcard Library v1.0 shared-core record; reconciled to final LCSW Stage 5B workbook/rationale lineage.,"Reconciled August 7, 2026; recheck high-change law, BBS guidance, examination administration, NASW ethics, and federal overlays at Stage 5D/release.","August 7, 2026",1.0,2026-08-07,Synchronized,Shared Core
CTA-EP-002-FC-0176,CTA-FC-0176,CTA-FC-0176,Active,KEEP-LCSW,Workbook 2,Telehealth & Technology,2,1,Telehealth Foundations,Application Principle,Present Address Documentation,What principle should guide the clinician’s decision?,A vague confirmation and the note 'at home' do not reflect the full name and present address required by section 1815.5(d)(1).,Watch for vague location language. The regulation is specific: full name and present address.,WB2-C1-Q009,CTA-MQB-0128,WB2-C1,,CTA Master Flashcard Library v1.0 shared-core record; reconciled to final LCSW Stage 5B workbook/rationale lineage.,"Reconciled August 7, 2026; recheck high-change law, BBS guidance, examination administration, NASW ethics, and federal overlays at Stage 5D/release.","August 7, 2026",1.0,2026-08-07,Synchronized,Shared Core
CTA-EP-002-FC-0177,CTA-FC-0177,CTA-FC-0177,Active,KEEP-LCSW,Workbook 2,Telehealth & Technology,2,1,Telehealth Foundations,Application Principle,Telehealth Does Not Expand Scope,What principle should guide the clinician’s decision?,Business and Professions Code section 2290.5(e) states that telehealth does not alter scope or authorize otherwise unlawful delivery.,Separate the delivery method from the underlying service. Telehealth cannot make an unauthorized service lawful.,WB2-C1-Q010,CTA-MQB-0129,WB2-C1,,CTA Master Flashcard Library v1.0 shared-core record; reconciled to final LCSW Stage 5B workbook/rationale lineage.,"Reconciled August 7, 2026; recheck high-change law, BBS guidance, examination administration, NASW ethics, and federal overlays at Stage 5D/release.","August 7, 2026",1.0,2026-08-07,Synchronized,Shared Core
CTA-EP-002-FC-0178,CTA-FC-0178,CTA-FC-0178,Active,KEEP-LCSW,Workbook 2,Telehealth & Technology,2,1,Telehealth Foundations,Application Principle,Technology Failure and Continued Appropriateness,What principle should guide the clinician’s decision?,"The therapist should use clinical judgment, consider privacy and effectiveness, and implement the planned alternative when appropriate.","The best answer is usually assessment plus a reasonable backup response, not automatic continuation or automatic termination.",WB2-C1-Q011,CTA-MQB-0130,WB2-C1,,CTA Master Flashcard Library v1.0 shared-core record; reconciled to final LCSW Stage 5B workbook/rationale lineage.,"Reconciled August 7, 2026; recheck high-change law, BBS guidance, examination administration, NASW ethics, and federal overlays at Stage 5D/release.","August 7, 2026",1.0,2026-08-07,Synchronized,Shared Core
CTA-EP-002-FC-0179,CTA-FC-0179,CTA-FC-0179,Active,ADAPT-LCSW,Workbook 2,Telehealth & Technology,2,1,Telehealth Foundations,Application Principle,California Registrant Serving Out-of-State Client,What principle should guide the clinician’s decision?,"The client’s Nevada location triggers Nevada’s practice requirements, while the ASW must also remain compliant with California registration, employment, and supervision rules.","For ASWs, analyze both jurisdictions and preserve California employment and supervision requirements.",WB2-C1-Q012,CTA-MQB-0131,WB2-C1,,CTA Master Flashcard Library v1.0 shared-core record; reconciled to final LCSW Stage 5B workbook/rationale lineage.,"Reconciled August 7, 2026; recheck high-change law, BBS guidance, examination administration, NASW ethics, and federal overlays at Stage 5D/release.","August 7, 2026",1.0,2026-08-07,Synchronized,Shared Core
CTA-EP-002-FC-0180,CTA-FC-0180,CTA-FC-0180,Active,KEEP-LCSW,Workbook 2,Telehealth & Technology,2,1,Telehealth Foundations,Application Principle,Temporary Practice Allowance,What principle should guide the clinician’s decision?,"The allowance is limited, applies to qualifying independent licensees and existing clients, lasts 30 consecutive days, and may be granted only once per calendar year.","The words 'existing client visiting California' suggest the narrow allowance, but never assume it is automatic.",WB2-C1-Q013,CTA-MQB-0132,WB2-C1,,CTA Master Flashcard Library v1.0 shared-core record; reconciled to final LCSW Stage 5B workbook/rationale lineage.,"Reconciled August 7, 2026; recheck high-change law, BBS guidance, examination administration, NASW ethics, and federal overlays at Stage 5D/release.","August 7, 2026",1.0,2026-08-07,Synchronized,Shared Core
CTA-EP-002-FC-0181,CTA-FC-0181,CTA-FC-0181,Active,KEEP-LCSW,Workbook 2,Telehealth & Technology,2,1,Telehealth Foundations,Application Principle,Unknown Location During Acute Risk,What principle should guide the clinician’s decision?,The therapist needs the present location to coordinate immediate safety action and should address location and risk without unnecessary delay.,"In acute-risk telehealth questions, location is not paperwork; it is part of the safety intervention.",WB2-C1-Q014,CTA-MQB-0133,WB2-C1,,CTA Master Flashcard Library v1.0 shared-core record; reconciled to final LCSW Stage 5B workbook/rationale lineage.,"Reconciled August 7, 2026; recheck high-change law, BBS guidance, examination administration, NASW ethics, and federal overlays at Stage 5D/release.","August 7, 2026",1.0,2026-08-07,Synchronized,Shared Core
CTA-EP-002-FC-0182,CTA-FC-0182,CTA-FC-0182,Active,KEEP-LCSW,Workbook 2,Telehealth & Technology,2,1,Telehealth Foundations,Application Principle,Technology Competence,What principle should guide the clinician’s decision?,"Professional competence includes understanding the tools used in practice, their limitations, and their effect on confidentiality, safety, and treatment.",Licensure and experience are not substitutes for specific competence.,WB2-C1-Q015,CTA-MQB-0134,WB2-C1,,CTA Master Flashcard Library v1.0 shared-core record; reconciled to final LCSW Stage 5B workbook/rationale lineage.,"Reconciled August 7, 2026; recheck high-change law, BBS guidance, examination administration, NASW ethics, and federal overlays at Stage 5D/release.","August 7, 2026",1.0,2026-08-07,Synchronized,Shared Core
CTA-EP-002-FC-0183,CTA-FC-0183,CTA-FC-0183,Active,KEEP-LCSW,Workbook 2,Telehealth & Technology,2,1,Telehealth Foundations,Application Principle,Permanent Interstate Relocation and Continuity,What principle should guide the clinician’s decision?,"Client need and continuity are important, but they do not override Arizona's authority to regulate services delivered to a person located there.",The exam may make the unauthorized option feel compassionate. Choose lawful continuity planning rather than unauthorized continuation.,WB2-C1-Q016,CTA-MQB-0135,WB2-C1,,CTA Master Flashcard Library v1.0 shared-core record; reconciled to final LCSW Stage 5B workbook/rationale lineage.,"Reconciled August 7, 2026; recheck high-change law, BBS guidance, examination administration, NASW ethics, and federal overlays at Stage 5D/release.","August 7, 2026",1.0,2026-08-07,Synchronized,Shared Core
CTA-EP-002-FC-0184,CTA-FC-0184,CTA-FC-0184,Active,KEEP-LCSW,Workbook 2,Telehealth & Technology,2,1,Telehealth Foundations,Application Principle,Integrated Telehealth Foundations,What principle should guide the clinician’s decision?,"Correct the missing initiation requirements, obtain and document the client's full name and present address at each session, reassess telehealth appropriateness, address safety and continuity needs, and document or consult as clinically indicated. This response integrates initiation duties, each-session requirements, ongoing appropriateness, safety, documentation, and professional judgment.","For an integrated question, choose the answer that addresses every material problem without relying on a single form, platform, or extreme action.",WB2-C1-Q017,CTA-MQB-0136,WB2-C1,,CTA Master Flashcard Library v1.0 shared-core record; reconciled to final LCSW Stage 5B workbook/rationale lineage.,"Reconciled August 7, 2026; recheck high-change law, BBS guidance, examination administration, NASW ethics, and federal overlays at Stage 5D/release.","August 7, 2026",1.0,2026-08-07,Synchronized,Shared Core
CTA-EP-002-FC-0185,CTA-FC-0185,CTA-FC-0185,Active,KEEP-LCSW,Workbook 2,Telehealth & Technology,2,2,Telehealth Informed Consent,Key Concept,Form of Telehealth Consent,What is the key principle to remember?,The statute permits verbal or written consent and requires documentation of the consent.,Eliminate answers that impose a written-form requirement not found in the statute.,WB2-C2-Q001,CTA-MQB-0137,WB2-C2,,CTA Master Flashcard Library v1.0 shared-core record; reconciled to final LCSW Stage 5B workbook/rationale lineage.,"Reconciled August 7, 2026; recheck high-change law, BBS guidance, examination administration, NASW ethics, and federal overlays at Stage 5D/release.","August 7, 2026",1.0,2026-08-07,Synchronized,Shared Core
CTA-EP-002-FC-0186,CTA-FC-0186,CTA-FC-0186,Active,KEEP-LCSW,Workbook 2,Telehealth & Technology,2,2,Telehealth Informed Consent,First-Step Rule,Timing of Consent,What is the strongest first response or sequence?,Section 2290.5 requires the client to be informed and consent obtained before telehealth delivery.,The statutory phrase is “before the delivery” of telehealth.,WB2-C2-Q002,CTA-MQB-0138,WB2-C2,,CTA Master Flashcard Library v1.0 shared-core record; reconciled to final LCSW Stage 5B workbook/rationale lineage.,"Reconciled August 7, 2026; recheck high-change law, BBS guidance, examination administration, NASW ethics, and federal overlays at Stage 5D/release.","August 7, 2026",1.0,2026-08-07,Synchronized,Shared Core
CTA-EP-002-FC-0187,CTA-FC-0187,CTA-FC-0187,Active,KEEP-LCSW,Workbook 2,Telehealth & Technology,2,2,Telehealth Informed Consent,Application Principle,Transition to Telehealth,What principle should guide the clinician’s decision?,The change from in-person treatment to video initiates telehealth and triggers the consent and BBS initiation duties.,A change in delivery mode can trigger telehealth initiation even when treatment itself is not new.,WB2-C2-Q003,CTA-MQB-0139,WB2-C2,,CTA Master Flashcard Library v1.0 shared-core record; reconciled to final LCSW Stage 5B workbook/rationale lineage.,"Reconciled August 7, 2026; recheck high-change law, BBS guidance, examination administration, NASW ethics, and federal overlays at Stage 5D/release.","August 7, 2026",1.0,2026-08-07,Synchronized,Shared Core
CTA-EP-002-FC-0188,CTA-FC-0188,CTA-FC-0188,Active,KEEP-LCSW,Workbook 2,Telehealth & Technology,2,2,Telehealth Informed Consent,Key Concept,BBS Credential Disclosure,What is the key principle to remember?,Section 1815.5(c)(3) requires the credential type and number.,"When the question asks what must be provided, look for the exact BBS credential information.",WB2-C2-Q004,CTA-MQB-0140,WB2-C2,,CTA Master Flashcard Library v1.0 shared-core record; reconciled to final LCSW Stage 5B workbook/rationale lineage.,"Reconciled August 7, 2026; recheck high-change law, BBS guidance, examination administration, NASW ethics, and federal overlays at Stage 5D/release.","August 7, 2026",1.0,2026-08-07,Synchronized,Shared Core
CTA-EP-002-FC-0189,CTA-FC-0189,CTA-FC-0189,Active,KEEP-LCSW,Workbook 2,Telehealth & Technology,2,2,Telehealth Informed Consent,Application Principle,Documentation of Consent,What principle should guide the clinician’s decision?,The defect is not the verbal form; it is the absence of documentation.,Separate the form of consent from the documentation requirement.,WB2-C2-Q005,CTA-MQB-0141,WB2-C2,,CTA Master Flashcard Library v1.0 shared-core record; reconciled to final LCSW Stage 5B workbook/rationale lineage.,"Reconciled August 7, 2026; recheck high-change law, BBS guidance, examination administration, NASW ethics, and federal overlays at Stage 5D/release.","August 7, 2026",1.0,2026-08-07,Synchronized,Shared Core
CTA-EP-002-FC-0190,CTA-FC-0190,CTA-FC-0190,Active,KEEP-LCSW,Workbook 2,Telehealth & Technology,2,2,Telehealth Informed Consent,Legal Rule,Complete BBS Initiation Requirements,"What legal rule, authority, or timing requirement applies?","Obtain and document verbal or written telehealth consent, explain potential risks and limitations, provide credential type and number, and document reasonable efforts to identify relevant resources including emergency services in the client's geographic area. This answer contains the four initiation requirements in section 1815.5(c).",Memorize the four-part initiation set rather than selecting a partially correct checklist.,WB2-C2-Q006,CTA-MQB-0142,WB2-C2,,CTA Master Flashcard Library v1.0 shared-core record; reconciled to final LCSW Stage 5B workbook/rationale lineage.,"Reconciled August 7, 2026; recheck high-change law, BBS guidance, examination administration, NASW ethics, and federal overlays at Stage 5D/release.","August 7, 2026",1.0,2026-08-07,Synchronized,Shared Core
CTA-EP-002-FC-0191,CTA-FC-0191,CTA-FC-0191,Active,KEEP-LCSW,Workbook 2,Telehealth & Technology,2,2,Telehealth Informed Consent,Legal Rule,Separate Form Not Required,"What legal rule, authority, or timing requirement applies?",The law does not mandate a separate form if the comprehensive process satisfies the telehealth requirements.,Do not confuse a required process with a required document format.,WB2-C2-Q007,CTA-MQB-0143,WB2-C2,,CTA Master Flashcard Library v1.0 shared-core record; reconciled to final LCSW Stage 5B workbook/rationale lineage.,"Reconciled August 7, 2026; recheck high-change law, BBS guidance, examination administration, NASW ethics, and federal overlays at Stage 5D/release.","August 7, 2026",1.0,2026-08-07,Synchronized,Shared Core
CTA-EP-002-FC-0192,CTA-FC-0192,CTA-FC-0192,Active,KEEP-LCSW,Workbook 2,Telehealth & Technology,2,2,Telehealth Informed Consent,Application Principle,Generic Signature Is Insufficient,What principle should guide the clinician’s decision?,"A generic signature cannot substitute for informing the client, obtaining telehealth consent, documenting it, and providing the BBS-required information.",A signature is evidence only of what the document and surrounding process actually covered.,WB2-C2-Q008,CTA-MQB-0144,WB2-C2,,CTA Master Flashcard Library v1.0 shared-core record; reconciled to final LCSW Stage 5B workbook/rationale lineage.,"Reconciled August 7, 2026; recheck high-change law, BBS guidance, examination administration, NASW ethics, and federal overlays at Stage 5D/release.","August 7, 2026",1.0,2026-08-07,Synchronized,Shared Core
CTA-EP-002-FC-0193,CTA-FC-0193,CTA-FC-0193,Active,KEEP-LCSW,Workbook 2,Telehealth & Technology,2,2,Telehealth Informed Consent,Application Principle,In-Person Care After Telehealth Consent,What principle should guide the clinician’s decision?,"In-person care remains possible, although the particular option depends on availability, legality, and clinical appropriateness.",Do not turn the right to receive in-person care into a guarantee that one provider must offer every format.,WB2-C2-Q009,CTA-MQB-0145,WB2-C2,,CTA Master Flashcard Library v1.0 shared-core record; reconciled to final LCSW Stage 5B workbook/rationale lineage.,"Reconciled August 7, 2026; recheck high-change law, BBS guidance, examination administration, NASW ethics, and federal overlays at Stage 5D/release.","August 7, 2026",1.0,2026-08-07,Synchronized,Shared Core
CTA-EP-002-FC-0194,CTA-FC-0194,CTA-FC-0194,Active,KEEP-LCSW,Workbook 2,Telehealth & Technology,2,2,Telehealth Informed Consent,Application Principle,Local Emergency Resources,What principle should guide the clinician’s decision?,"Documentation of reasonable efforts to ascertain contact information for relevant resources, including emergency services, in the client's geographic area. This is the express local-resource requirement in section 1815.5(c)(4).",Choose the precise local-resource requirement rather than a broader crisis-practice recommendation.,WB2-C2-Q010,CTA-MQB-0146,WB2-C2,,CTA Master Flashcard Library v1.0 shared-core record; reconciled to final LCSW Stage 5B workbook/rationale lineage.,"Reconciled August 7, 2026; recheck high-change law, BBS guidance, examination administration, NASW ethics, and federal overlays at Stage 5D/release.","August 7, 2026",1.0,2026-08-07,Synchronized,Shared Core
CTA-EP-002-FC-0195,CTA-FC-0195,CTA-FC-0195,Active,KEEP-LCSW,Workbook 2,Telehealth & Technology,2,2,Telehealth Informed Consent,Application Principle,Material Change and Updated Discussion,What principle should guide the clinician’s decision?,A material platform change should prompt a tailored update to the informed-consent process and documentation.,"The trigger is material change, not merely the passage of time.",WB2-C2-Q011,CTA-MQB-0147,WB2-C2,,CTA Master Flashcard Library v1.0 shared-core record; reconciled to final LCSW Stage 5B workbook/rationale lineage.,"Reconciled August 7, 2026; recheck high-change law, BBS guidance, examination administration, NASW ethics, and federal overlays at Stage 5D/release.","August 7, 2026",1.0,2026-08-07,Synchronized,Shared Core
CTA-EP-002-FC-0196,CTA-FC-0196,CTA-FC-0196,Active,KEEP-LCSW,Workbook 2,Telehealth & Technology,2,2,Telehealth Informed Consent,Application Principle,Client Misunderstanding,What principle should guide the clinician’s decision?,"The client's misunderstanding and changed willingness require renewed discussion, clinical assessment, and documentation.","When the client reveals a misunderstanding, repair the informed-consent process before choosing an extreme action.",WB2-C2-Q012,CTA-MQB-0148,WB2-C2,,CTA Master Flashcard Library v1.0 shared-core record; reconciled to final LCSW Stage 5B workbook/rationale lineage.,"Reconciled August 7, 2026; recheck high-change law, BBS guidance, examination administration, NASW ethics, and federal overlays at Stage 5D/release.","August 7, 2026",1.0,2026-08-07,Synchronized,Shared Core
CTA-EP-002-FC-0197,CTA-FC-0197,CTA-FC-0197,Active,KEEP-LCSW,Workbook 2,Telehealth & Technology,2,2,Telehealth Informed Consent,Distinction,Consent vs. Each-Session Duties,How should these concepts be separated on the exam?,California separates initiation consent from the recurring full-name and present-address requirement.,Identify whether the question tests initiation duties or each-session duties; they are related but not interchangeable.,WB2-C2-Q013,CTA-MQB-0149,WB2-C2,,CTA Master Flashcard Library v1.0 shared-core record; reconciled to final LCSW Stage 5B workbook/rationale lineage.,"Reconciled August 7, 2026; recheck high-change law, BBS guidance, examination administration, NASW ethics, and federal overlays at Stage 5D/release.","August 7, 2026",1.0,2026-08-07,Synchronized,Shared Core
CTA-EP-002-FC-0198,CTA-FC-0198,CTA-FC-0198,Active,KEEP-LCSW,Workbook 2,Telehealth & Technology,2,2,Telehealth Informed Consent,Application Principle,Recording Consent,What principle should guide the clinician’s decision?,Penal Code section 632 generally requires all-party consent for recording confidential communications.,"Whenever recording appears, stop treating the question as ordinary telehealth consent.",WB2-C2-Q014,CTA-MQB-0150,WB2-C2,,CTA Master Flashcard Library v1.0 shared-core record; reconciled to final LCSW Stage 5B workbook/rationale lineage.,"Reconciled August 7, 2026; recheck high-change law, BBS guidance, examination administration, NASW ethics, and federal overlays at Stage 5D/release.","August 7, 2026",1.0,2026-08-07,Synchronized,Shared Core
CTA-EP-002-FC-0199,CTA-FC-0199,CTA-FC-0199,Active,KEEP-LCSW,Workbook 2,Telehealth & Technology,2,2,Telehealth Informed Consent,Application Principle,Voluntary Participation and Limited Options,What principle should guide the clinician’s decision?,The therapist should support informed choice while honestly addressing the limits of the therapist's practice and continuity needs.,Do not confuse client autonomy with a requirement that one therapist personally provide every preferred option.,WB2-C2-Q015,CTA-MQB-0151,WB2-C2,,CTA Master Flashcard Library v1.0 shared-core record; reconciled to final LCSW Stage 5B workbook/rationale lineage.,"Reconciled August 7, 2026; recheck high-change law, BBS guidance, examination administration, NASW ethics, and federal overlays at Stage 5D/release.","August 7, 2026",1.0,2026-08-07,Synchronized,Shared Core
CTA-EP-002-FC-0200,CTA-FC-0200,CTA-FC-0200,Active,KEEP-LCSW,Workbook 2,Telehealth & Technology,2,2,Telehealth Informed Consent,Application Principle,Effect of Noncompliance,What principle should guide the clinician’s decision?,Section 2290.5(d) expressly classifies failure to comply as unprofessional conduct.,"Choose the consequence the statute actually states, not an exaggerated remedy.",WB2-C2-Q016,CTA-MQB-0152,WB2-C2,,CTA Master Flashcard Library v1.0 shared-core record; reconciled to final LCSW Stage 5B workbook/rationale lineage.,"Reconciled August 7, 2026; recheck high-change law, BBS guidance, examination administration, NASW ethics, and federal overlays at Stage 5D/release.","August 7, 2026",1.0,2026-08-07,Synchronized,Shared Core
CTA-EP-002-FC-0201,CTA-FC-0201,CTA-FC-0201,Active,KEEP-LCSW,Workbook 2,Telehealth & Technology,2,2,Telehealth Informed Consent,Application Principle,Integrated Telehealth Informed Consent,What principle should guide the clinician’s decision?,"Complete and document the missing telehealth initiation process, explain material platform and recording issues, address the client's questions and voluntary choice, evaluate lawful alternatives or referral, and document the corrective actions. This answer addresses initiation consent, BBS disclosures, material changes, recording consent, client autonomy, alternatives, and documentation.",Integrated questions require a response that fixes every material defect without relying on a signature or an extreme action.,WB2-C2-Q017,CTA-MQB-0153,WB2-C2,,CTA Master Flashcard Library v1.0 shared-core record; reconciled to final LCSW Stage 5B workbook/rationale lineage.,"Reconciled August 7, 2026; recheck high-change law, BBS guidance, examination administration, NASW ethics, and federal overlays at Stage 5D/release.","August 7, 2026",1.0,2026-08-07,Synchronized,Shared Core
CTA-EP-002-FC-0202,CTA-FC-0202,CTA-FC-0202,Active,KEEP-LCSW,Workbook 2,Telehealth & Technology,2,3,Telehealth Privacy and Security,Risk Management,"Privacy, Confidentiality, and Security",What risk-management principle should guide the response?,"Privacy concerns access and observation, confidentiality concerns professional use and disclosure, and security concerns administrative, physical, and technical protection.",Define the problem before solving it. The exam may use one word while the facts involve all three.,WB2-C3-Q001,CTA-MQB-0154,WB2-C3,,CTA Master Flashcard Library v1.0 shared-core record; reconciled to final LCSW Stage 5B workbook/rationale lineage.,"Reconciled August 7, 2026; recheck high-change law, BBS guidance, examination administration, NASW ethics, and federal overlays at Stage 5D/release.","August 7, 2026",1.0,2026-08-07,Synchronized,Shared Core
CTA-EP-002-FC-0203,CTA-FC-0203,CTA-FC-0203,Active,KEEP-LCSW,Workbook 2,Telehealth & Technology,2,3,Telehealth Privacy and Security,Legal Rule,BBS Telehealth Security Requirement,"What legal rule, authority, or timing requirement applies?","Section 1815.5(d)(3) expressly requires compliance with applicable privacy, confidentiality, and security laws and identifies the CMIA and HIPAA security standards.","Look for the regulation’s actual duty, not an invented product list, guarantee, or repeated authorization.",WB2-C3-Q002,CTA-MQB-0155,WB2-C3,,CTA Master Flashcard Library v1.0 shared-core record; reconciled to final LCSW Stage 5B workbook/rationale lineage.,"Reconciled August 7, 2026; recheck high-change law, BBS guidance, examination administration, NASW ethics, and federal overlays at Stage 5D/release.","August 7, 2026",1.0,2026-08-07,Synchronized,Shared Core
CTA-EP-002-FC-0204,CTA-FC-0204,CTA-FC-0204,Active,KEEP-LCSW,Workbook 2,Telehealth & Technology,2,3,Telehealth Privacy and Security,Application Principle,Secure Platform Limitation,What principle should guide the clinician’s decision?,Telehealth privacy requires attention to the physical environment as well as the technology.,"When the facts involve an open room or visible screen, do not let the word “encrypted” distract you.",WB2-C3-Q003,CTA-MQB-0156,WB2-C3,,CTA Master Flashcard Library v1.0 shared-core record; reconciled to final LCSW Stage 5B workbook/rationale lineage.,"Reconciled August 7, 2026; recheck high-change law, BBS guidance, examination administration, NASW ethics, and federal overlays at Stage 5D/release.","August 7, 2026",1.0,2026-08-07,Synchronized,Shared Core
CTA-EP-002-FC-0205,CTA-FC-0205,CTA-FC-0205,Active,KEEP-LCSW,Workbook 2,Telehealth & Technology,2,3,Telehealth Privacy and Security,Legal Rule,CMIA and Federal HIPAA,"What legal rule, authority, or timing requirement applies?","The CMIA is California law, while federal HIPAA directly applies to covered entities and business associates; California BBS telehealth rules also expressly reference both frameworks. This statement accurately distinguishes the frameworks while recognizing the BBS telehealth regulation.",Avoid the common distractor that treats HIPAA as the only source of confidentiality law.,WB2-C3-Q004,CTA-MQB-0157,WB2-C3,,CTA Master Flashcard Library v1.0 shared-core record; reconciled to final LCSW Stage 5B workbook/rationale lineage.,"Reconciled August 7, 2026; recheck high-change law, BBS guidance, examination administration, NASW ethics, and federal overlays at Stage 5D/release.","August 7, 2026",1.0,2026-08-07,Synchronized,Shared Core
CTA-EP-002-FC-0206,CTA-FC-0206,CTA-FC-0206,Active,KEEP-LCSW,Workbook 2,Telehealth & Technology,2,3,Telehealth Privacy and Security,Application Principle,Client Environment,What principle should guide the clinician’s decision?,The therapist should address the active exposure and use clinical judgment to restore privacy or modify the session.,"The best first response to environmental exposure is usually pause, assess, and restore privacy.",WB2-C3-Q005,CTA-MQB-0158,WB2-C3,,CTA Master Flashcard Library v1.0 shared-core record; reconciled to final LCSW Stage 5B workbook/rationale lineage.,"Reconciled August 7, 2026; recheck high-change law, BBS guidance, examination administration, NASW ethics, and federal overlays at Stage 5D/release.","August 7, 2026",1.0,2026-08-07,Synchronized,Shared Core
CTA-EP-002-FC-0207,CTA-FC-0207,CTA-FC-0207,Active,KEEP-LCSW,Workbook 2,Telehealth & Technology,2,3,Telehealth Privacy and Security,Application Principle,Therapist Environment,What principle should guide the clinician’s decision?,The therapist should control foreseeable environmental technology risks before continuing.,"Environmental risk includes devices that listen, not only people who are physically present.",WB2-C3-Q006,CTA-MQB-0159,WB2-C3,,CTA Master Flashcard Library v1.0 shared-core record; reconciled to final LCSW Stage 5B workbook/rationale lineage.,"Reconciled August 7, 2026; recheck high-change law, BBS guidance, examination administration, NASW ethics, and federal overlays at Stage 5D/release.","August 7, 2026",1.0,2026-08-07,Synchronized,Shared Core
CTA-EP-002-FC-0208,CTA-FC-0208,CTA-FC-0208,Active,KEEP-LCSW,Workbook 2,Telehealth & Technology,2,3,Telehealth Privacy and Security,Application Principle,Unexpected Third Party,What principle should guide the clinician’s decision?,The therapist should determine who is present and whether the client can voluntarily and privately continue.,Unexpected presence calls for clarification before either continuing or taking an extreme action.,WB2-C3-Q007,CTA-MQB-0160,WB2-C3,,CTA Master Flashcard Library v1.0 shared-core record; reconciled to final LCSW Stage 5B workbook/rationale lineage.,"Reconciled August 7, 2026; recheck high-change law, BBS guidance, examination administration, NASW ethics, and federal overlays at Stage 5D/release.","August 7, 2026",1.0,2026-08-07,Synchronized,Shared Core
CTA-EP-002-FC-0209,CTA-FC-0209,CTA-FC-0209,Active,KEEP-LCSW,Workbook 2,Telehealth & Technology,2,3,Telehealth Privacy and Security,Application Principle,Vendor Marketing Claims,What principle should guide the clinician’s decision?,"Marketing language must be verified through risk analysis, contractual review, configuration, and other compliance steps.",“Certified” and “compliant” are marketing clues. Look for independent assessment rather than blind reliance.,WB2-C3-Q008,CTA-MQB-0161,WB2-C3,,CTA Master Flashcard Library v1.0 shared-core record; reconciled to final LCSW Stage 5B workbook/rationale lineage.,"Reconciled August 7, 2026; recheck high-change law, BBS guidance, examination administration, NASW ethics, and federal overlays at Stage 5D/release.","August 7, 2026",1.0,2026-08-07,Synchronized,Shared Core
CTA-EP-002-FC-0210,CTA-FC-0210,CTA-FC-0210,Active,KEEP-LCSW,Workbook 2,Telehealth & Technology,2,3,Telehealth Privacy and Security,Application Principle,Workplace Device and Network,What principle should guide the clinician’s decision?,"The therapist should educate, explore safeguards, and assess appropriateness.",A private room can still contain an insecure or monitored device. Evaluate both layers.,WB2-C3-Q009,CTA-MQB-0162,WB2-C3,,CTA Master Flashcard Library v1.0 shared-core record; reconciled to final LCSW Stage 5B workbook/rationale lineage.,"Reconciled August 7, 2026; recheck high-change law, BBS guidance, examination administration, NASW ethics, and federal overlays at Stage 5D/release.","August 7, 2026",1.0,2026-08-07,Synchronized,Shared Core
CTA-EP-002-FC-0211,CTA-FC-0211,CTA-FC-0211,Active,KEEP-LCSW,Workbook 2,Telehealth & Technology,2,3,Telehealth Privacy and Security,Application Principle,Business Associate Agreement,What principle should guide the clinician’s decision?,"A BAA is generally required for a covered entity’s business associate, but it is only one part of compliance.","Do not choose an absolute. Analyze covered-entity status, vendor function, contract, and safeguards.",WB2-C3-Q010,CTA-MQB-0163,WB2-C3,,CTA Master Flashcard Library v1.0 shared-core record; reconciled to final LCSW Stage 5B workbook/rationale lineage.,"Reconciled August 7, 2026; recheck high-change law, BBS guidance, examination administration, NASW ethics, and federal overlays at Stage 5D/release.","August 7, 2026",1.0,2026-08-07,Synchronized,Shared Core
CTA-EP-002-FC-0212,CTA-FC-0212,CTA-FC-0212,Active,KEEP-LCSW,Workbook 2,Telehealth & Technology,2,3,Telehealth Privacy and Security,Application Principle,Recording and Transcription,What principle should guide the clinician’s decision?,"The therapist must separately analyze consent, purpose, security, retention, and vendor handling.","Treat recording and transcription as separate data-creation events, not ordinary telehealth features.",WB2-C3-Q011,CTA-MQB-0164,WB2-C3,,CTA Master Flashcard Library v1.0 shared-core record; reconciled to final LCSW Stage 5B workbook/rationale lineage.,"Reconciled August 7, 2026; recheck high-change law, BBS guidance, examination administration, NASW ethics, and federal overlays at Stage 5D/release.","August 7, 2026",1.0,2026-08-07,Synchronized,Shared Core
CTA-EP-002-FC-0213,CTA-FC-0213,CTA-FC-0213,Active,KEEP-LCSW,Workbook 2,Telehealth & Technology,2,3,Telehealth Privacy and Security,Risk Management,Lost Device Incident Response,What risk-management principle should guide the response?,Immediate containment and fact assessment are necessary to determine risk and required next steps.,"Incident first steps are containment and assessment, not waiting, deleting, or making unsupported conclusions.",WB2-C3-Q012,CTA-MQB-0165,WB2-C3,,CTA Master Flashcard Library v1.0 shared-core record; reconciled to final LCSW Stage 5B workbook/rationale lineage.,"Reconciled August 7, 2026; recheck high-change law, BBS guidance, examination administration, NASW ethics, and federal overlays at Stage 5D/release.","August 7, 2026",1.0,2026-08-07,Synchronized,Shared Core
CTA-EP-002-FC-0214,CTA-FC-0214,CTA-FC-0214,Active,KEEP-LCSW,Workbook 2,Telehealth & Technology,2,3,Telehealth Privacy and Security,Application Principle,Unauthorized Participant and Exposure Assessment,What principle should guide the clinician’s decision?,"The therapist should contain, investigate, document, consult, and notify according to the facts and governing requirements.","For sophisticated incident questions, choose the complete response that separates containment from legal breach determination.",WB2-C3-Q013,CTA-MQB-0166,WB2-C3,,CTA Master Flashcard Library v1.0 shared-core record; reconciled to final LCSW Stage 5B workbook/rationale lineage.,"Reconciled August 7, 2026; recheck high-change law, BBS guidance, examination administration, NASW ethics, and federal overlays at Stage 5D/release.","August 7, 2026",1.0,2026-08-07,Synchronized,Shared Core
CTA-EP-002-FC-0215,CTA-FC-0215,CTA-FC-0215,Active,KEEP-LCSW,Workbook 2,Telehealth & Technology,2,3,Telehealth Privacy and Security,Legal Rule,HIPAA Scope and California BBS Duties,"What legal rule, authority, or timing requirement applies?",The answer distinguishes direct federal HIPAA scope from California’s own confidentiality and telehealth regulatory requirements.,This is a dual-framework question. Do not collapse federal HIPAA status and California BBS duties into one issue.,WB2-C3-Q014,CTA-MQB-0167,WB2-C3,,CTA Master Flashcard Library v1.0 shared-core record; reconciled to final LCSW Stage 5B workbook/rationale lineage.,"Reconciled August 7, 2026; recheck high-change law, BBS guidance, examination administration, NASW ethics, and federal overlays at Stage 5D/release.","August 7, 2026",1.0,2026-08-07,Synchronized,Shared Core
CTA-EP-002-FC-0216,CTA-FC-0216,CTA-FC-0216,Active,KEEP-LCSW,Workbook 2,Telehealth & Technology,2,3,Telehealth Privacy and Security,Application Principle,Coercion and Hidden Listener,What principle should guide the clinician’s decision?,The therapist should assess privacy and safety carefully without escalating a potentially controlling situation.,"When coercion may be present, privacy assessment is also a safety assessment. Avoid actions that could escalate danger.",WB2-C3-Q015,CTA-MQB-0168,WB2-C3,,CTA Master Flashcard Library v1.0 shared-core record; reconciled to final LCSW Stage 5B workbook/rationale lineage.,"Reconciled August 7, 2026; recheck high-change law, BBS guidance, examination administration, NASW ethics, and federal overlays at Stage 5D/release.","August 7, 2026",1.0,2026-08-07,Synchronized,Shared Core
CTA-EP-002-FC-0217,CTA-FC-0217,CTA-FC-0217,Active,KEEP-LCSW,Workbook 2,Telehealth & Technology,2,3,Telehealth Privacy and Security,Application Principle,Encrypted Cloud Storage and BAA,What principle should guide the clinician’s decision?,HHS guidance states that a cloud provider maintaining encrypted ePHI can be a business associate even without the decryption key.,The key verb is “maintains.” A no-view cloud vendor can still be a business associate.,WB2-C3-Q016,CTA-MQB-0169,WB2-C3,,CTA Master Flashcard Library v1.0 shared-core record; reconciled to final LCSW Stage 5B workbook/rationale lineage.,"Reconciled August 7, 2026; recheck high-change law, BBS guidance, examination administration, NASW ethics, and federal overlays at Stage 5D/release.","August 7, 2026",1.0,2026-08-07,Synchronized,Shared Core
CTA-EP-002-FC-0218,CTA-FC-0218,CTA-FC-0218,Active,KEEP-LCSW,Workbook 2,Telehealth & Technology,2,3,Telehealth Privacy and Security,Risk Management,Integrated Privacy and Security Response,What risk-management principle should guide the response?,"The response addresses the active incident, environmental privacy, recording, vendor compliance, documentation, and legally required follow-up.",Integrated questions reward the answer that addresses every material problem in a lawful sequence without relying on one document or an extreme reaction.,WB2-C3-Q017,CTA-MQB-0170,WB2-C3,,CTA Master Flashcard Library v1.0 shared-core record; reconciled to final LCSW Stage 5B workbook/rationale lineage.,"Reconciled August 7, 2026; recheck high-change law, BBS guidance, examination administration, NASW ethics, and federal overlays at Stage 5D/release.","August 7, 2026",1.0,2026-08-07,Synchronized,Shared Core
CTA-EP-002-FC-0219,CTA-FC-0219,CTA-FC-0219,Active,KEEP-LCSW,Workbook 2,Telehealth & Technology,2,4,"Technology, Electronic Communication, and Professional Responsibilities",Key Concept,Electronic Communication Categories,What is the key principle to remember?,"California telehealth includes asynchronous delivery of health-care services, and symptom assessment plus treatment guidance is clinical care.","Look at the purpose and content, not merely the fact that technology was used.",WB2-C4-Q001,CTA-MQB-0171,WB2-C4,,CTA Master Flashcard Library v1.0 shared-core record; reconciled to final LCSW Stage 5B workbook/rationale lineage.,"Reconciled August 7, 2026; recheck high-change law, BBS guidance, examination administration, NASW ethics, and federal overlays at Stage 5D/release.","August 7, 2026",1.0,2026-08-07,Synchronized,Shared Core
CTA-EP-002-FC-0220,CTA-FC-0220,CTA-FC-0220,Active,KEEP-LCSW,Workbook 2,Telehealth & Technology,2,4,"Technology, Electronic Communication, and Professional Responsibilities",Risk Management,Email and Reasonable Safeguards,What risk-management principle should guide the response?,The governing principle is reasonable safeguards and protection appropriate to the communication and risk.,"Avoid absolute words such as “never,” “only,” and “automatic” when official guidance uses a reasonable-safeguards standard.",WB2-C4-Q002,CTA-MQB-0172,WB2-C4,,CTA Master Flashcard Library v1.0 shared-core record; reconciled to final LCSW Stage 5B workbook/rationale lineage.,"Reconciled August 7, 2026; recheck high-change law, BBS guidance, examination administration, NASW ethics, and federal overlays at Stage 5D/release.","August 7, 2026",1.0,2026-08-07,Synchronized,Shared Core
CTA-EP-002-FC-0221,CTA-FC-0221,CTA-FC-0221,Active,KEEP-LCSW,Workbook 2,Telehealth & Technology,2,4,"Technology, Electronic Communication, and Professional Responsibilities",Application Principle,Communication Expectations,What principle should guide the clinician’s decision?,"Clear expectations reduce unsafe assumptions about availability, monitoring, and emergency use.",Communication policies clarify expectations; they do not erase professional duties.,WB2-C4-Q003,CTA-MQB-0173,WB2-C4,,CTA Master Flashcard Library v1.0 shared-core record; reconciled to final LCSW Stage 5B workbook/rationale lineage.,"Reconciled August 7, 2026; recheck high-change law, BBS guidance, examination administration, NASW ethics, and federal overlays at Stage 5D/release.","August 7, 2026",1.0,2026-08-07,Synchronized,Shared Core
CTA-EP-002-FC-0222,CTA-FC-0222,CTA-FC-0222,Active,KEEP-LCSW,Workbook 2,Telehealth & Technology,2,4,"Technology, Electronic Communication, and Professional Responsibilities",Key Concept,Electronic Health-Service Records,What is the key principle to remember?,"California permits electronic records, and significant communications should be preserved or incorporated as part of responsible documentation.","Technology changes the form of the record, not the importance of clinically significant information.",WB2-C4-Q004,CTA-MQB-0174,WB2-C4,,CTA Master Flashcard Library v1.0 shared-core record; reconciled to final LCSW Stage 5B workbook/rationale lineage.,"Reconciled August 7, 2026; recheck high-change law, BBS guidance, examination administration, NASW ethics, and federal overlays at Stage 5D/release.","August 7, 2026",1.0,2026-08-07,Synchronized,Shared Core
CTA-EP-002-FC-0223,CTA-FC-0223,CTA-FC-0223,Active,KEEP-LCSW,Workbook 2,Telehealth & Technology,2,4,"Technology, Electronic Communication, and Professional Responsibilities",Application Principle,Client-Initiated Email,What principle should guide the clinician’s decision?,HHS guidance permits a limited inference of acceptability while preserving the provider’s responsibility to address risks and safeguards.,Client choice informs the analysis but does not transfer professional responsibility.,WB2-C4-Q005,CTA-MQB-0175,WB2-C4,,CTA Master Flashcard Library v1.0 shared-core record; reconciled to final LCSW Stage 5B workbook/rationale lineage.,"Reconciled August 7, 2026; recheck high-change law, BBS guidance, examination administration, NASW ethics, and federal overlays at Stage 5D/release.","August 7, 2026",1.0,2026-08-07,Synchronized,Shared Core
CTA-EP-002-FC-0224,CTA-FC-0224,CTA-FC-0224,Active,KEEP-LCSW,Workbook 2,Telehealth & Technology,2,4,"Technology, Electronic Communication, and Professional Responsibilities",Application Principle,Group Messaging Disclosure,What principle should guide the clinician’s decision?,"Visible recipients may reveal identifying information and a treatment relationship, creating a confidentiality concern.",“No diagnosis was included” does not eliminate the risk of revealing who receives services.,WB2-C4-Q006,CTA-MQB-0176,WB2-C4,,CTA Master Flashcard Library v1.0 shared-core record; reconciled to final LCSW Stage 5B workbook/rationale lineage.,"Reconciled August 7, 2026; recheck high-change law, BBS guidance, examination administration, NASW ethics, and federal overlays at Stage 5D/release.","August 7, 2026",1.0,2026-08-07,Synchronized,Shared Core
CTA-EP-002-FC-0225,CTA-FC-0225,CTA-FC-0225,Active,KEEP-LCSW,Workbook 2,Telehealth & Technology,2,4,"Technology, Electronic Communication, and Professional Responsibilities",Application Principle,Unread Crisis Message,What principle should guide the clinician’s decision?,"The policy helps define monitoring expectations, but once the therapist becomes aware of a suicidal communication, the therapist should assess and respond appropriately.",Distinguish not seeing a message from seeing it and choosing not to act.,WB2-C4-Q007,CTA-MQB-0177,WB2-C4,,CTA Master Flashcard Library v1.0 shared-core record; reconciled to final LCSW Stage 5B workbook/rationale lineage.,"Reconciled August 7, 2026; recheck high-change law, BBS guidance, examination administration, NASW ethics, and federal overlays at Stage 5D/release.","August 7, 2026",1.0,2026-08-07,Synchronized,Shared Core
CTA-EP-002-FC-0226,CTA-FC-0226,CTA-FC-0226,Active,KEEP-LCSW,Workbook 2,Telehealth & Technology,2,4,"Technology, Electronic Communication, and Professional Responsibilities",Application Principle,Clinical Documentation,What principle should guide the clinician’s decision?,The message materially affected assessment and treatment and should be documented accordingly.,"Ask whether the message changed assessment, treatment, risk, or follow-up.",WB2-C4-Q008,CTA-MQB-0178,WB2-C4,,CTA Master Flashcard Library v1.0 shared-core record; reconciled to final LCSW Stage 5B workbook/rationale lineage.,"Reconciled August 7, 2026; recheck high-change law, BBS guidance, examination administration, NASW ethics, and federal overlays at Stage 5D/release.","August 7, 2026",1.0,2026-08-07,Synchronized,Shared Core
CTA-EP-002-FC-0227,CTA-FC-0227,CTA-FC-0227,Active,KEEP-LCSW,Workbook 2,Telehealth & Technology,2,4,"Technology, Electronic Communication, and Professional Responsibilities",Application Principle,Client Preference for Unencrypted Email,What principle should guide the clinician’s decision?,"Discuss the material risks and alternatives, determine whether the method can be used with reasonable safeguards for the proposed content, honor reasonable communication preferences when lawful, and document significant decisions. This response respects access needs while preserving legal, security, and professional judgment.","The strongest answer balances access, client preference, risk, and safeguards rather than choosing an absolute.",WB2-C4-Q009,CTA-MQB-0179,WB2-C4,,CTA Master Flashcard Library v1.0 shared-core record; reconciled to final LCSW Stage 5B workbook/rationale lineage.,"Reconciled August 7, 2026; recheck high-change law, BBS guidance, examination administration, NASW ethics, and federal overlays at Stage 5D/release.","August 7, 2026",1.0,2026-08-07,Synchronized,Shared Core
CTA-EP-002-FC-0228,CTA-FC-0228,CTA-FC-0228,Active,KEEP-LCSW,Workbook 2,Telehealth & Technology,2,4,"Technology, Electronic Communication, and Professional Responsibilities",Application Principle,Response Boundaries,What principle should guide the clinician’s decision?,The therapist should clarify expectations and explore the clinical meaning and treatment impact of the messaging pattern.,"For nonemergency boundary concerns, the exam usually favors clarification and clinical discussion before an extreme action.",WB2-C4-Q010,CTA-MQB-0180,WB2-C4,,CTA Master Flashcard Library v1.0 shared-core record; reconciled to final LCSW Stage 5B workbook/rationale lineage.,"Reconciled August 7, 2026; recheck high-change law, BBS guidance, examination administration, NASW ethics, and federal overlays at Stage 5D/release.","August 7, 2026",1.0,2026-08-07,Synchronized,Shared Core
CTA-EP-002-FC-0229,CTA-FC-0229,CTA-FC-0229,Active,KEEP-LCSW,Workbook 2,Telehealth & Technology,2,4,"Technology, Electronic Communication, and Professional Responsibilities",Application Principle,Recipient Verification,What principle should guide the clinician’s decision?,"Verifying authority, recipient, attachment, and method is a reasonable safeguard.",The exam favors verification before transmission rather than repair after a preventable error.,WB2-C4-Q011,CTA-MQB-0181,WB2-C4,,CTA Master Flashcard Library v1.0 shared-core record; reconciled to final LCSW Stage 5B workbook/rationale lineage.,"Reconciled August 7, 2026; recheck high-change law, BBS guidance, examination administration, NASW ethics, and federal overlays at Stage 5D/release.","August 7, 2026",1.0,2026-08-07,Synchronized,Shared Core
CTA-EP-002-FC-0230,CTA-FC-0230,CTA-FC-0230,Active,KEEP-LCSW,Workbook 2,Telehealth & Technology,2,4,"Technology, Electronic Communication, and Professional Responsibilities",Application Principle,Asynchronous Clinical Care,What principle should guide the clinician’s decision?,"California’s telehealth definition includes asynchronous delivery of health-care services, and individualized clinical guidance may fall within that definition.","When the therapist assesses or treats through technology, think beyond video and consider asynchronous telehealth.",WB2-C4-Q012,CTA-MQB-0182,WB2-C4,,CTA Master Flashcard Library v1.0 shared-core record; reconciled to final LCSW Stage 5B workbook/rationale lineage.,"Reconciled August 7, 2026; recheck high-change law, BBS guidance, examination administration, NASW ethics, and federal overlays at Stage 5D/release.","August 7, 2026",1.0,2026-08-07,Synchronized,Shared Core
CTA-EP-002-FC-0231,CTA-FC-0231,CTA-FC-0231,Active,KEEP-LCSW,Workbook 2,Telehealth & Technology,2,4,"Technology, Electronic Communication, and Professional Responsibilities",Application Principle,Preserving Risk Communication,What principle should guide the clinician’s decision?,"The therapist must address the imminent clinical concern and create an appropriate record of the message, assessment, actions, consultation, and follow-up.",A request for secrecy does not remove risk-management and documentation responsibilities.,WB2-C4-Q013,CTA-MQB-0183,WB2-C4,,CTA Master Flashcard Library v1.0 shared-core record; reconciled to final LCSW Stage 5B workbook/rationale lineage.,"Reconciled August 7, 2026; recheck high-change law, BBS guidance, examination administration, NASW ethics, and federal overlays at Stage 5D/release.","August 7, 2026",1.0,2026-08-07,Synchronized,Shared Core
CTA-EP-002-FC-0232,CTA-FC-0232,CTA-FC-0232,Active,KEEP-LCSW,Workbook 2,Telehealth & Technology,2,4,"Technology, Electronic Communication, and Professional Responsibilities",Application Principle,Personal Device Use,What principle should guide the clinician’s decision?,"The appropriate response is a fact-specific assessment and reasonable safeguards, which may require changing settings, access, workflow, or device use.","When the facts show manageable risks, choose assessment and correction rather than an unsupported automatic conclusion.",WB2-C4-Q014,CTA-MQB-0184,WB2-C4,,CTA Master Flashcard Library v1.0 shared-core record; reconciled to final LCSW Stage 5B workbook/rationale lineage.,"Reconciled August 7, 2026; recheck high-change law, BBS guidance, examination administration, NASW ethics, and federal overlays at Stage 5D/release.","August 7, 2026",1.0,2026-08-07,Synchronized,Shared Core
CTA-EP-002-FC-0233,CTA-FC-0233,CTA-FC-0233,Active,KEEP-LCSW,Workbook 2,Telehealth & Technology,2,4,"Technology, Electronic Communication, and Professional Responsibilities",Application Principle,Couples Messaging and Confidentiality,What principle should guide the clinician’s decision?,"The scenario requires careful application of the treatment unit, consent, confidentiality policy, safety, and clinical judgment rather than an automatic promise or disclosure.",Complex electronic communication does not replace the underlying informed-consent and confidentiality analysis.,WB2-C4-Q015,CTA-MQB-0185,WB2-C4,,CTA Master Flashcard Library v1.0 shared-core record; reconciled to final LCSW Stage 5B workbook/rationale lineage.,"Reconciled August 7, 2026; recheck high-change law, BBS guidance, examination administration, NASW ethics, and federal overlays at Stage 5D/release.","August 7, 2026",1.0,2026-08-07,Synchronized,Shared Core
CTA-EP-002-FC-0234,CTA-FC-0234,CTA-FC-0234,Active,KEEP-LCSW,Workbook 2,Telehealth & Technology,2,4,"Technology, Electronic Communication, and Professional Responsibilities",Application Principle,Actually Received Emergency Message,What principle should guide the clinician’s decision?,The therapist has actual knowledge of a potentially lethal overdose and should respond promptly; the automated warning does not end the duty to act on known risk.,"A disclaimer is preventive guidance, not a substitute for action after actual notice of danger.",WB2-C4-Q016,CTA-MQB-0186,WB2-C4,,CTA Master Flashcard Library v1.0 shared-core record; reconciled to final LCSW Stage 5B workbook/rationale lineage.,"Reconciled August 7, 2026; recheck high-change law, BBS guidance, examination administration, NASW ethics, and federal overlays at Stage 5D/release.","August 7, 2026",1.0,2026-08-07,Synchronized,Shared Core
CTA-EP-002-FC-0235,CTA-FC-0235,CTA-FC-0235,Active,KEEP-LCSW,Workbook 2,Telehealth & Technology,2,4,"Technology, Electronic Communication, and Professional Responsibilities",Application Principle,Integrated Electronic Communication Responsibilities,What principle should guide the clinician’s decision?,"Reevaluate the communication system; establish clear purposes, boundaries, response times, and emergency procedures; use appropriate safeguards and approved channels; incorporate clinically significant content into the record; and seek consultation when needed. This response addresses communication design, informed expectations, confidentiality, boundaries, emergencies, documentation, and professional judgment.","In an integrated question, select the answer that repairs the entire system rather than relying on preference, prohibition, or a disclaimer.",WB2-C4-Q017,CTA-MQB-0187,WB2-C4,,CTA Master Flashcard Library v1.0 shared-core record; reconciled to final LCSW Stage 5B workbook/rationale lineage.,"Reconciled August 7, 2026; recheck high-change law, BBS guidance, examination administration, NASW ethics, and federal overlays at Stage 5D/release.","August 7, 2026",1.0,2026-08-07,Synchronized,Shared Core
CTA-EP-002-FC-0236,CTA-FC-0236,CTA-FC-0236,Active,KEEP-LCSW,Workbook 2,Telehealth & Technology,2,5,"Social Media, Boundaries, and Digital Ethics",Key Concept,Digital Professional Boundaries,What is the key principle to remember?,Social media changes visibility and communication methods but does not eliminate the underlying professional standards.,Choose the answer that applies existing professional principles rather than treating social media as a separate legal universe.,WB2-C5-Q001,CTA-MQB-0188,WB2-C5,,CTA Master Flashcard Library v1.0 shared-core record; reconciled to final LCSW Stage 5B workbook/rationale lineage.,"Reconciled August 7, 2026; recheck high-change law, BBS guidance, examination administration, NASW ethics, and federal overlays at Stage 5D/release.","August 7, 2026",1.0,2026-08-07,Synchronized,Shared Core
CTA-EP-002-FC-0237,CTA-FC-0237,CTA-FC-0237,Active,KEEP-LCSW,Workbook 2,Telehealth & Technology,2,5,"Social Media, Boundaries, and Digital Ethics",Legal Rule,Social Media Advertising Requirements,"What legal rule, authority, or timing requirement applies?","These are the minimum content requirements for a BBS licensee’s advertising, including social media.","Social media is advertising. Look for name, license type, and license number.",WB2-C5-Q002,CTA-MQB-0189,WB2-C5,,CTA Master Flashcard Library v1.0 shared-core record; reconciled to final LCSW Stage 5B workbook/rationale lineage.,"Reconciled August 7, 2026; recheck high-change law, BBS guidance, examination administration, NASW ethics, and federal overlays at Stage 5D/release.","August 7, 2026",1.0,2026-08-07,Synchronized,Shared Core
CTA-EP-002-FC-0238,CTA-FC-0238,CTA-FC-0238,Active,KEEP-LCSW,Workbook 2,Telehealth & Technology,2,5,"Social Media, Boundaries, and Digital Ethics",Application Principle,Online Reviews and Confidentiality,What principle should guide the clinician’s decision?,"A client’s self-disclosure does not create authorization for the therapist to confirm, expand, or disclose protected information.",The client controls the client’s own speech; the therapist remains bound by confidentiality.,WB2-C5-Q003,CTA-MQB-0190,WB2-C5,,CTA Master Flashcard Library v1.0 shared-core record; reconciled to final LCSW Stage 5B workbook/rationale lineage.,"Reconciled August 7, 2026; recheck high-change law, BBS guidance, examination administration, NASW ethics, and federal overlays at Stage 5D/release.","August 7, 2026",1.0,2026-08-07,Synchronized,Shared Core
CTA-EP-002-FC-0239,CTA-FC-0239,CTA-FC-0239,Active,KEEP-LCSW,Workbook 2,Telehealth & Technology,2,5,"Social Media, Boundaries, and Digital Ethics",Application Principle,Using Public Client Information,What principle should guide the clinician’s decision?,Public availability is only one fact; professional judgment still governs whether and how the information is used.,Avoid both extremes: “public means free to use” and “public information can never matter.”,WB2-C5-Q004,CTA-MQB-0191,WB2-C5,,CTA Master Flashcard Library v1.0 shared-core record; reconciled to final LCSW Stage 5B workbook/rationale lineage.,"Reconciled August 7, 2026; recheck high-change law, BBS guidance, examination administration, NASW ethics, and federal overlays at Stage 5D/release.","August 7, 2026",1.0,2026-08-07,Synchronized,Shared Core
CTA-EP-002-FC-0240,CTA-FC-0240,CTA-FC-0240,Active,KEEP-LCSW,Workbook 2,Telehealth & Technology,2,5,"Social Media, Boundaries, and Digital Ethics",Key Concept,Separate Accounts,What is the key principle to remember?,"Separate accounts are a risk-reduction measure, not a complete solution.","When an option promises that a technology choice “guarantees” privacy or removes duties, eliminate it.",WB2-C5-Q005,CTA-MQB-0192,WB2-C5,,CTA Master Flashcard Library v1.0 shared-core record; reconciled to final LCSW Stage 5B workbook/rationale lineage.,"Reconciled August 7, 2026; recheck high-change law, BBS guidance, examination administration, NASW ethics, and federal overlays at Stage 5D/release.","August 7, 2026",1.0,2026-08-07,Synchronized,Shared Core
CTA-EP-002-FC-0241,CTA-FC-0241,CTA-FC-0241,Active,KEEP-LCSW,Workbook 2,Telehealth & Technology,2,5,"Social Media, Boundaries, and Digital Ethics",Application Principle,Friend Request from Current Client,What principle should guide the clinician’s decision?,"There is no one automatic legal answer; the therapist should assess the request and respond according to policy, treatment needs, and client welfare.","California-style questions usually favor thoughtful boundary assessment over an automatic click, block, or termination.",WB2-C5-Q006,CTA-MQB-0193,WB2-C5,,CTA Master Flashcard Library v1.0 shared-core record; reconciled to final LCSW Stage 5B workbook/rationale lineage.,"Reconciled August 7, 2026; recheck high-change law, BBS guidance, examination administration, NASW ethics, and federal overlays at Stage 5D/release.","August 7, 2026",1.0,2026-08-07,Synchronized,Shared Core
CTA-EP-002-FC-0242,CTA-FC-0242,CTA-FC-0242,Active,KEEP-LCSW,Workbook 2,Telehealth & Technology,2,5,"Social Media, Boundaries, and Digital Ethics",Application Principle,Defensive Review Response,What principle should guide the clinician’s decision?,The response confirms client status and discloses multiple categories of confidential information.,A defensive response is not an exception to confidentiality.,WB2-C5-Q008,CTA-MQB-0195,WB2-C5,,CTA Master Flashcard Library v1.0 shared-core record; reconciled to final LCSW Stage 5B workbook/rationale lineage.,"Reconciled August 7, 2026; recheck high-change law, BBS guidance, examination administration, NASW ethics, and federal overlays at Stage 5D/release.","August 7, 2026",1.0,2026-08-07,Synchronized,Shared Core
CTA-EP-002-FC-0243,CTA-FC-0243,CTA-FC-0243,Active,KEEP-LCSW,Workbook 2,Telehealth & Technology,2,5,"Social Media, Boundaries, and Digital Ethics",Application Principle,Online Case Discussion,What principle should guide the clinician’s decision?,The therapist should use an appropriate consultation method and disclose only what is reasonably necessary.,No name is not enough. Ask whether the audience and combined details create identification risk.,WB2-C5-Q009,CTA-MQB-0196,WB2-C5,,CTA Master Flashcard Library v1.0 shared-core record; reconciled to final LCSW Stage 5B workbook/rationale lineage.,"Reconciled August 7, 2026; recheck high-change law, BBS guidance, examination administration, NASW ethics, and federal overlays at Stage 5D/release.","August 7, 2026",1.0,2026-08-07,Synchronized,Shared Core
CTA-EP-002-FC-0244,CTA-FC-0244,CTA-FC-0244,Active,KEEP-LCSW,Workbook 2,Telehealth & Technology,2,5,"Social Media, Boundaries, and Digital Ethics",Application Principle,Searching from Curiosity,What principle should guide the clinician’s decision?,Curiosity alone is a weak justification for potentially intrusive information gathering.,Purpose before curiosity is the key clue.,WB2-C5-Q010,CTA-MQB-0197,WB2-C5,,CTA Master Flashcard Library v1.0 shared-core record; reconciled to final LCSW Stage 5B workbook/rationale lineage.,"Reconciled August 7, 2026; recheck high-change law, BBS guidance, examination administration, NASW ethics, and federal overlays at Stage 5D/release.","August 7, 2026",1.0,2026-08-07,Synchronized,Shared Core
CTA-EP-002-FC-0245,CTA-FC-0245,CTA-FC-0245,Active,KEEP-LCSW,Workbook 2,Telehealth & Technology,2,5,"Social Media, Boundaries, and Digital Ethics",Application Principle,Online Safety Information,What principle should guide the clinician’s decision?,The content presents a potentially serious and imminent safety concern requiring prompt assessment and proportionate action.,"In a safety question, verify and assess promptly; do not ignore or overreact publicly.",WB2-C5-Q011,CTA-MQB-0198,WB2-C5,,CTA Master Flashcard Library v1.0 shared-core record; reconciled to final LCSW Stage 5B workbook/rationale lineage.,"Reconciled August 7, 2026; recheck high-change law, BBS guidance, examination administration, NASW ethics, and federal overlays at Stage 5D/release.","August 7, 2026",1.0,2026-08-07,Synchronized,Shared Core
CTA-EP-002-FC-0246,CTA-FC-0246,CTA-FC-0246,Active,KEEP-LCSW,Workbook 2,Telehealth & Technology,2,5,"Social Media, Boundaries, and Digital Ethics",Application Principle,Direct Message to Personal Account,What principle should guide the clinician’s decision?,"Immediate safety comes first, followed by documentation and boundary repair.",Policies prevent confusion; actual knowledge of risk still requires clinical action.,WB2-C5-Q012,CTA-MQB-0199,WB2-C5,,CTA Master Flashcard Library v1.0 shared-core record; reconciled to final LCSW Stage 5B workbook/rationale lineage.,"Reconciled August 7, 2026; recheck high-change law, BBS guidance, examination administration, NASW ethics, and federal overlays at Stage 5D/release.","August 7, 2026",1.0,2026-08-07,Synchronized,Shared Core
CTA-EP-002-FC-0247,CTA-FC-0247,CTA-FC-0247,Active,KEEP-LCSW,Workbook 2,Telehealth & Technology,2,5,"Social Media, Boundaries, and Digital Ethics",Application Principle,Public Like and Implied Relationship,What principle should guide the clinician’s decision?,"The analysis turns on implied identification, boundary effects, and the specific therapeutic context.","Online signals such as likes, follows, and tags can disclose by association.",WB2-C5-Q013,CTA-MQB-0200,WB2-C5,,CTA Master Flashcard Library v1.0 shared-core record; reconciled to final LCSW Stage 5B workbook/rationale lineage.,"Reconciled August 7, 2026; recheck high-change law, BBS guidance, examination administration, NASW ethics, and federal overlays at Stage 5D/release.","August 7, 2026",1.0,2026-08-07,Synchronized,Shared Core
CTA-EP-002-FC-0248,CTA-FC-0248,CTA-FC-0248,Active,KEEP-LCSW,Workbook 2,Telehealth & Technology,2,5,"Social Media, Boundaries, and Digital Ethics",Application Principle,Former Client Boundary,What principle should guide the clinician’s decision?,"The timing, former treatment, client vulnerability, potential future care, and public association may remain relevant.",Former does not mean ordinary. Confidentiality survives termination.,WB2-C5-Q014,CTA-MQB-0201,WB2-C5,,CTA Master Flashcard Library v1.0 shared-core record; reconciled to final LCSW Stage 5B workbook/rationale lineage.,"Reconciled August 7, 2026; recheck high-change law, BBS guidance, examination administration, NASW ethics, and federal overlays at Stage 5D/release.","August 7, 2026",1.0,2026-08-07,Synchronized,Shared Core
CTA-EP-002-FC-0249,CTA-FC-0249,CTA-FC-0249,Active,KEEP-LCSW,Workbook 2,Telehealth & Technology,2,5,"Social Media, Boundaries, and Digital Ethics",Application Principle,Soliciting Testimonials,What principle should guide the clinician’s decision?,"Current clients may feel pressure, and the marketing use may exploit vulnerability, reveal treatment, and create unjustified expectations.","When a current client is used for marketing, examine power, influence, confidentiality, and misleading outcomes - not only the form of consent.",WB2-C5-Q015,CTA-MQB-0202,WB2-C5,,CTA Master Flashcard Library v1.0 shared-core record; reconciled to final LCSW Stage 5B workbook/rationale lineage.,"Reconciled August 7, 2026; recheck high-change law, BBS guidance, examination administration, NASW ethics, and federal overlays at Stage 5D/release.","August 7, 2026",1.0,2026-08-07,Synchronized,Shared Core
CTA-EP-002-FC-0250,CTA-FC-0250,CTA-FC-0250,Active,KEEP-LCSW,Workbook 2,Telehealth & Technology,2,5,"Social Media, Boundaries, and Digital Ethics",Application Principle,Misleading Digital Advertising,What principle should guide the clinician’s decision?,"The profile violates multiple advertising principles: accurate status, truthful titles and qualifications, no misleading guarantee, and required associate disclosures.","In advertising questions, evaluate every representation from the consumer’s perspective.",WB2-C5-Q016,CTA-MQB-0203,WB2-C5,,CTA Master Flashcard Library v1.0 shared-core record; reconciled to final LCSW Stage 5B workbook/rationale lineage.,"Reconciled August 7, 2026; recheck high-change law, BBS guidance, examination administration, NASW ethics, and federal overlays at Stage 5D/release.","August 7, 2026",1.0,2026-08-07,Synchronized,Shared Core
CTA-EP-002-FC-0251,CTA-FC-0251,CTA-FC-0251,Active,KEEP-LCSW,Workbook 2,Telehealth & Technology,2,5,"Social Media, Boundaries, and Digital Ethics",Application Principle,Integrated Social Media Responsibilities,What principle should guide the clinician’s decision?,"Correct the advertising to include required and truthful information; stop unauthorized client disclosures; reassess friend-request and search practices; protect confidentiality in reviews and case discussion; document or consult regarding significant incidents; and establish clear, lawful social-media boundaries. This response addresses the entire system: advertising, confidentiality, boundaries, information gathering, public responses, documentation, and consultation.","For an integrated challenge, choose the answer that corrects every material problem rather than relying on publicity, deletion of one post, or a blanket waiver.",WB2-C5-Q017,CTA-MQB-0204,WB2-C5,,CTA Master Flashcard Library v1.0 shared-core record; reconciled to final LCSW Stage 5B workbook/rationale lineage.,"Reconciled August 7, 2026; recheck high-change law, BBS guidance, examination administration, NASW ethics, and federal overlays at Stage 5D/release.","August 7, 2026",1.0,2026-08-07,Synchronized,Shared Core
CTA-EP-002-FC-0252,CTA-FC-0252,CTA-FC-0252,Active,KEEP-LCSW,Workbook 2,Telehealth & Technology,2,6,Technology Risk Management and Compliance,Distinction,Risk Analysis vs. Risk Management,How should these concepts be separated on the exam?,Risk analysis determines what could threaten electronic information and how serious the risk may be; risk management reduces and monitors the identified risk.,"When the question asks for the distinction, look for “identify and evaluate” versus “reduce and monitor.”",WB2-C6-Q001,CTA-MQB-0205,WB2-C6,,CTA Master Flashcard Library v1.0 shared-core record; reconciled to final LCSW Stage 5B workbook/rationale lineage.,"Reconciled August 7, 2026; recheck high-change law, BBS guidance, examination administration, NASW ethics, and federal overlays at Stage 5D/release.","August 7, 2026",1.0,2026-08-07,Synchronized,Shared Core
CTA-EP-002-FC-0253,CTA-FC-0253,CTA-FC-0253,Active,KEEP-LCSW,Workbook 2,Telehealth & Technology,2,6,Technology Risk Management and Compliance,Key Concept,"Confidentiality, Integrity, and Availability",What is the key principle to remember?,Availability means authorized users can access needed information and systems when required.,Security is not only secrecy. Lost or inaccessible records point to availability.,WB2-C6-Q002,CTA-MQB-0206,WB2-C6,,CTA Master Flashcard Library v1.0 shared-core record; reconciled to final LCSW Stage 5B workbook/rationale lineage.,"Reconciled August 7, 2026; recheck high-change law, BBS guidance, examination administration, NASW ethics, and federal overlays at Stage 5D/release.","August 7, 2026",1.0,2026-08-07,Synchronized,Shared Core
CTA-EP-002-FC-0254,CTA-FC-0254,CTA-FC-0254,Active,KEEP-LCSW,Workbook 2,Telehealth & Technology,2,6,Technology Risk Management and Compliance,Distinction,Incident vs. Breach,How should these concepts be separated on the exam?,An incident triggers prompt containment and investigation; notification depends on the applicable legal definition and the facts.,Do not confuse “respond immediately” with “automatically report to every authority.”,WB2-C6-Q003,CTA-MQB-0207,WB2-C6,,CTA Master Flashcard Library v1.0 shared-core record; reconciled to final LCSW Stage 5B workbook/rationale lineage.,"Reconciled August 7, 2026; recheck high-change law, BBS guidance, examination administration, NASW ethics, and federal overlays at Stage 5D/release.","August 7, 2026",1.0,2026-08-07,Synchronized,Shared Core
CTA-EP-002-FC-0255,CTA-FC-0255,CTA-FC-0255,Active,KEEP-LCSW,Workbook 2,Telehealth & Technology,2,6,Technology Risk Management and Compliance,Risk Management,Safeguard Categories,What risk-management principle should guide the response?,"Risk analysis, policy, governance, and workforce training are administrative safeguards.",Administrative safeguards organize people and processes; physical safeguards protect spaces and devices; technical safeguards control systems and data.,WB2-C6-Q004,CTA-MQB-0208,WB2-C6,,CTA Master Flashcard Library v1.0 shared-core record; reconciled to final LCSW Stage 5B workbook/rationale lineage.,"Reconciled August 7, 2026; recheck high-change law, BBS guidance, examination administration, NASW ethics, and federal overlays at Stage 5D/release.","August 7, 2026",1.0,2026-08-07,Synchronized,Shared Core
CTA-EP-002-FC-0256,CTA-FC-0256,CTA-FC-0256,Active,KEEP-LCSW,Workbook 2,Telehealth & Technology,2,6,Technology Risk Management and Compliance,Risk Management,California Telehealth Security Standard,What risk-management principle should guide the response?,Section 1815.5(d)(3) expressly requires compliance with applicable law and references the CMIA and HIPAA Security standards.,"A waiver, product label, or practice size does not replace the BBS telehealth standard.",WB2-C6-Q005,CTA-MQB-0209,WB2-C6,,CTA Master Flashcard Library v1.0 shared-core record; reconciled to final LCSW Stage 5B workbook/rationale lineage.,"Reconciled August 7, 2026; recheck high-change law, BBS guidance, examination administration, NASW ethics, and federal overlays at Stage 5D/release.","August 7, 2026",1.0,2026-08-07,Synchronized,Shared Core
CTA-EP-002-FC-0257,CTA-FC-0257,CTA-FC-0257,Active,KEEP-LCSW,Workbook 2,Telehealth & Technology,2,6,Technology Risk Management and Compliance,Application Principle,Access Control and Accountability,What principle should guide the clinician’s decision?,Unique user identification and role-based access help establish who accessed information and what each person is authorized to do.,"Shared credentials usually signal authentication, auditability, and least-privilege problems.",WB2-C6-Q006,CTA-MQB-0210,WB2-C6,,CTA Master Flashcard Library v1.0 shared-core record; reconciled to final LCSW Stage 5B workbook/rationale lineage.,"Reconciled August 7, 2026; recheck high-change law, BBS guidance, examination administration, NASW ethics, and federal overlays at Stage 5D/release.","August 7, 2026",1.0,2026-08-07,Synchronized,Shared Core
CTA-EP-002-FC-0258,CTA-FC-0258,CTA-FC-0258,Active,KEEP-LCSW,Workbook 2,Telehealth & Technology,2,6,Technology Risk Management and Compliance,Application Principle,Business Associate Agreements,What principle should guide the clinician’s decision?,A vendor that maintains ePHI on behalf of a covered entity is generally a business associate; the BAA is required but does not replace risk analysis and due diligence.,“Stores PHI on behalf of the practice” is a strong business-associate clue.,WB2-C6-Q007,CTA-MQB-0211,WB2-C6,,CTA Master Flashcard Library v1.0 shared-core record; reconciled to final LCSW Stage 5B workbook/rationale lineage.,"Reconciled August 7, 2026; recheck high-change law, BBS guidance, examination administration, NASW ethics, and federal overlays at Stage 5D/release.","August 7, 2026",1.0,2026-08-07,Synchronized,Shared Core
CTA-EP-002-FC-0259,CTA-FC-0259,CTA-FC-0259,Active,KEEP-LCSW,Workbook 2,Telehealth & Technology,2,6,Technology Risk Management and Compliance,Application Principle,Lost Encrypted Device,What principle should guide the clinician’s decision?,Containment and factual assessment come first; encryption status is a major factor in determining whether information was unsecured or compromised.,"Encryption is important evidence, not permission to ignore a lost device.",WB2-C6-Q008,CTA-MQB-0212,WB2-C6,,CTA Master Flashcard Library v1.0 shared-core record; reconciled to final LCSW Stage 5B workbook/rationale lineage.,"Reconciled August 7, 2026; recheck high-change law, BBS guidance, examination administration, NASW ethics, and federal overlays at Stage 5D/release.","August 7, 2026",1.0,2026-08-07,Synchronized,Shared Core
CTA-EP-002-FC-0260,CTA-FC-0260,CTA-FC-0260,Active,KEEP-LCSW,Workbook 2,Telehealth & Technology,2,6,Technology Risk Management and Compliance,Risk Management,Wrong Recipient Incident,What risk-management principle should guide the response?,"Prompt containment, evidence preservation, scope assessment, mitigation, consultation, and notification analysis are appropriate.","Wrong-recipient questions favor containment and assessment, not waiting, concealment, or additional disclosure.",WB2-C6-Q009,CTA-MQB-0213,WB2-C6,,CTA Master Flashcard Library v1.0 shared-core record; reconciled to final LCSW Stage 5B workbook/rationale lineage.,"Reconciled August 7, 2026; recheck high-change law, BBS guidance, examination administration, NASW ethics, and federal overlays at Stage 5D/release.","August 7, 2026",1.0,2026-08-07,Synchronized,Shared Core
CTA-EP-002-FC-0261,CTA-FC-0261,CTA-FC-0261,Active,KEEP-LCSW,Workbook 2,Telehealth & Technology,2,6,Technology Risk Management and Compliance,Risk Management,Addressable Security Specifications,What risk-management principle should guide the response?,"Addressable requires a documented, context-specific determination and an appropriate safeguard or equivalent measure.","On the exam, translate “addressable” as “evaluate, implement or use an equivalent, and document” - not “optional.”",WB2-C6-Q010,CTA-MQB-0214,WB2-C6,,CTA Master Flashcard Library v1.0 shared-core record; reconciled to final LCSW Stage 5B workbook/rationale lineage.,"Reconciled August 7, 2026; recheck high-change law, BBS guidance, examination administration, NASW ethics, and federal overlays at Stage 5D/release.","August 7, 2026",1.0,2026-08-07,Synchronized,Shared Core
CTA-EP-002-FC-0262,CTA-FC-0262,CTA-FC-0262,Active,KEEP-LCSW,Workbook 2,Telehealth & Technology,2,6,Technology Risk Management and Compliance,Application Principle,Backup and Recovery,What principle should guide the clinician’s decision?,Recovery testing is necessary to determine whether the contingency plan actually supports availability and continuity.,A backup is only useful when it can be restored.,WB2-C6-Q011,CTA-MQB-0215,WB2-C6,,CTA Master Flashcard Library v1.0 shared-core record; reconciled to final LCSW Stage 5B workbook/rationale lineage.,"Reconciled August 7, 2026; recheck high-change law, BBS guidance, examination administration, NASW ethics, and federal overlays at Stage 5D/release.","August 7, 2026",1.0,2026-08-07,Synchronized,Shared Core
CTA-EP-002-FC-0263,CTA-FC-0263,CTA-FC-0263,Active,KEEP-LCSW,Workbook 2,Telehealth & Technology,2,6,Technology Risk Management and Compliance,Application Principle,Vulnerability and Change Management,What principle should guide the clinician’s decision?,A vulnerability should be assessed and corrected even before confirmed unauthorized access; documentation and monitoring support accountability.,Distinguish a vulnerability from a confirmed breach: correct the risk promptly without inventing facts.,WB2-C6-Q012,CTA-MQB-0216,WB2-C6,,CTA Master Flashcard Library v1.0 shared-core record; reconciled to final LCSW Stage 5B workbook/rationale lineage.,"Reconciled August 7, 2026; recheck high-change law, BBS guidance, examination administration, NASW ethics, and federal overlays at Stage 5D/release.","August 7, 2026",1.0,2026-08-07,Synchronized,Shared Core
CTA-EP-002-FC-0264,CTA-FC-0264,CTA-FC-0264,Active,KEEP-LCSW,Workbook 2,Telehealth & Technology,2,6,Technology Risk Management and Compliance,Legal Rule,HIPAA Breach Risk Assessment,"What legal rule, authority, or timing requirement applies?",These are the four factors required by the HIPAA Breach Notification Rule’s compromise analysis.,"Memorize the four factors: information, recipient, acquisition/viewing, mitigation.",WB2-C6-Q013,CTA-MQB-0217,WB2-C6,,CTA Master Flashcard Library v1.0 shared-core record; reconciled to final LCSW Stage 5B workbook/rationale lineage.,"Reconciled August 7, 2026; recheck high-change law, BBS guidance, examination administration, NASW ethics, and federal overlays at Stage 5D/release.","August 7, 2026",1.0,2026-08-07,Synchronized,Shared Core
CTA-EP-002-FC-0265,CTA-FC-0265,CTA-FC-0265,Active,KEEP-LCSW,Workbook 2,Telehealth & Technology,2,6,Technology Risk Management and Compliance,Risk Management,BBS Incorporation of Security Standards,What risk-management principle should guide the response?,The BBS regulation expressly incorporates the CMIA and HIPAA Security standards into the telehealth practice requirements.,This question separates federal HIPAA status from the independent California BBS telehealth requirement.,WB2-C6-Q014,CTA-MQB-0218,WB2-C6,,CTA Master Flashcard Library v1.0 shared-core record; reconciled to final LCSW Stage 5B workbook/rationale lineage.,"Reconciled August 7, 2026; recheck high-change law, BBS guidance, examination administration, NASW ethics, and federal overlays at Stage 5D/release.","August 7, 2026",1.0,2026-08-07,Synchronized,Shared Core
CTA-EP-002-FC-0266,CTA-FC-0266,CTA-FC-0266,Active,KEEP-LCSW,Workbook 2,Telehealth & Technology,2,6,Technology Risk Management and Compliance,Risk Management,AI Vendor Risk Management,What risk-management principle should guide the response?,"The tool performs multiple high-risk functions and requires a complete legal, vendor, clinical, and security analysis before use.","When a tool records, stores, analyzes, and trains on data, analyze every function rather than the product label.",WB2-C6-Q015,CTA-MQB-0219,WB2-C6,,CTA Master Flashcard Library v1.0 shared-core record; reconciled to final LCSW Stage 5B workbook/rationale lineage.,"Reconciled August 7, 2026; recheck high-change law, BBS guidance, examination administration, NASW ethics, and federal overlays at Stage 5D/release.","August 7, 2026",1.0,2026-08-07,Synchronized,Shared Core
CTA-EP-002-FC-0267,CTA-FC-0267,CTA-FC-0267,Active,KEEP-LCSW,Workbook 2,Telehealth & Technology,2,6,Technology Risk Management and Compliance,Application Principle,Ransomware and Continuity,What principle should guide the clinician’s decision?,"Ransomware may affect confidentiality, integrity, and availability; coordinated containment, recovery, forensic assessment, consultation, and notification analysis are necessary.","Ransomware is an integrated CIA problem: contain, preserve, recover safely, and assess exfiltration.",WB2-C6-Q016,CTA-MQB-0220,WB2-C6,,CTA Master Flashcard Library v1.0 shared-core record; reconciled to final LCSW Stage 5B workbook/rationale lineage.,"Reconciled August 7, 2026; recheck high-change law, BBS guidance, examination administration, NASW ethics, and federal overlays at Stage 5D/release.","August 7, 2026",1.0,2026-08-07,Synchronized,Shared Core
CTA-EP-002-FC-0268,CTA-FC-0268,CTA-FC-0268,Active,KEEP-LCSW,Workbook 2,Telehealth & Technology,2,6,Technology Risk Management and Compliance,Risk Management,Technology Risk Management and Compliance,What risk-management principle should guide the response?,"Contain and preserve the incident evidence, assess access and information involved, correct account and device controls, review the vendor and any required BAA, test continuity measures, determine notification duties under applicable law, document the response, and update policies and training. This answer integrates incident response, risk analysis, access control, vendor compliance, continuity, notification analysis, documentation, and corrective action.","Integrated questions require a complete, proportional response - not one product fix, automatic reporting, or delay.",WB2-C6-Q017,CTA-MQB-0221,WB2-C6,,CTA Master Flashcard Library v1.0 shared-core record; reconciled to final LCSW Stage 5B workbook/rationale lineage.,"Reconciled August 7, 2026; recheck high-change law, BBS guidance, examination administration, NASW ethics, and federal overlays at Stage 5D/release.","August 7, 2026",1.0,2026-08-07,Synchronized,Shared Core
CTA-EP-002-FC-0269,CTA-FC-0269,CTA-FC-0269,Active,KEEP-LCSW,Workbook 3,Professional Competence,3,1,Professional Competence Foundations,Key Concept,Definition of Professional Competence,What is the key principle to remember?,"The present ability to provide a specific service safely, ethically, and effectively under the actual circumstances","When the question asks for the definition, choose the answer that connects actual preparation and performance to the specific service and circumstances.",WB3-C1-Q001,CTA-MQB-0222,WB3-C1,,CTA Master Flashcard Library v1.0 shared-core record; reconciled to final LCSW Stage 5B workbook/rationale lineage.,"Reconciled August 7, 2026; recheck high-change law, BBS guidance, examination administration, NASW ethics, and federal overlays at Stage 5D/release.","August 7, 2026",1.0,2026-08-07,Synchronized,Shared Core
CTA-EP-002-FC-0270,CTA-FC-0270,CTA-FC-0270,Active,KEEP-LCSW,Workbook 3,Professional Competence,3,1,Professional Competence Foundations,Distinction,Licensure vs. Competence,How should these concepts be separated on the exam?,"The license establishes legal professional status but does not prove competence for every client, population, or service","On California questions, treat “licensed” as evidence of legal status - not as proof of specialized competence.",WB3-C1-Q002,CTA-MQB-0223,WB3-C1,,CTA Master Flashcard Library v1.0 shared-core record; reconciled to final LCSW Stage 5B workbook/rationale lineage.,"Reconciled August 7, 2026; recheck high-change law, BBS guidance, examination administration, NASW ethics, and federal overlays at Stage 5D/release.","August 7, 2026",1.0,2026-08-07,Synchronized,Shared Core
CTA-EP-002-FC-0271,CTA-FC-0271,CTA-FC-0271,Active,KEEP-LCSW,Workbook 3,Professional Competence,3,1,Professional Competence Foundations,Key Concept,Purpose of Competence Standards,What is the key principle to remember?,"To protect client welfare by promoting safe, ethical, and effective professional services","When asked why competence matters, select client welfare rather than guaranteed outcomes, clinician protection, or avoidance of all challenge.",WB3-C1-Q003,CTA-MQB-0224,WB3-C1,,CTA Master Flashcard Library v1.0 shared-core record; reconciled to final LCSW Stage 5B workbook/rationale lineage.,"Reconciled August 7, 2026; recheck high-change law, BBS guidance, examination administration, NASW ethics, and federal overlays at Stage 5D/release.","August 7, 2026",1.0,2026-08-07,Synchronized,Shared Core
CTA-EP-002-FC-0272,CTA-FC-0272,CTA-FC-0272,Active,KEEP-LCSW,Workbook 3,Professional Competence,3,1,Professional Competence Foundations,Key Concept,Components of Competence,What is the key principle to remember?,"Relevant knowledge, practical skill, judgment, self-awareness, adequate preparation, and current functioning","Competence is multidimensional. Answers based on one credential, trait, or form of knowledge are usually incomplete.",WB3-C1-Q004,CTA-MQB-0225,WB3-C1,,CTA Master Flashcard Library v1.0 shared-core record; reconciled to final LCSW Stage 5B workbook/rationale lineage.,"Reconciled August 7, 2026; recheck high-change law, BBS guidance, examination administration, NASW ethics, and federal overlays at Stage 5D/release.","August 7, 2026",1.0,2026-08-07,Synchronized,Shared Core
CTA-EP-002-FC-0273,CTA-FC-0273,CTA-FC-0273,Active,KEEP-LCSW,Workbook 3,Professional Competence,3,1,Professional Competence Foundations,First-Step Rule,Initial Response to a Competence Concern,What is the strongest first response or sequence?,Identify the specific concern and assess how it may affect client risk and the ability to provide safe services,The exam usually favors “identify and assess” before an extreme response when the stem does not establish an immediate emergency.,WB3-C1-Q005,CTA-MQB-0226,WB3-C1,,CTA Master Flashcard Library v1.0 shared-core record; reconciled to final LCSW Stage 5B workbook/rationale lineage.,"Reconciled August 7, 2026; recheck high-change law, BBS guidance, examination administration, NASW ethics, and federal overlays at Stage 5D/release.","August 7, 2026",1.0,2026-08-07,Synchronized,Shared Core
CTA-EP-002-FC-0274,CTA-FC-0274,CTA-FC-0274,Active,KEEP-LCSW,Workbook 3,Professional Competence,3,1,Professional Competence Foundations,Application Principle,Confidence Without Preparation,What principle should guide the clinician’s decision?,General experience and confidence may not provide the specialized preparation required for this client’s condition and risk,"When the stem pairs extensive general experience with a specialized gap, focus on the relevance of the preparation - not the number of years.",WB3-C1-Q006,CTA-MQB-0227,WB3-C1,,CTA Master Flashcard Library v1.0 shared-core record; reconciled to final LCSW Stage 5B workbook/rationale lineage.,"Reconciled August 7, 2026; recheck high-change law, BBS guidance, examination administration, NASW ethics, and federal overlays at Stage 5D/release.","August 7, 2026",1.0,2026-08-07,Synchronized,Shared Core
CTA-EP-002-FC-0275,CTA-FC-0275,CTA-FC-0275,Active,KEEP-LCSW,Workbook 3,Professional Competence,3,1,Professional Competence Foundations,Application Principle,Population-Specific Competence,What principle should guide the clinician’s decision?,"Determine whether the therapist has the child-development knowledge, practical skills, and preparation needed for this population and presentation",Population changes are competence triggers. Ask what preparation is specifically relevant to that population.,"WB3-C1-Q007, WB3-C2-Q006","CTA-MQB-0228, CTA-MQB-0244",WB3-C1,,CTA Master Flashcard Library v1.0 shared-core record; reconciled to final LCSW Stage 5B workbook/rationale lineage.,"Reconciled August 7, 2026; recheck high-change law, BBS guidance, examination administration, NASW ethics, and federal overlays at Stage 5D/release.","August 7, 2026",1.0,2026-08-07,Synchronized,Shared Core
CTA-EP-002-FC-0276,CTA-FC-0276,CTA-FC-0276,Active,KEEP-LCSW,Workbook 3,Professional Competence,3,1,Professional Competence Foundations,Application Principle,Self-Awareness and Countertransference,What principle should guide the clinician’s decision?,Recognize that personal reactions may be influencing judgment and assess the impact on treatment and client welfare,"When the clinician’s personal history or emotional reaction is influencing the case, choose recognition and impact assessment before disclosure, denial, or abrupt termination.",WB3-C1-Q008,CTA-MQB-0229,WB3-C1,,CTA Master Flashcard Library v1.0 shared-core record; reconciled to final LCSW Stage 5B workbook/rationale lineage.,"Reconciled August 7, 2026; recheck high-change law, BBS guidance, examination administration, NASW ethics, and federal overlays at Stage 5D/release.","August 7, 2026",1.0,2026-08-07,Synchronized,Shared Core
CTA-EP-002-FC-0277,CTA-FC-0277,CTA-FC-0277,Active,KEEP-LCSW,Workbook 3,Professional Competence,3,1,Professional Competence Foundations,Distinction,Knowledge Exposure vs. Practical Skill,How should these concepts be separated on the exam?,"Evaluate whether the intervention requires additional knowledge, practical training, supervised experience, or other preparation before use",Distinguish learning about a treatment from being prepared to deliver it competently.,WB3-C1-Q009,CTA-MQB-0230,WB3-C1,,CTA Master Flashcard Library v1.0 shared-core record; reconciled to final LCSW Stage 5B workbook/rationale lineage.,"Reconciled August 7, 2026; recheck high-change law, BBS guidance, examination administration, NASW ethics, and federal overlays at Stage 5D/release.","August 7, 2026",1.0,2026-08-07,Synchronized,Shared Core
CTA-EP-002-FC-0278,CTA-FC-0278,CTA-FC-0278,Active,KEEP-LCSW,Workbook 4,Professional Impairment,4,5,Responding Ethically to Professional Impairment,Application Principle,Proportionate Response,What principle should guide the clinician’s decision?,"The response should match functional decline, urgency, role, and client risk.",“Least disruptive” is correct only when it is also sufficient for client protection.,"WB3-C1-Q010, WB4-C5-Q003","CTA-MQB-0231, CTA-MQB-0394",WB4-C5,,CTA Master Flashcard Library v1.0 shared-core record; reconciled to final LCSW Stage 5B workbook/rationale lineage.,"Reconciled August 7, 2026; recheck high-change law, BBS guidance, examination administration, NASW ethics, and federal overlays at Stage 5D/release.","August 7, 2026",1.0,2026-08-07,Synchronized,Shared Core
CTA-EP-002-FC-0279,CTA-FC-0279,CTA-FC-0279,Active,KEEP-LCSW,Workbook 3,Professional Competence,3,1,Professional Competence Foundations,Application Principle,Competence Can Change,What principle should guide the clinician’s decision?,"Competence may expand, become outdated, or be temporarily limited as knowledge, case demands, standards, and clinician functioning change",Competence is current and contextual - not a permanent status earned at one point in a career.,WB3-C1-Q011,CTA-MQB-0232,WB3-C1,,CTA Master Flashcard Library v1.0 shared-core record; reconciled to final LCSW Stage 5B workbook/rationale lineage.,"Reconciled August 7, 2026; recheck high-change law, BBS guidance, examination administration, NASW ethics, and federal overlays at Stage 5D/release.","August 7, 2026",1.0,2026-08-07,Synchronized,Shared Core
CTA-EP-002-FC-0280,CTA-FC-0280,CTA-FC-0280,Active,KEEP-LCSW,Workbook 3,Professional Competence,3,1,Professional Competence Foundations,Application Principle,Current Professional Functioning,What principle should guide the clinician’s decision?,"Competence includes current functioning, so the therapist should assess whether fatigue is impairing safe professional performance","A clinician may have adequate training but be unable to practice safely because of current physical, mental, emotional, or substance-related impairment.","WB3-C1-Q012, WB3-C3-Q013","CTA-MQB-0233, CTA-MQB-0268",WB3-C1,,CTA Master Flashcard Library v1.0 shared-core record; reconciled to final LCSW Stage 5B workbook/rationale lineage.,"Reconciled August 7, 2026; recheck high-change law, BBS guidance, examination administration, NASW ethics, and federal overlays at Stage 5D/release.","August 7, 2026",1.0,2026-08-07,Synchronized,Shared Core
CTA-EP-002-FC-0281,CTA-FC-0281,CTA-FC-0281,Active,KEEP-LCSW,Workbook 3,Professional Competence,3,1,Professional Competence Foundations,Application Principle,Client Preference and Competence,What principle should guide the clinician’s decision?,The therapist should not provide an intervention beyond current competence merely because the client strongly prefers it; the therapist should address the limitation and develop a safe plan,"Balance autonomy with professional responsibility. A client may choose among appropriate services, but cannot create clinician competence by insisting.",WB3-C1-Q013,CTA-MQB-0234,WB3-C1,,CTA Master Flashcard Library v1.0 shared-core record; reconciled to final LCSW Stage 5B workbook/rationale lineage.,"Reconciled August 7, 2026; recheck high-change law, BBS guidance, examination administration, NASW ethics, and federal overlays at Stage 5D/release.","August 7, 2026",1.0,2026-08-07,Synchronized,Shared Core
CTA-EP-002-FC-0282,CTA-FC-0282,CTA-FC-0282,Active,KEEP-LCSW,Workbook 3,Professional Competence,3,1,Professional Competence Foundations,Application Principle,Cultural and Contextual Competence,What principle should guide the clinician’s decision?,"The therapist may be substituting assumptions for individualized cultural understanding, which can impair assessment and judgment",Cultural competence questions often test humility and individualized understanding - not claims of complete mastery or identity matching.,WB3-C1-Q014,CTA-MQB-0235,WB3-C1,,CTA Master Flashcard Library v1.0 shared-core record; reconciled to final LCSW Stage 5B workbook/rationale lineage.,"Reconciled August 7, 2026; recheck high-change law, BBS guidance, examination administration, NASW ethics, and federal overlays at Stage 5D/release.","August 7, 2026",1.0,2026-08-07,Synchronized,Shared Core
CTA-EP-002-FC-0283,CTA-FC-0283,CTA-FC-0283,Active,KEEP-LCSW,Workbook 3,Professional Competence,3,1,Professional Competence Foundations,Application Principle,Urgent Risk and Competence,What principle should guide the clinician’s decision?,Take necessary protective action within the therapist’s role while obtaining prompt qualified assistance and documenting the assessment and response,"In a genuine emergency, client protection comes before routine competence-building steps. Seek prompt help without creating an unsafe delay.",WB3-C1-Q015,CTA-MQB-0236,WB3-C1,,CTA Master Flashcard Library v1.0 shared-core record; reconciled to final LCSW Stage 5B workbook/rationale lineage.,"Reconciled August 7, 2026; recheck high-change law, BBS guidance, examination administration, NASW ethics, and federal overlays at Stage 5D/release.","August 7, 2026",1.0,2026-08-07,Synchronized,Shared Core
CTA-EP-002-FC-0284,CTA-FC-0284,CTA-FC-0284,Active,KEEP-LCSW,Workbook 3,Professional Competence,3,1,Professional Competence Foundations,Application Principle,Current Functioning as a Component of Competence,What principle should guide the clinician’s decision?,"Professional competence depends not only on education and knowledge but also on the clinician’s present ability to apply judgment safely under the actual circumstances. Temporary limitations may require proportionate restrictions, consultation, coverage, treatment, or reassessment before high-risk duties resume.",Competence is current and context-specific. Strong credentials do not replace the present ability to perform the particular professional task safely.,WB3-C1-Q016,CTA-MQB-0237,WB3-C1,,CTA Master Flashcard Library v1.0 shared-core record; reconciled to final LCSW Stage 5B workbook/rationale lineage.,"Reconciled August 7, 2026; recheck high-change law, BBS guidance, examination administration, NASW ethics, and federal overlays at Stage 5D/release.","August 7, 2026",1.0,2026-08-07,Synchronized,Shared Core
CTA-EP-002-FC-0285,CTA-FC-0285,CTA-FC-0285,Active,KEEP-LCSW,Workbook 3,Professional Competence,3,1,Professional Competence Foundations,Application Principle,Comprehensive Competence Analysis,What principle should guide the clinician’s decision?,"Identify the specific preparation and self-awareness concerns, assess client risk and urgency, and choose a proportionate safe response before providing the specialized service","For integrated competence questions, organize the facts: actual preparation, current functioning, client risk, urgency, and the least disruptive safe response.",WB3-C1-Q017,CTA-MQB-0238,WB3-C1,,CTA Master Flashcard Library v1.0 shared-core record; reconciled to final LCSW Stage 5B workbook/rationale lineage.,"Reconciled August 7, 2026; recheck high-change law, BBS guidance, examination administration, NASW ethics, and federal overlays at Stage 5D/release.","August 7, 2026",1.0,2026-08-07,Synchronized,Shared Core
CTA-EP-002-FC-0302,CTA-FC-0302,CTA-FC-0302,Active,KEEP-LCSW,Workbook 3,Professional Competence,3,3,Maintaining Professional Competence,Key Concept,Ongoing Competence,What is the key principle to remember?,"Competence requires ongoing attention to current knowledge, skill, judgment, and professional functioning.","When the question contrasts a past credential with current ability, choose the answer emphasizing ongoing monitoring and updating.",WB3-C3-Q001,CTA-MQB-0256,WB3-C3,,CTA Master Flashcard Library v1.0 shared-core record; reconciled to final LCSW Stage 5B workbook/rationale lineage.,"Reconciled August 7, 2026; recheck high-change law, BBS guidance, examination administration, NASW ethics, and federal overlays at Stage 5D/release.","August 7, 2026",1.0,2026-08-07,Synchronized,Shared Core
CTA-EP-002-FC-0303,CTA-FC-0303,CTA-FC-0303,Active,KEEP-LCSW,Workbook 3,Professional Competence,3,3,Maintaining Professional Competence,Key Concept,Purpose of Continuing Education,What is the key principle to remember?,To update knowledge and strengthen competence in areas connected to current practice needs.,CE supports competence; it does not guarantee outcomes or instantly create expertise.,WB3-C3-Q002,CTA-MQB-0257,WB3-C3,,CTA Master Flashcard Library v1.0 shared-core record; reconciled to final LCSW Stage 5B workbook/rationale lineage.,"Reconciled August 7, 2026; recheck high-change law, BBS guidance, examination administration, NASW ethics, and federal overlays at Stage 5D/release.","August 7, 2026",1.0,2026-08-07,Synchronized,Shared Core
CTA-EP-002-FC-0304,CTA-FC-0304,CTA-FC-0304,Active,KEEP-LCSW,Workbook 3,Professional Competence,3,3,Maintaining Professional Competence,Application Principle,Current Legal Knowledge,What principle should guide the clinician’s decision?,Verify the current law and official guidance before relying on the remembered rule.,Old legal knowledge is a cue to verify current authority - not rely on memory.,WB3-C3-Q003,CTA-MQB-0258,WB3-C3,,CTA Master Flashcard Library v1.0 shared-core record; reconciled to final LCSW Stage 5B workbook/rationale lineage.,"Reconciled August 7, 2026; recheck high-change law, BBS guidance, examination administration, NASW ethics, and federal overlays at Stage 5D/release.","August 7, 2026",1.0,2026-08-07,Synchronized,Shared Core
CTA-EP-002-FC-0305,CTA-FC-0305,CTA-FC-0305,Active,KEEP-LCSW,Workbook 3,Professional Competence,3,3,Maintaining Professional Competence,Application Principle,Self-Assessment,What principle should guide the clinician’s decision?,Identify the specific knowledge or skill gap and evaluate its effect on current clients.,The first step is usually to identify the gap and assess its impact before choosing a corrective action.,WB3-C3-Q004,CTA-MQB-0259,WB3-C3,,CTA Master Flashcard Library v1.0 shared-core record; reconciled to final LCSW Stage 5B workbook/rationale lineage.,"Reconciled August 7, 2026; recheck high-change law, BBS guidance, examination administration, NASW ethics, and federal overlays at Stage 5D/release.","August 7, 2026",1.0,2026-08-07,Synchronized,Shared Core
CTA-EP-002-FC-0306,CTA-FC-0306,CTA-FC-0306,Active,KEEP-LCSW,Workbook 3,Professional Competence,3,3,Maintaining Professional Competence,Key Concept,Experience and Learning,What is the key principle to remember?,"Experience supports competence most effectively when combined with reflection, feedback, and current learning.","Experience is evidence only when it is relevant, current, and evaluated.",WB3-C3-Q005,CTA-MQB-0260,WB3-C3,,CTA Master Flashcard Library v1.0 shared-core record; reconciled to final LCSW Stage 5B workbook/rationale lineage.,"Reconciled August 7, 2026; recheck high-change law, BBS guidance, examination administration, NASW ethics, and federal overlays at Stage 5D/release.","August 7, 2026",1.0,2026-08-07,Synchronized,Shared Core
CTA-EP-002-FC-0307,CTA-FC-0307,CTA-FC-0307,Active,KEEP-LCSW,Workbook 3,Professional Competence,3,3,Maintaining Professional Competence,Distinction,CE Compliance vs. Competence,How should these concepts be separated on the exam?,The therapist may be meeting a renewal requirement without addressing actual competence needs.,Separate CE compliance from whether the education actually addresses current practice.,WB3-C3-Q006,CTA-MQB-0261,WB3-C3,,CTA Master Flashcard Library v1.0 shared-core record; reconciled to final LCSW Stage 5B workbook/rationale lineage.,"Reconciled August 7, 2026; recheck high-change law, BBS guidance, examination administration, NASW ethics, and federal overlays at Stage 5D/release.","August 7, 2026",1.0,2026-08-07,Synchronized,Shared Core
CTA-EP-002-FC-0308,CTA-FC-0308,CTA-FC-0308,Active,KEEP-LCSW,Workbook 3,Professional Competence,3,3,Maintaining Professional Competence,Application Principle,Outdated Legal Practice,What principle should guide the clinician’s decision?,Review current authoritative sources and revise the procedure if the rule has changed.,“We have always used this form” is a red flag for outdated practice.,WB3-C3-Q007,CTA-MQB-0262,WB3-C3,,CTA Master Flashcard Library v1.0 shared-core record; reconciled to final LCSW Stage 5B workbook/rationale lineage.,"Reconciled August 7, 2026; recheck high-change law, BBS guidance, examination administration, NASW ethics, and federal overlays at Stage 5D/release.","August 7, 2026",1.0,2026-08-07,Synchronized,Shared Core
CTA-EP-002-FC-0309,CTA-FC-0309,CTA-FC-0309,Active,KEEP-LCSW,Workbook 3,Professional Competence,3,3,Maintaining Professional Competence,Application Principle,New Technology,What principle should guide the clinician’s decision?,"Learn the tool’s limitations and privacy implications, verify all clinical content independently, and avoid unsafe use until adequately prepared.","For new technology, look for training, limitations, privacy, independent review, and continued accountability.",WB3-C3-Q008,CTA-MQB-0263,WB3-C3,,CTA Master Flashcard Library v1.0 shared-core record; reconciled to final LCSW Stage 5B workbook/rationale lineage.,"Reconciled August 7, 2026; recheck high-change law, BBS guidance, examination administration, NASW ethics, and federal overlays at Stage 5D/release.","August 7, 2026",1.0,2026-08-07,Synchronized,Shared Core
CTA-EP-002-FC-0310,CTA-FC-0310,CTA-FC-0310,Active,KEEP-LCSW,Workbook 3,Professional Competence,3,3,Maintaining Professional Competence,Application Principle,Outcome Monitoring,What principle should guide the clinician’s decision?,"Review the outcomes, reassess the intervention and current knowledge, and determine whether changes or additional preparation are needed.",Repeated nonresponse or distress should trigger reassessment - not automatic continuation or blame.,WB3-C3-Q009,CTA-MQB-0264,WB3-C3,,CTA Master Flashcard Library v1.0 shared-core record; reconciled to final LCSW Stage 5B workbook/rationale lineage.,"Reconciled August 7, 2026; recheck high-change law, BBS guidance, examination administration, NASW ethics, and federal overlays at Stage 5D/release.","August 7, 2026",1.0,2026-08-07,Synchronized,Shared Core
CTA-EP-002-FC-0311,CTA-FC-0311,CTA-FC-0311,Active,KEEP-LCSW,Workbook 3,Professional Competence,3,3,Maintaining Professional Competence,Application Principle,Coursework and Specialized Skill,What principle should guide the clinician’s decision?,The therapist should assess whether the course provided sufficient practical preparation for the intervention and risk level before using it.,Match the depth of preparation to the complexity and risk of the service.,WB3-C3-Q010,CTA-MQB-0265,WB3-C3,,CTA Master Flashcard Library v1.0 shared-core record; reconciled to final LCSW Stage 5B workbook/rationale lineage.,"Reconciled August 7, 2026; recheck high-change law, BBS guidance, examination administration, NASW ethics, and federal overlays at Stage 5D/release.","August 7, 2026",1.0,2026-08-07,Synchronized,Shared Core
CTA-EP-002-FC-0312,CTA-FC-0312,CTA-FC-0312,Active,KEEP-LCSW,Workbook 3,Professional Competence,3,3,Maintaining Professional Competence,Application Principle,Cultural Responsiveness,What principle should guide the clinician’s decision?,The therapist may need additional culturally responsive preparation and should evaluate how the unfamiliar context affects assessment and treatment.,"Cultural competence questions favor curiosity, individualized assessment, and appropriate learning - not stereotypes or impossible perfection.",WB3-C3-Q011,CTA-MQB-0266,WB3-C3,,CTA Master Flashcard Library v1.0 shared-core record; reconciled to final LCSW Stage 5B workbook/rationale lineage.,"Reconciled August 7, 2026; recheck high-change law, BBS guidance, examination administration, NASW ethics, and federal overlays at Stage 5D/release.","August 7, 2026",1.0,2026-08-07,Synchronized,Shared Core
CTA-EP-002-FC-0313,CTA-FC-0313,CTA-FC-0313,Active,KEEP-LCSW,Workbook 3,Professional Competence,3,3,Maintaining Professional Competence,Application Principle,Recurring Feedback,What principle should guide the clinician’s decision?,Identify the underlying knowledge or skill deficit and complete targeted improvement while protecting current clients.,"Repeated errors indicate a pattern. Address the source, not only each individual example.",WB3-C3-Q012,CTA-MQB-0267,WB3-C3,,CTA Master Flashcard Library v1.0 shared-core record; reconciled to final LCSW Stage 5B workbook/rationale lineage.,"Reconciled August 7, 2026; recheck high-change law, BBS guidance, examination administration, NASW ethics, and federal overlays at Stage 5D/release.","August 7, 2026",1.0,2026-08-07,Synchronized,Shared Core
CTA-EP-002-FC-0314,CTA-FC-0314,CTA-FC-0314,Active,KEEP-LCSW,Workbook 3,Professional Competence,3,3,Maintaining Professional Competence,Application Principle,Professional Development Planning,What principle should guide the clinician’s decision?,"Reassess the competence demands of the current caseload, obtain relevant education and skill development, and limit or coordinate services when needed to protect clients.","When the practice changes, the learning plan must change with it.",WB3-C3-Q014,CTA-MQB-0269,WB3-C3,,CTA Master Flashcard Library v1.0 shared-core record; reconciled to final LCSW Stage 5B workbook/rationale lineage.,"Reconciled August 7, 2026; recheck high-change law, BBS guidance, examination administration, NASW ethics, and federal overlays at Stage 5D/release.","August 7, 2026",1.0,2026-08-07,Synchronized,Shared Core
CTA-EP-002-FC-0315,CTA-FC-0315,CTA-FC-0315,Active,KEEP-LCSW,Workbook 3,Professional Competence,3,3,Maintaining Professional Competence,Application Principle,Evaluating New Evidence,What principle should guide the clinician’s decision?,"Review the quality and relevance of the evidence, compare it with current standards and client needs, and modify practice when warranted.",The exam favors critical evaluation - not reflexive resistance or trend chasing.,WB3-C3-Q015,CTA-MQB-0270,WB3-C3,,CTA Master Flashcard Library v1.0 shared-core record; reconciled to final LCSW Stage 5B workbook/rationale lineage.,"Reconciled August 7, 2026; recheck high-change law, BBS guidance, examination administration, NASW ethics, and federal overlays at Stage 5D/release.","August 7, 2026",1.0,2026-08-07,Synchronized,Shared Core
CTA-EP-002-FC-0316,CTA-FC-0316,CTA-FC-0316,Active,KEEP-LCSW,Workbook 3,Professional Competence,3,3,Maintaining Professional Competence,Application Principle,New Trends and Competence,What principle should guide the clinician’s decision?,"Evaluate the evidence, risks, training requirements, and client fit before deciding whether to use the intervention.",Neither popularity nor client waiver replaces evidence and adequate preparation.,WB3-C3-Q016,CTA-MQB-0271,WB3-C3,,CTA Master Flashcard Library v1.0 shared-core record; reconciled to final LCSW Stage 5B workbook/rationale lineage.,"Reconciled August 7, 2026; recheck high-change law, BBS guidance, examination administration, NASW ethics, and federal overlays at Stage 5D/release.","August 7, 2026",1.0,2026-08-07,Synchronized,Shared Core
CTA-EP-002-FC-0317,CTA-FC-0317,CTA-FC-0317,Active,KEEP-LCSW,Workbook 3,Professional Competence,3,3,Maintaining Professional Competence,Application Principle,Comprehensive Competence Maintenance,What principle should guide the clinician’s decision?,"Identify and prioritize the specific gaps, verify current standards, obtain targeted learning, correct unsafe procedures, monitor outcomes, and protect clients while competence is strengthened.","For integrated questions, organize the concerns: current authority, actual performance, specific gaps, client risk, corrective learning, and follow-through.",WB3-C3-Q017,CTA-MQB-0272,WB3-C3,,CTA Master Flashcard Library v1.0 shared-core record; reconciled to final LCSW Stage 5B workbook/rationale lineage.,"Reconciled August 7, 2026; recheck high-change law, BBS guidance, examination administration, NASW ethics, and federal overlays at Stage 5D/release.","August 7, 2026",1.0,2026-08-07,Synchronized,Shared Core
CTA-EP-002-FC-0318,CTA-FC-0318,CTA-FC-0318,Active,KEEP-LCSW,Workbook 3,Professional Competence,3,4,Consultation and Seeking Professional Assistance,Application Principle,Purpose of Consultation,What principle should guide the clinician’s decision?,"Consultation adds expertise, perspective, or clarification without automatically changing the treating relationship or final responsibility.",Separate the function of consultation from the legal role of the treating clinician.,WB3-C4-Q001,CTA-MQB-0273,WB3-C4,,CTA Master Flashcard Library v1.0 shared-core record; reconciled to final LCSW Stage 5B workbook/rationale lineage.,"Reconciled August 7, 2026; recheck high-change law, BBS guidance, examination administration, NASW ethics, and federal overlays at Stage 5D/release.","August 7, 2026",1.0,2026-08-07,Synchronized,Shared Core
CTA-EP-002-FC-0319,CTA-FC-0319,CTA-FC-0319,Active,KEEP-LCSW,Workbook 3,Professional Competence,3,4,Consultation and Seeking Professional Assistance,Key Concept,Responsibility After Consultation,What is the key principle to remember?,Consultation informs a decision. The treating clinician remains responsible for applying governing law and professional judgment to the client’s circumstances.,"On the exam, “consult” rarely means “obey without analysis.”",WB3-C4-Q002,CTA-MQB-0274,WB3-C4,,CTA Master Flashcard Library v1.0 shared-core record; reconciled to final LCSW Stage 5B workbook/rationale lineage.,"Reconciled August 7, 2026; recheck high-change law, BBS guidance, examination administration, NASW ethics, and federal overlays at Stage 5D/release.","August 7, 2026",1.0,2026-08-07,Synchronized,Shared Core
CTA-EP-002-FC-0320,CTA-FC-0320,CTA-FC-0320,Active,KEEP-LCSW,Workbook 3,Professional Competence,3,4,Consultation and Seeking Professional Assistance,Distinction,Consultation vs. Referral,How should these concepts be separated on the exam?,"Consultation strengthens decision-making; referral connects the client with different or additional care. They may occur together, but they serve different functions.",Ask who remains involved in care and whether the arrangement actually changes providers.,WB3-C4-Q003,CTA-MQB-0275,WB3-C4,,CTA Master Flashcard Library v1.0 shared-core record; reconciled to final LCSW Stage 5B workbook/rationale lineage.,"Reconciled August 7, 2026; recheck high-change law, BBS guidance, examination administration, NASW ethics, and federal overlays at Stage 5D/release.","August 7, 2026",1.0,2026-08-07,Synchronized,Shared Core
CTA-EP-002-FC-0321,CTA-FC-0321,CTA-FC-0321,Active,ADAPT-LCSW,Workbook 3,Professional Competence,3,4,Consultation and Seeking Professional Assistance,Distinction,Consultation vs. Required Supervision,How should these concepts be separated on the exam?,"Consultation can supplement learning, but required ASW supervision, oversight, and approved direct supervisor contact remain in force.",Required supervision is not replaced by consultation.,WB3-C4-Q004,CTA-MQB-0276,WB3-C4,,CTA Master Flashcard Library v1.0 shared-core record; reconciled to final LCSW Stage 5B workbook/rationale lineage.,"Reconciled August 7, 2026; recheck high-change law, BBS guidance, examination administration, NASW ethics, and federal overlays at Stage 5D/release.","August 7, 2026",1.0,2026-08-07,Synchronized,Shared Core
CTA-EP-002-FC-0322,CTA-FC-0322,CTA-FC-0322,Active,KEEP-LCSW,Workbook 3,Professional Competence,3,4,Consultation and Seeking Professional Assistance,Key Concept,Confidentiality Check,What is the key principle to remember?,"Identify the purpose and recipient, determine the legal disclosure basis, and limit information to the legitimate consultation need This sequence recognizes that legal permission and proportional disclosure are context-dependent. [Civ. Code § 56.10]",Avoid “always” and “never” answers in consultation-confidentiality questions unless a specific rule supports them.,WB3-C4-Q005,CTA-MQB-0277,WB3-C4,,CTA Master Flashcard Library v1.0 shared-core record; reconciled to final LCSW Stage 5B workbook/rationale lineage.,"Reconciled August 7, 2026; recheck high-change law, BBS guidance, examination administration, NASW ethics, and federal overlays at Stage 5D/release.","August 7, 2026",1.0,2026-08-07,Synchronized,Shared Core
CTA-EP-002-FC-0323,CTA-FC-0323,CTA-FC-0323,Active,KEEP-LCSW,Workbook 3,Professional Competence,3,4,Consultation and Seeking Professional Assistance,Application Principle,Personal Reactions and Objectivity,What principle should guide the clinician’s decision?,"The BBS outlines test awareness and management of personal values, beliefs, and reactions, including situations indicating professional assistance or consultation.",Choose the response that protects the client while addressing the clinician factor directly and proportionately.,WB3-C4-Q006,CTA-MQB-0278,WB3-C4,,CTA Master Flashcard Library v1.0 shared-core record; reconciled to final LCSW Stage 5B workbook/rationale lineage.,"Reconciled August 7, 2026; recheck high-change law, BBS guidance, examination administration, NASW ethics, and federal overlays at Stage 5D/release.","August 7, 2026",1.0,2026-08-07,Synchronized,Shared Core
CTA-EP-002-FC-0324,CTA-FC-0324,CTA-FC-0324,Active,KEEP-LCSW,Workbook 3,Professional Competence,3,4,Consultation and Seeking Professional Assistance,Application Principle,Selecting a Consultant,What principle should guide the clinician’s decision?,The consultant must fit the actual question and be able to receive and handle information appropriately.,"Match the consultant to the issue, not to the clinician’s comfort or desired answer.",WB3-C4-Q007,CTA-MQB-0279,WB3-C4,,CTA Master Flashcard Library v1.0 shared-core record; reconciled to final LCSW Stage 5B workbook/rationale lineage.,"Reconciled August 7, 2026; recheck high-change law, BBS guidance, examination administration, NASW ethics, and federal overlays at Stage 5D/release.","August 7, 2026",1.0,2026-08-07,Synchronized,Shared Core
CTA-EP-002-FC-0325,CTA-FC-0325,CTA-FC-0325,Active,ADAPT-LCSW,Workbook 3,Professional Competence,3,4,Consultation and Seeking Professional Assistance,Application Principle,Treatment Consultation and Disclosure,What principle should guide the clinician’s decision?,"The LCSW should confirm the treatment purpose and legal basis, use relevant information, and de-identify or limit details when feasible.",Do not collapse “treatment exception” into “anything goes.” Analyze both permission and scope.,WB3-C4-Q008,CTA-MQB-0280,WB3-C4,,CTA Master Flashcard Library v1.0 shared-core record; reconciled to final LCSW Stage 5B workbook/rationale lineage.,"Reconciled August 7, 2026; recheck high-change law, BBS guidance, examination administration, NASW ethics, and federal overlays at Stage 5D/release.","August 7, 2026",1.0,2026-08-07,Synchronized,Shared Core
CTA-EP-002-FC-0326,CTA-FC-0326,CTA-FC-0326,Active,ADAPT-LCSW,Workbook 3,Professional Competence,3,4,Consultation and Seeking Professional Assistance,Application Principle,Documentation,What principle should guide the clinician’s decision?,"A timely record of the reason for consultation, significant input, the clinician’s independent assessment, action, and follow-up captures the material reasoning and preserves accountability.","Document the decision pathway, not a liability-shifting story or an unnecessary transcript.",WB3-C4-Q009,CTA-MQB-0281,WB3-C4,,CTA Master Flashcard Library v1.0 shared-core record; reconciled to final LCSW Stage 5B workbook/rationale lineage.,"Reconciled August 7, 2026; recheck high-change law, BBS guidance, examination administration, NASW ethics, and federal overlays at Stage 5D/release.","August 7, 2026",1.0,2026-08-07,Synchronized,Shared Core
CTA-EP-002-FC-0327,CTA-FC-0327,CTA-FC-0327,Active,KEEP-LCSW,Workbook 3,Professional Competence,3,4,Consultation and Seeking Professional Assistance,Application Principle,Urgent Threat and Consultation,What principle should guide the clinician’s decision?,California Civil Code section 43.92 requires a duty-to-protect analysis under specified facts; consultation may occur promptly but cannot postpone necessary protection.,"In urgent scenarios, reject answers that make routine consultation a reason to wait.",WB3-C4-Q010,CTA-MQB-0282,WB3-C4,,CTA Master Flashcard Library v1.0 shared-core record; reconciled to final LCSW Stage 5B workbook/rationale lineage.,"Reconciled August 7, 2026; recheck high-change law, BBS guidance, examination administration, NASW ethics, and federal overlays at Stage 5D/release.","August 7, 2026",1.0,2026-08-07,Synchronized,Shared Core
CTA-EP-002-FC-0328,CTA-FC-0328,CTA-FC-0328,Active,KEEP-LCSW,Workbook 3,Professional Competence,3,4,Consultation and Seeking Professional Assistance,Application Principle,Individual Mandated-Reporting Duty,What principle should guide the clinician’s decision?,"Reasonable suspicion is sufficient, the duty is individual, and a supervisor may not impede it. [Pen. Code § 11166]","When the statute states an individual duty, neither consultation nor supervision can veto it.",WB3-C4-Q011,CTA-MQB-0283,WB3-C4,,CTA Master Flashcard Library v1.0 shared-core record; reconciled to final LCSW Stage 5B workbook/rationale lineage.,"Reconciled August 7, 2026; recheck high-change law, BBS guidance, examination administration, NASW ethics, and federal overlays at Stage 5D/release.","August 7, 2026",1.0,2026-08-07,Synchronized,Shared Core
CTA-EP-002-FC-0329,CTA-FC-0329,CTA-FC-0329,Active,KEEP-LCSW,Workbook 3,Professional Competence,3,4,Consultation and Seeking Professional Assistance,Application Principle,Consultation and Competence,What principle should guide the clinician’s decision?,The response matches assistance to the actual competence gap and protects continuity rather than assuming one conversation is enough.,Consultation can identify a pathway to competence; it is not itself proof that the pathway is complete.,WB3-C4-Q012,CTA-MQB-0284,WB3-C4,,CTA Master Flashcard Library v1.0 shared-core record; reconciled to final LCSW Stage 5B workbook/rationale lineage.,"Reconciled August 7, 2026; recheck high-change law, BBS guidance, examination administration, NASW ethics, and federal overlays at Stage 5D/release.","August 7, 2026",1.0,2026-08-07,Synchronized,Shared Core
CTA-EP-002-FC-0330,CTA-FC-0330,CTA-FC-0330,Active,KEEP-LCSW,Workbook 3,Professional Competence,3,4,Consultation and Seeking Professional Assistance,Application Principle,Legal Consultation and Records Request,What principle should guide the clinician’s decision?,"The therapist should protect the information, assess validity and jurisdiction, and obtain issue-specific legal guidance. A friend’s clinical license does not make the friend legal counsel.","When a legal document is ambiguous, do not choose automatic disclosure or automatic refusal; preserve and verify.",WB3-C4-Q013,CTA-MQB-0285,WB3-C4,,CTA Master Flashcard Library v1.0 shared-core record; reconciled to final LCSW Stage 5B workbook/rationale lineage.,"Reconciled August 7, 2026; recheck high-change law, BBS guidance, examination administration, NASW ethics, and federal overlays at Stage 5D/release.","August 7, 2026",1.0,2026-08-07,Synchronized,Shared Core
CTA-EP-002-FC-0331,CTA-FC-0331,CTA-FC-0331,Active,KEEP-LCSW,Workbook 3,Professional Competence,3,4,Consultation and Seeking Professional Assistance,Application Principle,Conflicting Consultation,What principle should guide the clinician’s decision?,"Conflicting opinions signal a need to identify missing facts and assumptions, not to surrender judgment. The client’s risk and continuity remain central.","Conflicting consultation calls for synthesis, not a vote or seniority rule.","WB3-C4-Q014, WB5-C4-Q016, WB5-C5-Q014","CTA-MQB-0286, CTA-MQB-0475, CTA-MQB-0490",WB3-C4,,CTA Master Flashcard Library v1.0 shared-core record; reconciled to final LCSW Stage 5B workbook/rationale lineage.,"Reconciled August 7, 2026; recheck high-change law, BBS guidance, examination administration, NASW ethics, and federal overlays at Stage 5D/release.","August 7, 2026",1.0,2026-08-07,Synchronized,Shared Core
CTA-EP-002-FC-0332,CTA-FC-0332,CTA-FC-0332,Active,KEEP-LCSW,Workbook 3,Professional Competence,3,4,Consultation and Seeking Professional Assistance,Application Principle,Access Limits and Safe Continuity,What principle should guide the clinician’s decision?,"Assess risk and the specific gap, obtain qualified consultation or collaboration, add needed training or supervision, and modify or refer/transfer if safe care cannot be maintained This proportionate response protects access while testing whether supports can make continued care safe; it also preserves referral or higher care when supports are insufficient.",The best exam answer often uses the least disruptive option that actually protects the client - not the least disruptive option at any cost.,WB3-C4-Q015,CTA-MQB-0287,WB3-C4,,CTA Master Flashcard Library v1.0 shared-core record; reconciled to final LCSW Stage 5B workbook/rationale lineage.,"Reconciled August 7, 2026; recheck high-change law, BBS guidance, examination administration, NASW ethics, and federal overlays at Stage 5D/release.","August 7, 2026",1.0,2026-08-07,Synchronized,Shared Core
CTA-EP-002-FC-0333,CTA-FC-0333,CTA-FC-0333,Active,KEEP-LCSW,Workbook 3,Professional Competence,3,4,Consultation and Seeking Professional Assistance,Legal Rule,Authorization and Community Consultation,"What legal rule, authority, or timing requirement applies?","The therapist can seek general, de-identified cultural knowledge or another resource while respecting the client’s refusal and confidentiality.",Distinguish valuable cultural knowledge from legal status as a treating health care professional.,WB3-C4-Q016,CTA-MQB-0288,WB3-C4,,CTA Master Flashcard Library v1.0 shared-core record; reconciled to final LCSW Stage 5B workbook/rationale lineage.,"Reconciled August 7, 2026; recheck high-change law, BBS guidance, examination administration, NASW ethics, and federal overlays at Stage 5D/release.","August 7, 2026",1.0,2026-08-07,Synchronized,Shared Core
CTA-EP-002-FC-0334,CTA-FC-0334,CTA-FC-0334,Active,ADAPT-LCSW,Workbook 3,Professional Competence,3,4,Consultation and Seeking Professional Assistance,Application Principle,"Integrated Risk, Supervision, Competence, and Consultation",What principle should guide the clinician’s decision?,"Assess immediate medical and safety risk, involve the approved supervisor promptly, obtain specialized consultation or collaboration as appropriate, arrange higher care or transfer if indicated, protect confidentiality, and document the ASW’s reasoning and actions.",Integrated questions reward correct ordering: risk → duty/supervision → competence support → continuity → confidentiality → documentation.,WB3-C4-Q017,CTA-MQB-0289,WB3-C4,,CTA Master Flashcard Library v1.0 shared-core record; reconciled to final LCSW Stage 5B workbook/rationale lineage.,"Reconciled August 7, 2026; recheck high-change law, BBS guidance, examination administration, NASW ethics, and federal overlays at Stage 5D/release.","August 7, 2026",1.0,2026-08-07,Synchronized,Shared Core
CTA-EP-002-FC-0369,CTA-FC-0369,CTA-FC-0369,Active,KEEP-LCSW,Workbook 4,Professional Impairment,4,1,Recognizing Professional Impairment,Key Concept,Definition of Professional Impairment,What is the key principle to remember?,"Impairment is a functional concept involving interference with safe, ethical, or effective performance.",Choose the answer that connects a condition to actual professional functioning and client protection.,WB4-C1-Q001,CTA-MQB-0324,WB4-C1,,CTA Master Flashcard Library v1.0 shared-core record; reconciled to final LCSW Stage 5B workbook/rationale lineage.,"Reconciled August 7, 2026; recheck high-change law, BBS guidance, examination administration, NASW ethics, and federal overlays at Stage 5D/release.","August 7, 2026",1.0,2026-08-07,Synchronized,Shared Core
CTA-EP-002-FC-0370,CTA-FC-0370,CTA-FC-0370,Active,KEEP-LCSW,Workbook 4,Professional Impairment,4,1,Recognizing Professional Impairment,Distinction,Diagnosis vs. Impairment,How should these concepts be separated on the exam?,The diagnosis alone does not establish impairment because professional functioning remains effective The facts show effective professional functioning despite the diagnosis.,"Do not stigmatize a diagnosis. Look for actual decline in judgment, performance, or client safety.",WB4-C1-Q002,CTA-MQB-0325,WB4-C1,,CTA Master Flashcard Library v1.0 shared-core record; reconciled to final LCSW Stage 5B workbook/rationale lineage.,"Reconciled August 7, 2026; recheck high-change law, BBS guidance, examination administration, NASW ethics, and federal overlays at Stage 5D/release.","August 7, 2026",1.0,2026-08-07,Synchronized,Shared Core
CTA-EP-002-FC-0371,CTA-FC-0371,CTA-FC-0371,Active,KEEP-LCSW,Workbook 4,Professional Impairment,4,1,Recognizing Professional Impairment,Exam Trap,Pattern and Warning Signs,What common exam mistake should be avoided?,A repeated pattern across several professional duties suggests meaningful functional decline.,"Patterns, persistence, severity, and client impact carry more weight than a single isolated event.",WB4-C1-Q003,CTA-MQB-0326,WB4-C1,,CTA Master Flashcard Library v1.0 shared-core record; reconciled to final LCSW Stage 5B workbook/rationale lineage.,"Reconciled August 7, 2026; recheck high-change law, BBS guidance, examination administration, NASW ethics, and federal overlays at Stage 5D/release.","August 7, 2026",1.0,2026-08-07,Synchronized,Shared Core
CTA-EP-002-FC-0372,CTA-FC-0372,CTA-FC-0372,Active,KEEP-LCSW,Workbook 4,Professional Impairment,4,1,Recognizing Professional Impairment,Distinction,Impairment vs. Misconduct,How should these concepts be separated on the exam?,"The concepts may overlap, but their primary focus differs.",Separate the source of reduced functioning from the conduct that must still be evaluated and addressed.,WB4-C1-Q004,CTA-MQB-0327,WB4-C1,,CTA Master Flashcard Library v1.0 shared-core record; reconciled to final LCSW Stage 5B workbook/rationale lineage.,"Reconciled August 7, 2026; recheck high-change law, BBS guidance, examination administration, NASW ethics, and federal overlays at Stage 5D/release.","August 7, 2026",1.0,2026-08-07,Synchronized,Shared Core
CTA-EP-002-FC-0373,CTA-FC-0373,CTA-FC-0373,Active,KEEP-LCSW,Workbook 4,Professional Impairment,4,1,Recognizing Professional Impairment,Key Concept,Initial Functional Assessment,What is the key principle to remember?,A focused functional and risk assessment should guide the next proportionate step.,"When urgency is not established, identify and assess before choosing a more restrictive intervention.","WB4-C1-Q005, WB4-C2-Q005, WB4-C4-Q005","CTA-MQB-0328, CTA-MQB-0345, CTA-MQB-0379",WB4-C1,,CTA Master Flashcard Library v1.0 shared-core record; reconciled to final LCSW Stage 5B workbook/rationale lineage.,"Reconciled August 7, 2026; recheck high-change law, BBS guidance, examination administration, NASW ethics, and federal overlays at Stage 5D/release.","August 7, 2026",1.0,2026-08-07,Synchronized,Shared Core
CTA-EP-002-FC-0374,CTA-FC-0374,CTA-FC-0374,Active,KEEP-LCSW,Workbook 4,Professional Impairment,4,1,Recognizing Professional Impairment,Application Principle,Stress With Intact Functioning,What principle should guide the clinician’s decision?,"The central issue is professional functioning, which remains intact in the scenario.",The presence of a stressor is not enough; locate evidence of actual professional impact.,WB4-C1-Q006,CTA-MQB-0329,WB4-C1,,CTA Master Flashcard Library v1.0 shared-core record; reconciled to final LCSW Stage 5B workbook/rationale lineage.,"Reconciled August 7, 2026; recheck high-change law, BBS guidance, examination administration, NASW ethics, and federal overlays at Stage 5D/release.","August 7, 2026",1.0,2026-08-07,Synchronized,Shared Core
CTA-EP-002-FC-0375,CTA-FC-0375,CTA-FC-0375,Active,KEEP-LCSW,Workbook 4,Professional Impairment,4,1,Recognizing Professional Impairment,Application Principle,Pattern of Functional Decline,What principle should guide the clinician’s decision?,"The repeated pattern affects reliability, documentation, memory, and risk assessment and requires prompt evaluation.","When several areas of performance decline together, treat the pattern as clinically and ethically significant.",WB4-C1-Q007,CTA-MQB-0330,WB4-C1,,CTA Master Flashcard Library v1.0 shared-core record; reconciled to final LCSW Stage 5B workbook/rationale lineage.,"Reconciled August 7, 2026; recheck high-change law, BBS guidance, examination administration, NASW ethics, and federal overlays at Stage 5D/release.","August 7, 2026",1.0,2026-08-07,Synchronized,Shared Core
CTA-EP-002-FC-0376,CTA-FC-0376,CTA-FC-0376,Active,KEEP-LCSW,Workbook 4,Professional Impairment,4,1,Recognizing Professional Impairment,Application Principle,Medication and Functional Impact,What principle should guide the clinician’s decision?,The professional question is whether side effects interfere with safe performance.,"Focus on observable side effects and current performance, not the legal status of the medication alone.",WB4-C1-Q008,CTA-MQB-0331,WB4-C1,,CTA Master Flashcard Library v1.0 shared-core record; reconciled to final LCSW Stage 5B workbook/rationale lineage.,"Reconciled August 7, 2026; recheck high-change law, BBS guidance, examination administration, NASW ethics, and federal overlays at Stage 5D/release.","August 7, 2026",1.0,2026-08-07,Synchronized,Shared Core
CTA-EP-002-FC-0377,CTA-FC-0377,CTA-FC-0377,Active,KEEP-LCSW,Workbook 4,Professional Impairment,4,1,Recognizing Professional Impairment,Application Principle,Immediate Colleague Concern,What principle should guide the clinician’s decision?,The observer should prevent unsafe service and use the available professional chain of responsibility.,"In an urgent situation, protect the client first; investigate the cause after unsafe practice has been prevented.",WB4-C1-Q009,CTA-MQB-0332,WB4-C1,,CTA Master Flashcard Library v1.0 shared-core record; reconciled to final LCSW Stage 5B workbook/rationale lineage.,"Reconciled August 7, 2026; recheck high-change law, BBS guidance, examination administration, NASW ethics, and federal overlays at Stage 5D/release.","August 7, 2026",1.0,2026-08-07,Synchronized,Shared Core
CTA-EP-002-FC-0378,CTA-FC-0378,CTA-FC-0378,Active,KEEP-LCSW,Workbook 4,Professional Impairment,4,1,Recognizing Professional Impairment,Application Principle,Feedback and Insight,What principle should guide the clinician’s decision?,Persistent dismissal of concrete concerns increases the risk that functional decline will continue unaddressed.,"The examination often treats denial or minimization as an additional risk factor, not proof of a diagnosis.",WB4-C1-Q010,CTA-MQB-0333,WB4-C1,,CTA Master Flashcard Library v1.0 shared-core record; reconciled to final LCSW Stage 5B workbook/rationale lineage.,"Reconciled August 7, 2026; recheck high-change law, BBS guidance, examination administration, NASW ethics, and federal overlays at Stage 5D/release.","August 7, 2026",1.0,2026-08-07,Synchronized,Shared Core
CTA-EP-002-FC-0379,CTA-FC-0379,CTA-FC-0379,Active,KEEP-LCSW,Workbook 4,Professional Impairment,4,1,Recognizing Professional Impairment,Distinction,Impairment vs. Incompetence,How should these concepts be separated on the exam?,"Impairment is one possible source of reduced ability, not the only source.",Identify whether the question is asking about the cause of decline or the clinician’s actual ability to perform.,WB4-C1-Q011,CTA-MQB-0334,WB4-C1,,CTA Master Flashcard Library v1.0 shared-core record; reconciled to final LCSW Stage 5B workbook/rationale lineage.,"Reconciled August 7, 2026; recheck high-change law, BBS guidance, examination administration, NASW ethics, and federal overlays at Stage 5D/release.","August 7, 2026",1.0,2026-08-07,Synchronized,Shared Core
CTA-EP-002-FC-0380,CTA-FC-0380,CTA-FC-0380,Active,KEEP-LCSW,Workbook 4,Professional Impairment,4,1,Recognizing Professional Impairment,Application Principle,California Substance-Related Standard,What principle should guide the clinician’s decision?,The BBS practice acts focus on use that is dangerous or injurious or impairs safe professional practice.,"On legal questions, look for the statutory link between substance use and danger, injury, or inability to practice safely.",WB4-C1-Q012,CTA-MQB-0335,WB4-C1,,CTA Master Flashcard Library v1.0 shared-core record; reconciled to final LCSW Stage 5B workbook/rationale lineage.,"Reconciled August 7, 2026; recheck high-change law, BBS guidance, examination administration, NASW ethics, and federal overlays at Stage 5D/release.","August 7, 2026",1.0,2026-08-07,Synchronized,Shared Core
CTA-EP-002-FC-0381,CTA-FC-0381,CTA-FC-0381,Active,KEEP-LCSW,Workbook 4,Professional Impairment,4,1,Recognizing Professional Impairment,Application Principle,Recognizing a Pattern of Fatigue-Related Functional Decline,What principle should guide the clinician’s decision?,"Repeated dozing, errors, and difficulty retaining information suggest a meaningful decline in professional functioning. The first response is a prompt, focused assessment of severity, causes, client impact, and immediate safeguards. Temporary workload changes, coverage, consultation, or medical evaluation may be appropriate depending on the findings.","When a pattern suggests impairment but no immediate emergency is established, assess functioning promptly and use proportionate safeguards before choosing a permanent response.",WB4-C1-Q013,CTA-MQB-0336,WB4-C1,,CTA Master Flashcard Library v1.0 shared-core record; reconciled to final LCSW Stage 5B workbook/rationale lineage.,"Reconciled August 7, 2026; recheck high-change law, BBS guidance, examination administration, NASW ethics, and federal overlays at Stage 5D/release.","August 7, 2026",1.0,2026-08-07,Synchronized,Shared Core
CTA-EP-002-FC-0382,CTA-FC-0382,CTA-FC-0382,Active,KEEP-LCSW,Workbook 4,Professional Impairment,4,1,Recognizing Professional Impairment,Application Principle,"Disability, Bias, and Functional Assessment",What principle should guide the clinician’s decision?,"Professional impairment is a functional concept. The facts show that the clinician continues to perform essential duties safely and effectively. A disability and an effective accommodation do not, by themselves, establish impairment.","Avoid conclusions based on diagnosis, disability, or accommodation alone. Look for evidence of actual professional functioning and client impact.",WB4-C1-Q014,CTA-MQB-0337,WB4-C1,,CTA Master Flashcard Library v1.0 shared-core record; reconciled to final LCSW Stage 5B workbook/rationale lineage.,"Reconciled August 7, 2026; recheck high-change law, BBS guidance, examination administration, NASW ethics, and federal overlays at Stage 5D/release.","August 7, 2026",1.0,2026-08-07,Synchronized,Shared Core
CTA-EP-002-FC-0383,CTA-FC-0383,CTA-FC-0383,Active,KEEP-LCSW,Workbook 4,Professional Impairment,4,1,Recognizing Professional Impairment,Application Principle,Colleague Impairment and Appropriate Channels,What principle should guide the clinician’s decision?,NASW ethical standards support action through appropriate channels when impairment affects practice and has not been adequately addressed.,"After feasible supportive efforts fail, the exam favors appropriate formal channels - not gossip, avoidance, or unsupported diagnosis.",WB4-C1-Q015,CTA-MQB-0338,WB4-C1,,CTA Master Flashcard Library v1.0 shared-core record; reconciled to final LCSW Stage 5B workbook/rationale lineage.,"Reconciled August 7, 2026; recheck high-change law, BBS guidance, examination administration, NASW ethics, and federal overlays at Stage 5D/release.","August 7, 2026",1.0,2026-08-07,Synchronized,Shared Core
CTA-EP-002-FC-0384,CTA-FC-0384,CTA-FC-0384,Active,KEEP-LCSW,Workbook 4,Professional Impairment,4,1,Recognizing Professional Impairment,Application Principle,"Impairment, Income, and Professional Responsibility",What principle should guide the clinician’s decision?,"The functional effects are already compromising professional performance, and financial pressure does not justify unsafe practice.",Do not stigmatize the condition; focus on actual functional effects and whether the clinician responds responsibly.,WB4-C1-Q016,CTA-MQB-0339,WB4-C1,,CTA Master Flashcard Library v1.0 shared-core record; reconciled to final LCSW Stage 5B workbook/rationale lineage.,"Reconciled August 7, 2026; recheck high-change law, BBS guidance, examination administration, NASW ethics, and federal overlays at Stage 5D/release.","August 7, 2026",1.0,2026-08-07,Synchronized,Shared Core
CTA-EP-002-FC-0385,CTA-FC-0385,CTA-FC-0385,Active,KEEP-LCSW,Workbook 4,Professional Impairment,4,1,Recognizing Professional Impairment,Application Principle,Comprehensive Impairment Analysis,What principle should guide the clinician’s decision?,"Identify the functional decline, assess immediate client risk, use appropriate supervision and health support, modify or stop affected duties as needed, arrange continuity of care, and reevaluate before resuming full responsibilities This integrates recognition, risk assessment, proportionate action, professional assistance, continuity, and return-to-practice evaluation.","For integrated questions, organize the facts using FUNCTION, PATTERN, RISK, RESPONSE, and CONTINUITY.",WB4-C1-Q017,CTA-MQB-0340,WB4-C1,,CTA Master Flashcard Library v1.0 shared-core record; reconciled to final LCSW Stage 5B workbook/rationale lineage.,"Reconciled August 7, 2026; recheck high-change law, BBS guidance, examination administration, NASW ethics, and federal overlays at Stage 5D/release.","August 7, 2026",1.0,2026-08-07,Synchronized,Shared Core
CTA-EP-002-FC-0386,CTA-FC-0386,CTA-FC-0386,Active,KEEP-LCSW,Workbook 4,Professional Impairment,4,2,Substance Use and Professional Impairment,Distinction,Substance Use vs. Impairment,How should these concepts be separated on the exam?,"Professional impairment is a functional concept tied to safe, ethical, and effective performance.",Choose the answer that connects substance effects to current professional functioning and client protection.,WB4-C2-Q001,CTA-MQB-0341,WB4-C2,,CTA Master Flashcard Library v1.0 shared-core record; reconciled to final LCSW Stage 5B workbook/rationale lineage.,"Reconciled August 7, 2026; recheck high-change law, BBS guidance, examination administration, NASW ethics, and federal overlays at Stage 5D/release.","August 7, 2026",1.0,2026-08-07,Synchronized,Shared Core
CTA-EP-002-FC-0387,CTA-FC-0387,CTA-FC-0387,Active,KEEP-LCSW,Workbook 4,Professional Impairment,4,2,Substance Use and Professional Impairment,Key Concept,Prescribed Medication,What is the key principle to remember?,"The relevant issue is the medication’s actual effect on professional functioning, addressed with appropriate medical input.","“Prescribed” answers legality of access, not the clinician’s ability to perform every duty safely.",WB4-C2-Q002,CTA-MQB-0342,WB4-C2,,CTA Master Flashcard Library v1.0 shared-core record; reconciled to final LCSW Stage 5B workbook/rationale lineage.,"Reconciled August 7, 2026; recheck high-change law, BBS guidance, examination administration, NASW ethics, and federal overlays at Stage 5D/release.","August 7, 2026",1.0,2026-08-07,Synchronized,Shared Core
CTA-EP-002-FC-0388,CTA-FC-0388,CTA-FC-0388,Active,KEEP-LCSW,Workbook 4,Professional Impairment,4,2,Substance Use and Professional Impairment,Application Principle,Off-Duty Residual Effects,What principle should guide the clinician’s decision?,"Off-duty conduct becomes professionally relevant when its effects carry into judgment, reliability, or client care.","Focus on carryover into professional functioning, not simply the time or place of use.",WB4-C2-Q003,CTA-MQB-0343,WB4-C2,,CTA Master Flashcard Library v1.0 shared-core record; reconciled to final LCSW Stage 5B workbook/rationale lineage.,"Reconciled August 7, 2026; recheck high-change law, BBS guidance, examination administration, NASW ethics, and federal overlays at Stage 5D/release.","August 7, 2026",1.0,2026-08-07,Synchronized,Shared Core
CTA-EP-002-FC-0389,CTA-FC-0389,CTA-FC-0389,Active,KEEP-LCSW,Workbook 4,Professional Impairment,4,2,Substance Use and Professional Impairment,Distinction,Legal Status vs. Safe Practice,How should these concepts be separated on the exam?,Safe professional functioning remains the controlling issue.,Do not confuse lawful possession or use with professional fitness for a specific duty.,WB4-C2-Q004,CTA-MQB-0344,WB4-C2,,CTA Master Flashcard Library v1.0 shared-core record; reconciled to final LCSW Stage 5B workbook/rationale lineage.,"Reconciled August 7, 2026; recheck high-change law, BBS guidance, examination administration, NASW ethics, and federal overlays at Stage 5D/release.","August 7, 2026",1.0,2026-08-07,Synchronized,Shared Core
CTA-EP-002-FC-0390,CTA-FC-0390,CTA-FC-0390,Active,KEEP-LCSW,Workbook 4,Professional Impairment,4,2,Substance Use and Professional Impairment,Application Principle,Use Without Functional Impact,What principle should guide the clinician’s decision?,Substance use and professional impairment are not interchangeable.,Do not infer impairment from use alone when the stem affirmatively shows intact functioning.,WB4-C2-Q006,CTA-MQB-0346,WB4-C2,,CTA Master Flashcard Library v1.0 shared-core record; reconciled to final LCSW Stage 5B workbook/rationale lineage.,"Reconciled August 7, 2026; recheck high-change law, BBS guidance, examination administration, NASW ethics, and federal overlays at Stage 5D/release.","August 7, 2026",1.0,2026-08-07,Synchronized,Shared Core
CTA-EP-002-FC-0391,CTA-FC-0391,CTA-FC-0391,Active,KEEP-LCSW,Workbook 4,Professional Impairment,4,2,Substance Use and Professional Impairment,Application Principle,Immediate Client Safety,What principle should guide the clinician’s decision?,Objective signs and the high-risk assignment require immediate protective action and coverage.,"In an urgent safety scenario, coverage and protection come before diagnostic certainty.",WB4-C2-Q007,CTA-MQB-0347,WB4-C2,,CTA Master Flashcard Library v1.0 shared-core record; reconciled to final LCSW Stage 5B workbook/rationale lineage.,"Reconciled August 7, 2026; recheck high-change law, BBS guidance, examination administration, NASW ethics, and federal overlays at Stage 5D/release.","August 7, 2026",1.0,2026-08-07,Synchronized,Shared Core
CTA-EP-002-FC-0392,CTA-FC-0392,CTA-FC-0392,Active,KEEP-LCSW,Workbook 4,Professional Impairment,4,2,Substance Use and Professional Impairment,Application Principle,Medication Side Effects and High-Risk Work,What principle should guide the clinician’s decision?,"Assess current fitness for crisis work, seek medical guidance, and modify duties or scheduling as needed to protect clients This response addresses both the health issue and the current professional duty.",Select the answer that addresses present client risk while using appropriate medical consultation.,WB4-C2-Q008,CTA-MQB-0348,WB4-C2,,CTA Master Flashcard Library v1.0 shared-core record; reconciled to final LCSW Stage 5B workbook/rationale lineage.,"Reconciled August 7, 2026; recheck high-change law, BBS guidance, examination administration, NASW ethics, and federal overlays at Stage 5D/release.","August 7, 2026",1.0,2026-08-07,Synchronized,Shared Core
CTA-EP-002-FC-0393,CTA-FC-0393,CTA-FC-0393,Active,KEEP-LCSW,Workbook 4,Professional Impairment,4,2,Substance Use and Professional Impairment,Application Principle,Colleague Concern,What principle should guide the clinician’s decision?,The therapist can address objective functioning and risk without knowing the cause.,You do not need a diagnosis to address observable unsafe performance; you do need role-appropriate action.,"WB4-C2-Q009, WB4-C3-Q012","CTA-MQB-0349, CTA-MQB-0369",WB4-C2,,CTA Master Flashcard Library v1.0 shared-core record; reconciled to final LCSW Stage 5B workbook/rationale lineage.,"Reconciled August 7, 2026; recheck high-change law, BBS guidance, examination administration, NASW ethics, and federal overlays at Stage 5D/release.","August 7, 2026",1.0,2026-08-07,Synchronized,Shared Core
CTA-EP-002-FC-0394,CTA-FC-0394,CTA-FC-0394,Active,KEEP-LCSW,Workbook 4,Professional Impairment,4,2,Substance Use and Professional Impairment,Application Principle,Treatment and Current Duties,What principle should guide the clinician’s decision?,Recovery support and protection of current clients must be addressed together.,"Help-seeking is important, but ask whether current duties are safe right now.","WB4-C2-Q010, WB4-C3-Q010","CTA-MQB-0350, CTA-MQB-0367",WB4-C2,,CTA Master Flashcard Library v1.0 shared-core record; reconciled to final LCSW Stage 5B workbook/rationale lineage.,"Reconciled August 7, 2026; recheck high-change law, BBS guidance, examination administration, NASW ethics, and federal overlays at Stage 5D/release.","August 7, 2026",1.0,2026-08-07,Synchronized,Shared Core
CTA-EP-002-FC-0395,CTA-FC-0395,CTA-FC-0395,Active,KEEP-LCSW,Workbook 4,Professional Impairment,4,3,"Mental Health, Burnout, and Compassion Fatigue",Distinction,Single Sign vs. Pattern,How should these concepts be separated on the exam?,"Pattern, persistence, severity, and professional effect matter more than one isolated nonspecific observation.",Avoid converting one difficult moment into an impairment finding.,"WB4-C2-Q011, WB4-C3-Q011","CTA-MQB-0351, CTA-MQB-0368",WB4-C3,,CTA Master Flashcard Library v1.0 shared-core record; reconciled to final LCSW Stage 5B workbook/rationale lineage.,"Reconciled August 7, 2026; recheck high-change law, BBS guidance, examination administration, NASW ethics, and federal overlays at Stage 5D/release.","August 7, 2026",1.0,2026-08-07,Synchronized,Shared Core
CTA-EP-002-FC-0396,CTA-FC-0396,CTA-FC-0396,Active,KEEP-LCSW,Workbook 4,Professional Impairment,4,2,Substance Use and Professional Impairment,Application Principle,Residual Effects and On-Call Duty,What principle should guide the clinician’s decision?,Residual effects and missed emergency availability directly affected professional responsibilities.,Off-duty use is tested through its carryover into professional obligations.,WB4-C2-Q012,CTA-MQB-0352,WB4-C2,,CTA Master Flashcard Library v1.0 shared-core record; reconciled to final LCSW Stage 5B workbook/rationale lineage.,"Reconciled August 7, 2026; recheck high-change law, BBS guidance, examination administration, NASW ethics, and federal overlays at Stage 5D/release.","August 7, 2026",1.0,2026-08-07,Synchronized,Shared Core
CTA-EP-002-FC-0397,CTA-FC-0397,CTA-FC-0397,Active,ADAPT-LCSW,Workbook 4,Professional Impairment,4,2,Substance Use and Professional Impairment,Application Principle,California Unprofessional Conduct,What principle should guide the clinician’s decision?,"California Business and Professions Code section 4992.3(c) addresses alcohol or drug use by an LCSW to an extent or in a manner that is dangerous or injurious, or that impairs the ability to conduct the authorized practice safely to the public.","Look for the statutory link to danger, injury, or inability to practice safely - not use alone.",WB4-C2-Q013,CTA-MQB-0353,WB4-C2,,CTA Master Flashcard Library v1.0 shared-core record; reconciled to final LCSW Stage 5B workbook/rationale lineage.,"Reconciled August 7, 2026; recheck high-change law, BBS guidance, examination administration, NASW ethics, and federal overlays at Stage 5D/release.","August 7, 2026",1.0,2026-08-07,Synchronized,Shared Core
CTA-EP-002-FC-0398,CTA-FC-0398,CTA-FC-0398,Active,KEEP-LCSW,Workbook 4,Professional Impairment,4,2,Substance Use and Professional Impairment,Application Principle,Supervision and Accurate Disclosure,What principle should guide the clinician’s decision?,Accurate disclosure is necessary for meaningful supervision and client protection.,"In supervision questions, concealment prevents the supervisor from carrying out risk-management duties.",WB4-C2-Q014,CTA-MQB-0354,WB4-C2,,CTA Master Flashcard Library v1.0 shared-core record; reconciled to final LCSW Stage 5B workbook/rationale lineage.,"Reconciled August 7, 2026; recheck high-change law, BBS guidance, examination administration, NASW ethics, and federal overlays at Stage 5D/release.","August 7, 2026",1.0,2026-08-07,Synchronized,Shared Core
CTA-EP-002-FC-0399,CTA-FC-0399,CTA-FC-0399,Active,KEEP-LCSW,Workbook 4,Professional Impairment,4,2,Substance Use and Professional Impairment,Key Concept,BBS Disciplinary Guidelines,What is the key principle to remember?,The regulation addresses Board disciplinary decision-making and violations involving drugs or alcohol.,Distinguish routine ethical management from standards that apply after a disciplinary violation is at issue.,WB4-C2-Q015,CTA-MQB-0355,WB4-C2,,CTA Master Flashcard Library v1.0 shared-core record; reconciled to final LCSW Stage 5B workbook/rationale lineage.,"Reconciled August 7, 2026; recheck high-change law, BBS guidance, examination administration, NASW ethics, and federal overlays at Stage 5D/release.","August 7, 2026",1.0,2026-08-07,Synchronized,Shared Core
CTA-EP-002-FC-0400,CTA-FC-0400,CTA-FC-0400,Active,KEEP-LCSW,Workbook 4,Professional Impairment,4,2,Substance Use and Professional Impairment,Application Principle,Substance-Related Return-to-Practice Planning,What principle should guide the clinician’s decision?,"Abstinence may be an important part of recovery, but it does not by itself demonstrate readiness for a high-risk caseload. A proportionate return-to-practice plan should evaluate current attention, judgment, reliability, risk-management ability, relevant treatment recommendations, and the need for staged duties or monitoring.","For substance-related return-to-practice questions, distinguish evidence of recovery from demonstrated readiness for the specific professional duties.",WB4-C2-Q016,CTA-MQB-0356,WB4-C2,,CTA Master Flashcard Library v1.0 shared-core record; reconciled to final LCSW Stage 5B workbook/rationale lineage.,"Reconciled August 7, 2026; recheck high-change law, BBS guidance, examination administration, NASW ethics, and federal overlays at Stage 5D/release.","August 7, 2026",1.0,2026-08-07,Synchronized,Shared Core
CTA-EP-002-FC-0401,CTA-FC-0401,CTA-FC-0401,Active,KEEP-LCSW,Workbook 4,Professional Impairment,4,2,Substance Use and Professional Impairment,Application Principle,Comprehensive Substance-Impairment Response,What principle should guide the clinician’s decision?,"Assess immediate fitness and client risk, limit or stop unsafe duties, arrange continuity and coverage, obtain appropriate medical and professional assistance, document relevant decisions, and reevaluate before fuller return This integrates functional assessment, immediate safety, duty modification, continuity, assistance, documentation, and return-to-practice evaluation.","For integrated items, organize the facts: current function, immediate risk, present duties, continuity, recovery support, and demonstrated readiness.",WB4-C2-Q017,CTA-MQB-0357,WB4-C2,,CTA Master Flashcard Library v1.0 shared-core record; reconciled to final LCSW Stage 5B workbook/rationale lineage.,"Reconciled August 7, 2026; recheck high-change law, BBS guidance, examination administration, NASW ethics, and federal overlays at Stage 5D/release.","August 7, 2026",1.0,2026-08-07,Synchronized,Shared Core
CTA-EP-002-FC-0402,CTA-FC-0402,CTA-FC-0402,Active,KEEP-LCSW,Workbook 4,Professional Impairment,4,3,"Mental Health, Burnout, and Compassion Fatigue",Distinction,Condition vs. Impairment,How should these concepts be separated on the exam?,"Professional impairment is based on the functional effect on safe, ethical, and effective practice.","Choose the answer tied to current professional functioning, not a label or treatment history.",WB4-C3-Q001,CTA-MQB-0358,WB4-C3,,CTA Master Flashcard Library v1.0 shared-core record; reconciled to final LCSW Stage 5B workbook/rationale lineage.,"Reconciled August 7, 2026; recheck high-change law, BBS guidance, examination administration, NASW ethics, and federal overlays at Stage 5D/release.","August 7, 2026",1.0,2026-08-07,Synchronized,Shared Core
CTA-EP-002-FC-0403,CTA-FC-0403,CTA-FC-0403,Active,KEEP-LCSW,Workbook 4,Professional Impairment,4,3,"Mental Health, Burnout, and Compassion Fatigue",Key Concept,Diagnosis Does Not Equal Impairment,What is the key principle to remember?,The functional evidence shows competent performance despite the diagnosis.,"When the stem affirmatively shows intact functioning, do not infer impairment from diagnosis alone.",WB4-C3-Q002,CTA-MQB-0359,WB4-C3,,CTA Master Flashcard Library v1.0 shared-core record; reconciled to final LCSW Stage 5B workbook/rationale lineage.,"Reconciled August 7, 2026; recheck high-change law, BBS guidance, examination administration, NASW ethics, and federal overlays at Stage 5D/release.","August 7, 2026",1.0,2026-08-07,Synchronized,Shared Core
CTA-EP-002-FC-0404,CTA-FC-0404,CTA-FC-0404,Active,KEEP-LCSW,Workbook 4,Professional Impairment,4,3,"Mental Health, Burnout, and Compassion Fatigue",Key Concept,Burnout Definition,What is the key principle to remember?,WHO describes burnout as an occupational phenomenon linked to chronic workplace stress that has not been successfully managed.,Separate persistent occupational burnout from ordinary short-term fatigue and from professional impairment.,WB4-C3-Q003,CTA-MQB-0360,WB4-C3,,CTA Master Flashcard Library v1.0 shared-core record; reconciled to final LCSW Stage 5B workbook/rationale lineage.,"Reconciled August 7, 2026; recheck high-change law, BBS guidance, examination administration, NASW ethics, and federal overlays at Stage 5D/release.","August 7, 2026",1.0,2026-08-07,Synchronized,Shared Core
CTA-EP-002-FC-0405,CTA-FC-0405,CTA-FC-0405,Active,KEEP-LCSW,Workbook 4,Professional Impairment,4,3,"Mental Health, Burnout, and Compassion Fatigue",Key Concept,Compassion Fatigue and Secondary Traumatic Stress,What is the key principle to remember?,"SAMHSA materials describe compassion fatigue as involving burnout and secondary traumatic stress, and professional usage varies.",The exam may use overlapping terms; focus on the clinician's functional response and client impact.,WB4-C3-Q004,CTA-MQB-0361,WB4-C3,,CTA Master Flashcard Library v1.0 shared-core record; reconciled to final LCSW Stage 5B workbook/rationale lineage.,"Reconciled August 7, 2026; recheck high-change law, BBS guidance, examination administration, NASW ethics, and federal overlays at Stage 5D/release.","August 7, 2026",1.0,2026-08-07,Synchronized,Shared Core
CTA-EP-002-FC-0406,CTA-FC-0406,CTA-FC-0406,Active,KEEP-LCSW,Workbook 4,Professional Impairment,4,3,"Mental Health, Burnout, and Compassion Fatigue",First-Step Rule,Initial Response to Functional Change,What is the strongest first response or sequence?,A focused functional and risk assessment should precede a proportionate response.,"When immediate danger is not established, identify and assess before choosing an extreme response.",WB4-C3-Q005,CTA-MQB-0362,WB4-C3,,CTA Master Flashcard Library v1.0 shared-core record; reconciled to final LCSW Stage 5B workbook/rationale lineage.,"Reconciled August 7, 2026; recheck high-change law, BBS guidance, examination administration, NASW ethics, and federal overlays at Stage 5D/release.","August 7, 2026",1.0,2026-08-07,Synchronized,Shared Core
CTA-EP-002-FC-0407,CTA-FC-0407,CTA-FC-0407,Active,KEEP-LCSW,Workbook 4,Professional Impairment,4,3,"Mental Health, Burnout, and Compassion Fatigue",Application Principle,Mental Health Condition With Intact Functioning,What principle should guide the clinician’s decision?,"Monitoring is appropriate, but the functional evidence remains intact.",Do not confuse the presence of emotional distress with professional impairment.,WB4-C3-Q006,CTA-MQB-0363,WB4-C3,,CTA Master Flashcard Library v1.0 shared-core record; reconciled to final LCSW Stage 5B workbook/rationale lineage.,"Reconciled August 7, 2026; recheck high-change law, BBS guidance, examination administration, NASW ethics, and federal overlays at Stage 5D/release.","August 7, 2026",1.0,2026-08-07,Synchronized,Shared Core
CTA-EP-002-FC-0408,CTA-FC-0408,CTA-FC-0408,Active,KEEP-LCSW,Workbook 4,Professional Impairment,4,3,"Mental Health, Burnout, and Compassion Fatigue",Application Principle,Burnout Affecting Practice,What principle should guide the clinician’s decision?,"The pattern is affecting professional performance and warrants early, proportionate intervention.",The exam favors early action when occupational stress is already affecting practice.,WB4-C3-Q007,CTA-MQB-0364,WB4-C3,,CTA Master Flashcard Library v1.0 shared-core record; reconciled to final LCSW Stage 5B workbook/rationale lineage.,"Reconciled August 7, 2026; recheck high-change law, BBS guidance, examination administration, NASW ethics, and federal overlays at Stage 5D/release.","August 7, 2026",1.0,2026-08-07,Synchronized,Shared Core
CTA-EP-002-FC-0409,CTA-FC-0409,CTA-FC-0409,Active,KEEP-LCSW,Workbook 4,Professional Impairment,4,3,"Mental Health, Burnout, and Compassion Fatigue",Application Principle,Secondary Traumatic Stress,What principle should guide the clinician’s decision?,The described reactions are affecting engagement and assessment and should be addressed.,Link trauma-exposure reactions to observable professional effects rather than assigning blame or requiring disclosure.,WB4-C3-Q008,CTA-MQB-0365,WB4-C3,,CTA Master Flashcard Library v1.0 shared-core record; reconciled to final LCSW Stage 5B workbook/rationale lineage.,"Reconciled August 7, 2026; recheck high-change law, BBS guidance, examination administration, NASW ethics, and federal overlays at Stage 5D/release.","August 7, 2026",1.0,2026-08-07,Synchronized,Shared Core
CTA-EP-002-FC-0410,CTA-FC-0410,CTA-FC-0410,Active,KEEP-LCSW,Workbook 4,Professional Impairment,4,3,"Mental Health, Burnout, and Compassion Fatigue",Application Principle,Personal Reactions and Clinical Judgment,What principle should guide the clinician’s decision?,"Recognition and impact assessment are necessary before selecting consultation, treatment, or other action.","When personal history is influencing care, choose recognition and functional assessment before disclosure or denial.",WB4-C3-Q009,CTA-MQB-0366,WB4-C3,,CTA Master Flashcard Library v1.0 shared-core record; reconciled to final LCSW Stage 5B workbook/rationale lineage.,"Reconciled August 7, 2026; recheck high-change law, BBS guidance, examination administration, NASW ethics, and federal overlays at Stage 5D/release.","August 7, 2026",1.0,2026-08-07,Synchronized,Shared Core
CTA-EP-002-FC-0411,CTA-FC-0411,CTA-FC-0411,Active,KEEP-LCSW,Workbook 4,Professional Impairment,4,3,"Mental Health, Burnout, and Compassion Fatigue",Application Principle,Business and Professions Code Section 820,What principle should guide the clinician’s decision?,A licensing agency may order an examination when it appears a licentiate may be unable to practice safely because mental or physical illness impairs the ability to practice This tracks the safety-focused statutory language.,"Look for the link between illness, impaired professional ability, and inability to practice safely.",WB4-C3-Q013,CTA-MQB-0370,WB4-C3,,CTA Master Flashcard Library v1.0 shared-core record; reconciled to final LCSW Stage 5B workbook/rationale lineage.,"Reconciled August 7, 2026; recheck high-change law, BBS guidance, examination administration, NASW ethics, and federal overlays at Stage 5D/release.","August 7, 2026",1.0,2026-08-07,Synchronized,Shared Core
CTA-EP-002-FC-0412,CTA-FC-0412,CTA-FC-0412,Active,KEEP-LCSW,Workbook 4,Professional Impairment,4,3,"Mental Health, Burnout, and Compassion Fatigue",Application Principle,Overlapping Stress Reactions,What principle should guide the clinician’s decision?,"The exact label is less important than the clear functional decline, risk, and need to address contributing conditions.","Integrated stress questions reward functional analysis, not terminology perfection.",WB4-C3-Q014,CTA-MQB-0371,WB4-C3,,CTA Master Flashcard Library v1.0 shared-core record; reconciled to final LCSW Stage 5B workbook/rationale lineage.,"Reconciled August 7, 2026; recheck high-change law, BBS guidance, examination administration, NASW ethics, and federal overlays at Stage 5D/release.","August 7, 2026",1.0,2026-08-07,Synchronized,Shared Core
CTA-EP-002-FC-0413,CTA-FC-0413,CTA-FC-0413,Active,KEEP-LCSW,Workbook 4,Professional Impairment,4,3,"Mental Health, Burnout, and Compassion Fatigue",Application Principle,Supervisor Gatekeeping After Incomplete Disclosure,What principle should guide the clinician’s decision?,"The supervisor’s gatekeeping responsibility requires attention to observable performance, not merely acceptance of a vague reassurance. A focused assessment should determine the severity and duration of the limitation, the effect on client safety, and the need for immediate assignment changes, coverage, consultation, or other safeguards. The response and follow-up should be documented.","When the supervisor has independent evidence of functional decline, gatekeeping requires assessment and protective action rather than passive reliance on the supervisee’s minimization.",WB4-C3-Q015,CTA-MQB-0372,WB4-C3,,CTA Master Flashcard Library v1.0 shared-core record; reconciled to final LCSW Stage 5B workbook/rationale lineage.,"Reconciled August 7, 2026; recheck high-change law, BBS guidance, examination administration, NASW ethics, and federal overlays at Stage 5D/release.","August 7, 2026",1.0,2026-08-07,Synchronized,Shared Core
CTA-EP-002-FC-0414,CTA-FC-0414,CTA-FC-0414,Active,KEEP-LCSW,Workbook 4,Professional Impairment,4,3,"Mental Health, Burnout, and Compassion Fatigue",Application Principle,Return-to-Practice Readiness,What principle should guide the clinician’s decision?,Return should be based on demonstrated functioning with proportionate limits or monitoring as needed.,"Return-to-practice questions test current performance, not optimism or permanent stigma.","WB4-C3-Q016, WB4-C4-Q016, WB4-C5-Q014","CTA-MQB-0373, CTA-MQB-0390, CTA-MQB-0405",WB4-C3,,CTA Master Flashcard Library v1.0 shared-core record; reconciled to final LCSW Stage 5B workbook/rationale lineage.,"Reconciled August 7, 2026; recheck high-change law, BBS guidance, examination administration, NASW ethics, and federal overlays at Stage 5D/release.","August 7, 2026",1.0,2026-08-07,Synchronized,Shared Core
CTA-EP-002-FC-0415,CTA-FC-0415,CTA-FC-0415,Active,KEEP-LCSW,Workbook 4,Professional Impairment,4,3,"Mental Health, Burnout, and Compassion Fatigue",Application Principle,Comprehensive Mental Health and Burnout Response,What principle should guide the clinician’s decision?,"Assess immediate fitness and client risk, limit or modify unsafe duties, arrange continuity and coverage, engage appropriate treatment and professional support, document relevant decisions, and reevaluate before fuller return This integrates functional assessment, safety, duty modification, continuity, support, documentation, and return-to-practice evaluation.","For integrated items, organize the facts: current function, immediate risk, present duties, continuity, support, and demonstrated readiness.",WB4-C3-Q017,CTA-MQB-0374,WB4-C3,,CTA Master Flashcard Library v1.0 shared-core record; reconciled to final LCSW Stage 5B workbook/rationale lineage.,"Reconciled August 7, 2026; recheck high-change law, BBS guidance, examination administration, NASW ethics, and federal overlays at Stage 5D/release.","August 7, 2026",1.0,2026-08-07,Synchronized,Shared Core
CTA-EP-002-FC-0416,CTA-FC-0416,CTA-FC-0416,Active,KEEP-LCSW,Workbook 4,Professional Impairment,4,4,"Physical Conditions, Fatigue, and Professional Functioning",Distinction,Condition vs. Professional Impairment,How should these concepts be separated on the exam?,"The professional issue is the functional effect on safe, ethical, and effective practice.","Choose the answer tied to present professional functioning rather than diagnosis, disability, or support use.",WB4-C4-Q001,CTA-MQB-0375,WB4-C4,,CTA Master Flashcard Library v1.0 shared-core record; reconciled to final LCSW Stage 5B workbook/rationale lineage.,"Reconciled August 7, 2026; recheck high-change law, BBS guidance, examination administration, NASW ethics, and federal overlays at Stage 5D/release.","August 7, 2026",1.0,2026-08-07,Synchronized,Shared Core
CTA-EP-002-FC-0417,CTA-FC-0417,CTA-FC-0417,Active,KEEP-LCSW,Workbook 4,Professional Impairment,4,4,"Physical Conditions, Fatigue, and Professional Functioning",Key Concept,Disability and Competence,What is the key principle to remember?,The functional evidence shows that the clinician can practice safely and effectively.,Avoid label-based and ableist distractors. Evaluate performance with the support in place.,WB4-C4-Q002,CTA-MQB-0376,WB4-C4,,CTA Master Flashcard Library v1.0 shared-core record; reconciled to final LCSW Stage 5B workbook/rationale lineage.,"Reconciled August 7, 2026; recheck high-change law, BBS guidance, examination administration, NASW ethics, and federal overlays at Stage 5D/release.","August 7, 2026",1.0,2026-08-07,Synchronized,Shared Core
CTA-EP-002-FC-0418,CTA-FC-0418,CTA-FC-0418,Active,KEEP-LCSW,Workbook 4,Professional Impairment,4,4,"Physical Conditions, Fatigue, and Professional Functioning",Key Concept,Effects of Fatigue,What is the key principle to remember?,CDC/NIOSH identifies these as important fatigue-related effects.,"When the stem asks about fatigue effects, select the answer describing cognitive and safety decline - not permanent stigma.",WB4-C4-Q003,CTA-MQB-0377,WB4-C4,,CTA Master Flashcard Library v1.0 shared-core record; reconciled to final LCSW Stage 5B workbook/rationale lineage.,"Reconciled August 7, 2026; recheck high-change law, BBS guidance, examination administration, NASW ethics, and federal overlays at Stage 5D/release.","August 7, 2026",1.0,2026-08-07,Synchronized,Shared Core
CTA-EP-002-FC-0419,CTA-FC-0419,CTA-FC-0419,Active,KEEP-LCSW,Workbook 4,Professional Impairment,4,4,"Physical Conditions, Fatigue, and Professional Functioning",Application Principle,Effective Accommodation,What principle should guide the clinician’s decision?,The adjustment is intended to enable effective performance of essential functions.,Think support for essential functions - not lowered standards or proof of incompetence.,WB4-C4-Q004,CTA-MQB-0378,WB4-C4,,CTA Master Flashcard Library v1.0 shared-core record; reconciled to final LCSW Stage 5B workbook/rationale lineage.,"Reconciled August 7, 2026; recheck high-change law, BBS guidance, examination administration, NASW ethics, and federal overlays at Stage 5D/release.","August 7, 2026",1.0,2026-08-07,Synchronized,Shared Core
CTA-EP-002-FC-0420,CTA-FC-0420,CTA-FC-0420,Active,KEEP-LCSW,Workbook 4,Professional Impairment,4,4,"Physical Conditions, Fatigue, and Professional Functioning",Application Principle,Medication Side Effects,What principle should guide the clinician’s decision?,Legal prescription status does not remove the duty to address functional side effects and client risk.,Separate the medical decision from the professional-duty decision; both may require appropriate action.,WB4-C4-Q006,CTA-MQB-0380,WB4-C4,,CTA Master Flashcard Library v1.0 shared-core record; reconciled to final LCSW Stage 5B workbook/rationale lineage.,"Reconciled August 7, 2026; recheck high-change law, BBS guidance, examination administration, NASW ethics, and federal overlays at Stage 5D/release.","August 7, 2026",1.0,2026-08-07,Synchronized,Shared Core
CTA-EP-002-FC-0421,CTA-FC-0421,CTA-FC-0421,Active,KEEP-LCSW,Workbook 4,Professional Impairment,4,4,"Physical Conditions, Fatigue, and Professional Functioning",Application Principle,Chronic Pain and Proportionate Adjustment,What principle should guide the clinician’s decision?,"A proportionate, individualized adjustment may preserve safe practice.",Choose the least restrictive adjustment that adequately addresses the actual functional pattern.,WB4-C4-Q007,CTA-MQB-0381,WB4-C4,,CTA Master Flashcard Library v1.0 shared-core record; reconciled to final LCSW Stage 5B workbook/rationale lineage.,"Reconciled August 7, 2026; recheck high-change law, BBS guidance, examination administration, NASW ethics, and federal overlays at Stage 5D/release.","August 7, 2026",1.0,2026-08-07,Synchronized,Shared Core
CTA-EP-002-FC-0422,CTA-FC-0422,CTA-FC-0422,Active,KEEP-LCSW,Workbook 4,Professional Impairment,4,4,"Physical Conditions, Fatigue, and Professional Functioning",Application Principle,BPC Section 820,What principle should guide the clinician’s decision?,Section 820 focuses on possible inability to practice safely because physical illness affects competency.,"On legal items, look for the statutory link among physical illness, competency, and safe practice.",WB4-C4-Q008,CTA-MQB-0382,WB4-C4,,CTA Master Flashcard Library v1.0 shared-core record; reconciled to final LCSW Stage 5B workbook/rationale lineage.,"Reconciled August 7, 2026; recheck high-change law, BBS guidance, examination administration, NASW ethics, and federal overlays at Stage 5D/release.","August 7, 2026",1.0,2026-08-07,Synchronized,Shared Core
CTA-EP-002-FC-0423,CTA-FC-0423,CTA-FC-0423,Active,KEEP-LCSW,Workbook 4,Professional Impairment,4,4,"Physical Conditions, Fatigue, and Professional Functioning",Application Principle,High-Risk Duty and Severe Fatigue,What principle should guide the clinician’s decision?,Determine that the clinician cannot safely perform the task at that time and arrange qualified coverage or another immediate protective alternative The facts establish present inability to safely complete a high-consequence assessment.,"When current inability and high risk are clear, protective reassignment comes before routine monitoring.",WB4-C4-Q009,CTA-MQB-0383,WB4-C4,,CTA Master Flashcard Library v1.0 shared-core record; reconciled to final LCSW Stage 5B workbook/rationale lineage.,"Reconciled August 7, 2026; recheck high-change law, BBS guidance, examination administration, NASW ethics, and federal overlays at Stage 5D/release.","August 7, 2026",1.0,2026-08-07,Synchronized,Shared Core
CTA-EP-002-FC-0424,CTA-FC-0424,CTA-FC-0424,Active,KEEP-LCSW,Workbook 4,Professional Impairment,4,4,"Physical Conditions, Fatigue, and Professional Functioning",Application Principle,Colleague Functional Concern,What principle should guide the clinician’s decision?,"The response is based on observable functioning, role, and client protection.","With colleague or supervisee concerns, focus on observable conduct, immediate safety, and the correct channel.",WB4-C4-Q010,CTA-MQB-0384,WB4-C4,,CTA Master Flashcard Library v1.0 shared-core record; reconciled to final LCSW Stage 5B workbook/rationale lineage.,"Reconciled August 7, 2026; recheck high-change law, BBS guidance, examination administration, NASW ethics, and federal overlays at Stage 5D/release.","August 7, 2026",1.0,2026-08-07,Synchronized,Shared Core
CTA-EP-002-FC-0425,CTA-FC-0425,CTA-FC-0425,Active,KEEP-LCSW,Workbook 4,Professional Impairment,4,4,"Physical Conditions, Fatigue, and Professional Functioning",Application Principle,Acute Illness and Continuity,What principle should guide the clinician’s decision?,"Temporary inability still requires client protection, coverage, and continuity planning.",Temporary conditions can require substantial action when current functioning is unsafe.,WB4-C4-Q011,CTA-MQB-0385,WB4-C4,,CTA Master Flashcard Library v1.0 shared-core record; reconciled to final LCSW Stage 5B workbook/rationale lineage.,"Reconciled August 7, 2026; recheck high-change law, BBS guidance, examination administration, NASW ethics, and federal overlays at Stage 5D/release.","August 7, 2026",1.0,2026-08-07,Synchronized,Shared Core
CTA-EP-002-FC-0426,CTA-FC-0426,CTA-FC-0426,Active,KEEP-LCSW,Workbook 4,Professional Impairment,4,4,"Physical Conditions, Fatigue, and Professional Functioning",Application Principle,Communication Accommodation,What principle should guide the clinician’s decision?,The functioning and effectiveness of the support are the controlling facts.,Evaluate the effectiveness of the accommodation in the actual clinical tasks.,WB4-C4-Q012,CTA-MQB-0386,WB4-C4,,CTA Master Flashcard Library v1.0 shared-core record; reconciled to final LCSW Stage 5B workbook/rationale lineage.,"Reconciled August 7, 2026; recheck high-change law, BBS guidance, examination administration, NASW ethics, and federal overlays at Stage 5D/release.","August 7, 2026",1.0,2026-08-07,Synchronized,Shared Core
CTA-EP-002-FC-0427,CTA-FC-0427,CTA-FC-0427,Active,KEEP-LCSW,Workbook 4,Professional Impairment,4,4,"Physical Conditions, Fatigue, and Professional Functioning",Application Principle,"Driving, Fatigue, and Client Safety",What principle should guide the clinician’s decision?,Immediate operational safety and continuity require another qualified response.,"High-risk transportation and crisis duties require present fitness, not merely availability.",WB4-C4-Q013,CTA-MQB-0387,WB4-C4,,CTA Master Flashcard Library v1.0 shared-core record; reconciled to final LCSW Stage 5B workbook/rationale lineage.,"Reconciled August 7, 2026; recheck high-change law, BBS guidance, examination administration, NASW ethics, and federal overlays at Stage 5D/release.","August 7, 2026",1.0,2026-08-07,Synchronized,Shared Core
CTA-EP-002-FC-0428,CTA-FC-0428,CTA-FC-0428,Active,KEEP-LCSW,Workbook 4,Professional Impairment,4,4,"Physical Conditions, Fatigue, and Professional Functioning",Application Principle,Disability Accommodation and Individualized Assessment,What principle should guide the clinician’s decision?,California employment guidance emphasizes individualized assessment and reasonable accommodation while preserving essential functions and safety.,Distinguish legitimate functional assessment from disability-based assumptions.,WB4-C4-Q014,CTA-MQB-0388,WB4-C4,,CTA Master Flashcard Library v1.0 shared-core record; reconciled to final LCSW Stage 5B workbook/rationale lineage.,"Reconciled August 7, 2026; recheck high-change law, BBS guidance, examination administration, NASW ethics, and federal overlays at Stage 5D/release.","August 7, 2026",1.0,2026-08-07,Synchronized,Shared Core
CTA-EP-002-FC-0429,CTA-FC-0429,CTA-FC-0429,Active,KEEP-LCSW,Workbook 4,Professional Impairment,4,4,"Physical Conditions, Fatigue, and Professional Functioning",Application Principle,Accommodation Limits and Essential Duties,What principle should guide the clinician’s decision?,"The response addresses the essential high-risk function, continuity, support, and reevaluation.",An accommodation is sufficient only when it actually preserves safe essential performance.,WB4-C4-Q015,CTA-MQB-0389,WB4-C4,,CTA Master Flashcard Library v1.0 shared-core record; reconciled to final LCSW Stage 5B workbook/rationale lineage.,"Reconciled August 7, 2026; recheck high-change law, BBS guidance, examination administration, NASW ethics, and federal overlays at Stage 5D/release.","August 7, 2026",1.0,2026-08-07,Synchronized,Shared Core
CTA-EP-002-FC-0430,CTA-FC-0430,CTA-FC-0430,Active,KEEP-LCSW,Workbook 4,Professional Impairment,4,4,"Physical Conditions, Fatigue, and Professional Functioning",Application Principle,Comprehensive Physical-Functioning Response,What principle should guide the clinician’s decision?,"Assess current fitness and immediate risk, limit or stop unsafe duties, arrange qualified coverage and continuity, engage appropriate medical, supervisory, and accommodation processes, document relevant decisions, and reevaluate before fuller return This integrates functional assessment, safety, duty modification, continuity, support, documentation, and return readiness.","For integrated items, organize the facts using ALERT: Assess, Limit, Engage, Reconfigure, Track.",WB4-C4-Q017,CTA-MQB-0391,WB4-C4,,CTA Master Flashcard Library v1.0 shared-core record; reconciled to final LCSW Stage 5B workbook/rationale lineage.,"Reconciled August 7, 2026; recheck high-change law, BBS guidance, examination administration, NASW ethics, and federal overlays at Stage 5D/release.","August 7, 2026",1.0,2026-08-07,Synchronized,Shared Core
CTA-EP-002-FC-0431,CTA-FC-0431,CTA-FC-0431,Active,KEEP-LCSW,Workbook 4,Professional Impairment,4,5,Responding Ethically to Professional Impairment,Key Concept,Primary Ethical Responsibility,What is the key principle to remember?,Recognition must be followed by timely corrective action that protects clients and addresses the functional problem.,"When impairment is established, choose action and client protection - not delay, income, or unnecessary disclosure.",WB4-C5-Q001,CTA-MQB-0392,WB4-C5,,CTA Master Flashcard Library v1.0 shared-core record; reconciled to final LCSW Stage 5B workbook/rationale lineage.,"Reconciled August 7, 2026; recheck high-change law, BBS guidance, examination administration, NASW ethics, and federal overlays at Stage 5D/release.","August 7, 2026",1.0,2026-08-07,Synchronized,Shared Core
CTA-EP-002-FC-0432,CTA-FC-0432,CTA-FC-0432,Active,KEEP-LCSW,Workbook 4,Professional Impairment,4,5,Responding Ethically to Professional Impairment,Distinction,Treatment vs. Current Practice Safety,How should these concepts be separated on the exam?,Recovery support and present client-protection measures may both be necessary.,Separate recovery treatment from the question of whether current work can continue safely.,WB4-C5-Q002,CTA-MQB-0393,WB4-C5,,CTA Master Flashcard Library v1.0 shared-core record; reconciled to final LCSW Stage 5B workbook/rationale lineage.,"Reconciled August 7, 2026; recheck high-change law, BBS guidance, examination administration, NASW ethics, and federal overlays at Stage 5D/release.","August 7, 2026",1.0,2026-08-07,Synchronized,Shared Core
CTA-EP-002-FC-0433,CTA-FC-0433,CTA-FC-0433,Active,KEEP-LCSW,Workbook 4,Professional Impairment,4,5,Responding Ethically to Professional Impairment,Key Concept,Continuity of Care,What is the key principle to remember?,Limiting or stopping duties must be paired with reasonable continuity planning.,The exam often pairs “stop unsafe work” with a second duty: protect continuity and avoid abandonment.,WB4-C5-Q004,CTA-MQB-0395,WB4-C5,,CTA Master Flashcard Library v1.0 shared-core record; reconciled to final LCSW Stage 5B workbook/rationale lineage.,"Reconciled August 7, 2026; recheck high-change law, BBS guidance, examination administration, NASW ethics, and federal overlays at Stage 5D/release.","August 7, 2026",1.0,2026-08-07,Synchronized,Shared Core
CTA-EP-002-FC-0434,CTA-FC-0434,CTA-FC-0434,Active,KEEP-LCSW,Workbook 4,Professional Impairment,4,5,Responding Ethically to Professional Impairment,Key Concept,Board Fitness Process,What is the key principle to remember?,Section 820 concerns formal agency evaluation of possible inability to practice safely.,Do not confuse a formal Board fitness mechanism with the first ethical step in ordinary practice.,WB4-C5-Q005,CTA-MQB-0396,WB4-C5,,CTA Master Flashcard Library v1.0 shared-core record; reconciled to final LCSW Stage 5B workbook/rationale lineage.,"Reconciled August 7, 2026; recheck high-change law, BBS guidance, examination administration, NASW ethics, and federal overlays at Stage 5D/release.","August 7, 2026",1.0,2026-08-07,Synchronized,Shared Core
CTA-EP-002-FC-0435,CTA-FC-0435,CTA-FC-0435,Active,KEEP-LCSW,Workbook 4,Professional Impairment,4,5,Responding Ethically to Professional Impairment,Application Principle,Early Decline and Available Support,What principle should guide the clinician’s decision?,"Implement a monitored, proportionate plan and escalate if functioning does not remain safe The facts support a limited, monitored response that preserves safe care while addressing the decline.","Use the lowest level of intervention that is demonstrably sufficient, then reevaluate.",WB4-C5-Q006,CTA-MQB-0397,WB4-C5,,CTA Master Flashcard Library v1.0 shared-core record; reconciled to final LCSW Stage 5B workbook/rationale lineage.,"Reconciled August 7, 2026; recheck high-change law, BBS guidance, examination administration, NASW ethics, and federal overlays at Stage 5D/release.","August 7, 2026",1.0,2026-08-07,Synchronized,Shared Core
CTA-EP-002-FC-0436,CTA-FC-0436,CTA-FC-0436,Active,KEEP-LCSW,Workbook 4,Professional Impairment,4,5,Responding Ethically to Professional Impairment,Application Principle,Immediate High-Risk Duty,What principle should guide the clinician’s decision?,Immediate safety and qualified coverage come before routine long-term planning.,"When the clinician cannot safely perform a high-risk task now, protective action comes first.",WB4-C5-Q007,CTA-MQB-0398,WB4-C5,,CTA Master Flashcard Library v1.0 shared-core record; reconciled to final LCSW Stage 5B workbook/rationale lineage.,"Reconciled August 7, 2026; recheck high-change law, BBS guidance, examination administration, NASW ethics, and federal overlays at Stage 5D/release.","August 7, 2026",1.0,2026-08-07,Synchronized,Shared Core
CTA-EP-002-FC-0437,CTA-FC-0437,CTA-FC-0437,Active,KEEP-LCSW,Workbook 4,Professional Impairment,4,5,Responding Ethically to Professional Impairment,Application Principle,Supervisee Disclosure and Assignment Safety,What principle should guide the clinician’s decision?,"Material omissions interfere with supervisory risk assessment, oversight, and assignment decisions.","Supervision questions often turn on accurate information, client risk, assignment changes, and clear follow-up.",WB4-C5-Q008,CTA-MQB-0399,WB4-C5,,CTA Master Flashcard Library v1.0 shared-core record; reconciled to final LCSW Stage 5B workbook/rationale lineage.,"Reconciled August 7, 2026; recheck high-change law, BBS guidance, examination administration, NASW ethics, and federal overlays at Stage 5D/release.","August 7, 2026",1.0,2026-08-07,Synchronized,Shared Core
CTA-EP-002-FC-0438,CTA-FC-0438,CTA-FC-0438,Active,KEEP-LCSW,Workbook 4,Professional Impairment,4,5,Responding Ethically to Professional Impairment,Application Principle,Colleague Concern Without Immediate Danger,What principle should guide the clinician’s decision?,"Address the colleague privately when feasible, assist with remedial action, and use appropriate channels if the concern is not adequately addressed This reflects the NASW colleague-impairment sequence while preserving escalation when risk persists.","When no immediate danger exists, feasible direct intervention may precede formal channels; persistent risk changes the response.",WB4-C5-Q009,CTA-MQB-0400,WB4-C5,,CTA Master Flashcard Library v1.0 shared-core record; reconciled to final LCSW Stage 5B workbook/rationale lineage.,"Reconciled August 7, 2026; recheck high-change law, BBS guidance, examination administration, NASW ethics, and federal overlays at Stage 5D/release.","August 7, 2026",1.0,2026-08-07,Synchronized,Shared Core
CTA-EP-002-FC-0439,CTA-FC-0439,CTA-FC-0439,Active,KEEP-LCSW,Workbook 4,Professional Impairment,4,5,Responding Ethically to Professional Impairment,Application Principle,Documentation and Privacy,What principle should guide the clinician’s decision?,"Neutral, behavior-based documentation should show the professional concern, reasoning, action, and follow-up.","Document function and professional action - not gossip, unsupported diagnosis, or excessive private detail.",WB4-C5-Q010,CTA-MQB-0401,WB4-C5,,CTA Master Flashcard Library v1.0 shared-core record; reconciled to final LCSW Stage 5B workbook/rationale lineage.,"Reconciled August 7, 2026; recheck high-change law, BBS guidance, examination administration, NASW ethics, and federal overlays at Stage 5D/release.","August 7, 2026",1.0,2026-08-07,Synchronized,Shared Core
CTA-EP-002-FC-0440,CTA-FC-0440,CTA-FC-0440,Active,KEEP-LCSW,Workbook 4,Professional Impairment,4,5,Responding Ethically to Professional Impairment,Application Principle,Income and Client Safety,What principle should guide the clinician’s decision?,Client welfare and current professional capacity control over income preservation.,"Distractors often protect income, pride, or reputation. The best answer protects clients.",WB4-C5-Q011,CTA-MQB-0402,WB4-C5,,CTA Master Flashcard Library v1.0 shared-core record; reconciled to final LCSW Stage 5B workbook/rationale lineage.,"Reconciled August 7, 2026; recheck high-change law, BBS guidance, examination administration, NASW ethics, and federal overlays at Stage 5D/release.","August 7, 2026",1.0,2026-08-07,Synchronized,Shared Core
CTA-EP-002-FC-0441,CTA-FC-0441,CTA-FC-0441,Active,KEEP-LCSW,Workbook 4,Professional Impairment,4,5,Responding Ethically to Professional Impairment,Application Principle,Treatment Without Practice Adjustment,What principle should guide the clinician’s decision?,"The clinician must address present client safety, workload, and continuity in addition to treatment.","Help-seeking is necessary in many cases, but the exam asks whether current clients are also protected.",WB4-C5-Q012,CTA-MQB-0403,WB4-C5,,CTA Master Flashcard Library v1.0 shared-core record; reconciled to final LCSW Stage 5B workbook/rationale lineage.,"Reconciled August 7, 2026; recheck high-change law, BBS guidance, examination administration, NASW ethics, and federal overlays at Stage 5D/release.","August 7, 2026",1.0,2026-08-07,Synchronized,Shared Core
CTA-EP-002-FC-0442,CTA-FC-0442,CTA-FC-0442,Active,KEEP-LCSW,Workbook 4,Professional Impairment,4,5,Responding Ethically to Professional Impairment,Application Principle,Immediate Colleague Risk,What principle should guide the clinician’s decision?,Immediate client protection and qualified coverage take priority.,"In an emergency, do not delay protective action to preserve comfort, privacy, or collegiality.",WB4-C5-Q013,CTA-MQB-0404,WB4-C5,,CTA Master Flashcard Library v1.0 shared-core record; reconciled to final LCSW Stage 5B workbook/rationale lineage.,"Reconciled August 7, 2026; recheck high-change law, BBS guidance, examination administration, NASW ethics, and federal overlays at Stage 5D/release.","August 7, 2026",1.0,2026-08-07,Synchronized,Shared Core
CTA-EP-002-FC-0443,CTA-FC-0443,CTA-FC-0443,Active,KEEP-LCSW,Workbook 4,Professional Impairment,4,5,Responding Ethically to Professional Impairment,Application Principle,Supervisor Response to Significant Impairment,What principle should guide the clinician’s decision?,"Protect clients by modifying or stopping affected assignments, increasing oversight, setting measurable remediation, arranging continuity, and monitoring recovery This combines client protection, supervision, remediation, continuity, and reassessment.",The strongest supervision answer is supportive and accountable while immediately addressing unsafe work.,WB4-C5-Q015,CTA-MQB-0406,WB4-C5,,CTA Master Flashcard Library v1.0 shared-core record; reconciled to final LCSW Stage 5B workbook/rationale lineage.,"Reconciled August 7, 2026; recheck high-change law, BBS guidance, examination administration, NASW ethics, and federal overlays at Stage 5D/release.","August 7, 2026",1.0,2026-08-07,Synchronized,Shared Core
CTA-EP-002-FC-0444,CTA-FC-0444,CTA-FC-0444,Active,KEEP-LCSW,Workbook 4,Professional Impairment,4,5,Responding Ethically to Professional Impairment,Key Concept,Reporting Precision,What is the key principle to remember?,"The analysis must be based on functioning, risk, role, and a specific reporting authority.","Never invent a reporting duty. Identify the exact law, role, and facts before choosing a regulatory report.",WB4-C5-Q016,CTA-MQB-0407,WB4-C5,,CTA Master Flashcard Library v1.0 shared-core record; reconciled to final LCSW Stage 5B workbook/rationale lineage.,"Reconciled August 7, 2026; recheck high-change law, BBS guidance, examination administration, NASW ethics, and federal overlays at Stage 5D/release.","August 7, 2026",1.0,2026-08-07,Synchronized,Shared Core
CTA-EP-002-FC-0445,CTA-FC-0445,CTA-FC-0445,Active,KEEP-LCSW,Workbook 4,Professional Impairment,4,5,Responding Ethically to Professional Impairment,Application Principle,Comprehensive Ethical Response,What principle should guide the clinician’s decision?,"Prioritize immediate client safety, provide accurate functional information, obtain appropriate help, limit or stop unsafe duties, arrange continuity, document the plan, and resume fuller work only after functioning is demonstrated This integrates the full PROTECT sequence: safety, assessment, help, duty modification, continuity, documentation, and return evaluation.","For integrated items, organize the facts: SAFETY, FUNCTION, ROLE, RESPONSE, CONTINUITY, and RETURN.",WB4-C5-Q017,CTA-MQB-0408,WB4-C5,,CTA Master Flashcard Library v1.0 shared-core record; reconciled to final LCSW Stage 5B workbook/rationale lineage.,"Reconciled August 7, 2026; recheck high-change law, BBS guidance, examination administration, NASW ethics, and federal overlays at Stage 5D/release.","August 7, 2026",1.0,2026-08-07,Synchronized,Shared Core
CTA-EP-002-FC-0446,CTA-FC-0446,CTA-FC-0446,Active,KEEP-LCSW,Workbook 5,Client Welfare & Harm Prevention,5,1,The Principle of Nonmaleficence,Application Principle,Definition of Nonmaleficence,What principle should guide the clinician’s decision?,"Nonmaleficence directs clinicians to identify, avoid, and reduce unnecessary or unjustified harm while providing clinically appropriate care.","Translate nonmaleficence as reasonable harm avoidance, not a promise of zero discomfort or zero risk.",WB5-C1-Q001,CTA-MQB-0409,WB5-C1,,CTA Master Flashcard Library v1.0 shared-core record; reconciled to final LCSW Stage 5B workbook/rationale lineage.,"Reconciled August 7, 2026; recheck high-change law, BBS guidance, examination administration, NASW ethics, and federal overlays at Stage 5D/release.","August 7, 2026",1.0,2026-08-07,Synchronized,Shared Core
CTA-EP-002-FC-0447,CTA-FC-0447,CTA-FC-0447,Active,KEEP-LCSW,Workbook 5,Client Welfare & Harm Prevention,5,1,The Principle of Nonmaleficence,Distinction,Ethical Principle vs. Legal Rule,How should these concepts be separated on the exam?,"Nonmaleficence is a broad ethical principle, while specific California statutes and regulations govern particular harmful conduct and duties This correctly separates the broad ethical principle from the specific legal provisions that regulate defined conduct.",Do not convert a broad ethical value into a nonexistent single statute; identify the particular California rule.,WB5-C1-Q002,CTA-MQB-0410,WB5-C1,,CTA Master Flashcard Library v1.0 shared-core record; reconciled to final LCSW Stage 5B workbook/rationale lineage.,"Reconciled August 7, 2026; recheck high-change law, BBS guidance, examination administration, NASW ethics, and federal overlays at Stage 5D/release.","August 7, 2026",1.0,2026-08-07,Synchronized,Shared Core
CTA-EP-002-FC-0448,CTA-FC-0448,CTA-FC-0448,Active,KEEP-LCSW,Workbook 5,Client Welfare & Harm Prevention,5,1,The Principle of Nonmaleficence,Distinction,Necessary Discomfort vs. Avoidable Harm,How should these concepts be separated on the exam?,"Purpose, preparation, proportionality, monitoring, and adjustment are central to distinguishing clinically justified discomfort from avoidable harm.",Look for treatment purpose plus proportionality and monitoring - not discomfort alone.,WB5-C1-Q003,CTA-MQB-0411,WB5-C1,,CTA Master Flashcard Library v1.0 shared-core record; reconciled to final LCSW Stage 5B workbook/rationale lineage.,"Reconciled August 7, 2026; recheck high-change law, BBS guidance, examination administration, NASW ethics, and federal overlays at Stage 5D/release.","August 7, 2026",1.0,2026-08-07,Synchronized,Shared Core
CTA-EP-002-FC-0449,CTA-FC-0449,CTA-FC-0449,Active,KEEP-LCSW,Workbook 5,Client Welfare & Harm Prevention,5,1,The Principle of Nonmaleficence,Application Principle,Commission and Omission,What principle should guide the clinician’s decision?,The clinician fails to take a needed protective action despite material warning signs; omission can be as consequential as an affirmative act.,"In omission questions, identify the protective duty the clinician failed to perform.",WB5-C1-Q004,CTA-MQB-0412,WB5-C1,,CTA Master Flashcard Library v1.0 shared-core record; reconciled to final LCSW Stage 5B workbook/rationale lineage.,"Reconciled August 7, 2026; recheck high-change law, BBS guidance, examination administration, NASW ethics, and federal overlays at Stage 5D/release.","August 7, 2026",1.0,2026-08-07,Synchronized,Shared Core
CTA-EP-002-FC-0450,CTA-FC-0450,CTA-FC-0450,Active,KEEP-LCSW,Workbook 5,Client Welfare & Harm Prevention,5,1,The Principle of Nonmaleficence,Application Principle,Foreseeable Risk,What principle should guide the clinician’s decision?,Risk management is preventive; material foreseeable risk warrants assessment and proportionate safeguards before actual injury.,Foreseeability triggers prevention; actual harm and certainty are not prerequisites.,WB5-C1-Q005,CTA-MQB-0413,WB5-C1,,CTA Master Flashcard Library v1.0 shared-core record; reconciled to final LCSW Stage 5B workbook/rationale lineage.,"Reconciled August 7, 2026; recheck high-change law, BBS guidance, examination administration, NASW ethics, and federal overlays at Stage 5D/release.","August 7, 2026",1.0,2026-08-07,Synchronized,Shared Core
CTA-EP-002-FC-0451,CTA-FC-0451,CTA-FC-0451,Active,KEEP-LCSW,Workbook 5,Client Welfare & Harm Prevention,5,1,The Principle of Nonmaleficence,Application Principle,Deterioration Without Immediate Danger,What principle should guide the clinician’s decision?,"Reassess the client, treatment fit, benefit, and risk; consult as needed and modify the plan based on the findings This gathers the clinically relevant facts and supports a proportionate response without minimizing or overreacting.","For meaningful but nonurgent deterioration, reassess before choosing the least disruptive effective modification.",WB5-C1-Q006,CTA-MQB-0414,WB5-C1,,CTA Master Flashcard Library v1.0 shared-core record; reconciled to final LCSW Stage 5B workbook/rationale lineage.,"Reconciled August 7, 2026; recheck high-change law, BBS guidance, examination administration, NASW ethics, and federal overlays at Stage 5D/release.","August 7, 2026",1.0,2026-08-07,Synchronized,Shared Core
CTA-EP-002-FC-0452,CTA-FC-0452,CTA-FC-0452,Active,KEEP-LCSW,Workbook 5,Client Welfare & Harm Prevention,5,1,The Principle of Nonmaleficence,Application Principle,Client Refusal and Noncoercion,What principle should guide the clinician’s decision?,"Clarify the client’s understanding and concerns, explain material risks and alternatives, respect the refusal, and consider other appropriate options This supports informed choice, avoids coercion, and preserves the possibility of safe alternative care.","When no emergency overrides choice, combine clear information with noncoercion and continuity planning.",WB5-C1-Q007,CTA-MQB-0415,WB5-C1,,CTA Master Flashcard Library v1.0 shared-core record; reconciled to final LCSW Stage 5B workbook/rationale lineage.,"Reconciled August 7, 2026; recheck high-change law, BBS guidance, examination administration, NASW ethics, and federal overlays at Stage 5D/release.","August 7, 2026",1.0,2026-08-07,Synchronized,Shared Core
CTA-EP-002-FC-0453,CTA-FC-0453,CTA-FC-0453,Active,KEEP-LCSW,Workbook 5,Client Welfare & Harm Prevention,5,1,The Principle of Nonmaleficence,Application Principle,Immediate Safety Sequencing,What principle should guide the clinician’s decision?,"Acuity controls the sequence: protect first, maintain contact when feasible, and continue gathering the information needed for the response.","In an imminent-danger item, choose protection before exhaustive assessment or consultation.",WB5-C1-Q008,CTA-MQB-0416,WB5-C1,,CTA Master Flashcard Library v1.0 shared-core record; reconciled to final LCSW Stage 5B workbook/rationale lineage.,"Reconciled August 7, 2026; recheck high-change law, BBS guidance, examination administration, NASW ethics, and federal overlays at Stage 5D/release.","August 7, 2026",1.0,2026-08-07,Synchronized,Shared Core
CTA-EP-002-FC-0454,CTA-FC-0454,CTA-FC-0454,Active,KEEP-LCSW,Workbook 5,Client Welfare & Harm Prevention,5,1,The Principle of Nonmaleficence,Distinction,Adverse Outcome vs. Wrongdoing,How should these concepts be separated on the exam?,"Outcomes matter, but wrongdoing depends on the governing rule and the reasonableness of care, monitoring, and response to new information.",Separate outcome from process: review care and response without assuming either fault or immunity.,WB5-C1-Q009,CTA-MQB-0417,WB5-C1,,CTA Master Flashcard Library v1.0 shared-core record; reconciled to final LCSW Stage 5B workbook/rationale lineage.,"Reconciled August 7, 2026; recheck high-change law, BBS guidance, examination administration, NASW ethics, and federal overlays at Stage 5D/release.","August 7, 2026",1.0,2026-08-07,Synchronized,Shared Core
CTA-EP-002-FC-0455,CTA-FC-0455,CTA-FC-0455,Active,KEEP-LCSW,Workbook 5,Client Welfare & Harm Prevention,5,1,The Principle of Nonmaleficence,Application Principle,Exposure Pacing and Monitoring,What principle should guide the clinician’s decision?,"Reassess safety, readiness, consent, and clinical benefit; reduce intensity, pause, or modify the intervention as indicated This treats new client data as clinically meaningful and uses proportionate modification to reduce avoidable harm.","When distress exceeds the plan, reassess and titrate; do not reflexively persist or abandon the entire modality.",WB5-C1-Q010,CTA-MQB-0418,WB5-C1,,CTA Master Flashcard Library v1.0 shared-core record; reconciled to final LCSW Stage 5B workbook/rationale lineage.,"Reconciled August 7, 2026; recheck high-change law, BBS guidance, examination administration, NASW ethics, and federal overlays at Stage 5D/release.","August 7, 2026",1.0,2026-08-07,Synchronized,Shared Core
CTA-EP-002-FC-0456,CTA-FC-0456,CTA-FC-0456,Active,KEEP-LCSW,Workbook 5,Client Welfare & Harm Prevention,5,1,The Principle of Nonmaleficence,Application Principle,Competence and Risk,What principle should guide the clinician’s decision?,"Do not provide the procedure without adequate preparation and support; seek qualified consultation or training and use an appropriate alternative, collaboration, or referral This prevents the client from becoming an unprotected practice opportunity while preserving proportionate alternatives and continuity.","When scope is legal but competence is lacking, protect the client through preparation, qualified help, and continuity - not a waiver.",WB5-C1-Q011,CTA-MQB-0419,WB5-C1,,CTA Master Flashcard Library v1.0 shared-core record; reconciled to final LCSW Stage 5B workbook/rationale lineage.,"Reconciled August 7, 2026; recheck high-change law, BBS guidance, examination administration, NASW ethics, and federal overlays at Stage 5D/release.","August 7, 2026",1.0,2026-08-07,Synchronized,Shared Core
CTA-EP-002-FC-0457,CTA-FC-0457,CTA-FC-0457,Active,KEEP-LCSW,Workbook 5,Client Welfare & Harm Prevention,5,1,The Principle of Nonmaleficence,Application Principle,Vulnerability and Power Imbalance,What principle should guide the clinician’s decision?,"Pause the change, explore voluntariness and potential harm, clarify the client’s rights and alternatives, and use added safeguards or avoid the change This recognizes the power imbalance, prevents a potentially exploitative change, and restores conditions for meaningful choice.","When vulnerability or dependency affects consent, add safeguards rather than treating assent as conclusive.",WB5-C1-Q012,CTA-MQB-0420,WB5-C1,,CTA Master Flashcard Library v1.0 shared-core record; reconciled to final LCSW Stage 5B workbook/rationale lineage.,"Reconciled August 7, 2026; recheck high-change law, BBS guidance, examination administration, NASW ethics, and federal overlays at Stage 5D/release.","August 7, 2026",1.0,2026-08-07,Synchronized,Shared Core
CTA-EP-002-FC-0458,CTA-FC-0458,CTA-FC-0458,Active,KEEP-LCSW,Workbook 5,Client Welfare & Harm Prevention,5,1,The Principle of Nonmaleficence,Legal Rule,Statutory and Ethical Distinction,"What legal rule, authority, or timing requirement applies?","The ethical principle broadly guides harm avoidance, while statutes identify particular grounds such as intentional or reckless client harm, gross negligence, and incompetence This preserves the broader ethical framework while accurately recognizing the conduct-based legal categories identified in profession-specific statutes.",Match the label to its threshold: broad ethical concern and statutory unprofessional conduct are related but not identical.,WB5-C1-Q013,CTA-MQB-0421,WB5-C1,,CTA Master Flashcard Library v1.0 shared-core record; reconciled to final LCSW Stage 5B workbook/rationale lineage.,"Reconciled August 7, 2026; recheck high-change law, BBS guidance, examination administration, NASW ethics, and federal overlays at Stage 5D/release.","August 7, 2026",1.0,2026-08-07,Synchronized,Shared Core
CTA-EP-002-FC-0459,CTA-FC-0459,CTA-FC-0459,Active,KEEP-LCSW,Workbook 5,Client Welfare & Harm Prevention,5,1,The Principle of Nonmaleficence,Application Principle,Escalating Risk and Omission,What principle should guide the clinician’s decision?,"Address the client’s immediate safety and continuity needs, involve the supervisor, and then evaluate, document, and correct the omissions This sequences immediate protection first while preserving supervision, documentation, corrective action, and accountability.","When omission and acute risk coexist, protect the client before completing personnel or accountability processes.",WB5-C1-Q014,CTA-MQB-0422,WB5-C1,,CTA Master Flashcard Library v1.0 shared-core record; reconciled to final LCSW Stage 5B workbook/rationale lineage.,"Reconciled August 7, 2026; recheck high-change law, BBS guidance, examination administration, NASW ethics, and federal overlays at Stage 5D/release.","August 7, 2026",1.0,2026-08-07,Synchronized,Shared Core
CTA-EP-002-FC-0460,CTA-FC-0460,CTA-FC-0460,Active,KEEP-LCSW,Workbook 5,Client Welfare & Harm Prevention,5,1,The Principle of Nonmaleficence,Application Principle,Organizational Pressure and Individual Duty,What principle should guide the clinician’s decision?,"Take prompt steps to protect affected clients, document and communicate the risk through appropriate channels, seek workload or coverage changes, and escalate or consult if the risk persists This addresses both tracks: immediate client safety and the system condition creating repeated foreseeable harm.","Employer pressure is context, not immunity. Protect current clients and address the system risk together.",WB5-C1-Q015,CTA-MQB-0423,WB5-C1,,CTA Master Flashcard Library v1.0 shared-core record; reconciled to final LCSW Stage 5B workbook/rationale lineage.,"Reconciled August 7, 2026; recheck high-change law, BBS guidance, examination administration, NASW ethics, and federal overlays at Stage 5D/release.","August 7, 2026",1.0,2026-08-07,Synchronized,Shared Core
CTA-EP-002-FC-0461,CTA-FC-0461,CTA-FC-0461,Active,KEEP-LCSW,Workbook 5,Client Welfare & Harm Prevention,5,1,The Principle of Nonmaleficence,Application Principle,Responding After a Mistake,What principle should guide the clinician’s decision?,"Contain the disclosure, preserve facts, assess risk and applicable duties, consult as needed, mitigate harm, document, and notify when required This is a structured, proportionate response that prioritizes containment and mitigation while preserving the facts needed for legal analysis.","After a mistake, protect and assess - do not conceal, minimize, or declare conclusions before evaluating the facts.",WB5-C1-Q016,CTA-MQB-0424,WB5-C1,,CTA Master Flashcard Library v1.0 shared-core record; reconciled to final LCSW Stage 5B workbook/rationale lineage.,"Reconciled August 7, 2026; recheck high-change law, BBS guidance, examination administration, NASW ethics, and federal overlays at Stage 5D/release.","August 7, 2026",1.0,2026-08-07,Synchronized,Shared Core
CTA-EP-002-FC-0462,CTA-FC-0462,CTA-FC-0462,Active,KEEP-LCSW,Workbook 5,Client Welfare & Harm Prevention,5,1,The Principle of Nonmaleficence,Application Principle,Integrated Harm Prevention and Sequencing,What principle should guide the clinician’s decision?,"Pause or modify the unsafe element, reassess the client’s condition and voluntariness, obtain qualified supervision or consultation, arrange competent alternative or collaborative care, and document and monitor continuity This integrates competence, deterioration, power imbalance, noncoercion, qualified assistance, proportionality, documentation, and continuity without delaying until harm occurs.","In integrated items, identify each risk layer and choose the response that protects, corrects competence limits, and preserves continuity. Quality-Control Matrix Question Difficulty Type Key Primary concept",WB5-C1-Q017,CTA-MQB-0425,WB5-C1,,CTA Master Flashcard Library v1.0 shared-core record; reconciled to final LCSW Stage 5B workbook/rationale lineage.,"Reconciled August 7, 2026; recheck high-change law, BBS guidance, examination administration, NASW ethics, and federal overlays at Stage 5D/release.","August 7, 2026",1.0,2026-08-07,Synchronized,Shared Core
CTA-EP-002-FC-0463,CTA-FC-0463,CTA-FC-0463,Active,KEEP-LCSW,Workbook 5,Client Welfare & Harm Prevention,5,2,Avoiding and Preventing Client Harm,Application Principle,Purpose of Harm Prevention,What principle should guide the clinician’s decision?,Prevention requires attention to material foreseeable risk and proportionate measures that protect client welfare.,"Choose reasonable risk reduction, not absolute promises or clinician-centered goals.",WB5-C2-Q001,CTA-MQB-0426,WB5-C2,,CTA Master Flashcard Library v1.0 shared-core record; reconciled to final LCSW Stage 5B workbook/rationale lineage.,"Reconciled August 7, 2026; recheck high-change law, BBS guidance, examination administration, NASW ethics, and federal overlays at Stage 5D/release.","August 7, 2026",1.0,2026-08-07,Synchronized,Shared Core
CTA-EP-002-FC-0464,CTA-FC-0464,CTA-FC-0464,Active,KEEP-LCSW,Workbook 5,Client Welfare & Harm Prevention,5,2,Avoiding and Preventing Client Harm,Application Principle,Safety Throughout Treatment,What principle should guide the clinician’s decision?,"Ongoing care requires attention to material changes that affect risk, treatment fit, and client needs.","Ongoing safety means responsive updating, not automatic repetition of the intake process.",WB5-C2-Q002,CTA-MQB-0427,WB5-C2,,CTA Master Flashcard Library v1.0 shared-core record; reconciled to final LCSW Stage 5B workbook/rationale lineage.,"Reconciled August 7, 2026; recheck high-change law, BBS guidance, examination administration, NASW ethics, and federal overlays at Stage 5D/release.","August 7, 2026",1.0,2026-08-07,Synchronized,Shared Core
CTA-EP-002-FC-0465,CTA-FC-0465,CTA-FC-0465,Active,KEEP-LCSW,Workbook 5,Client Welfare & Harm Prevention,5,2,Avoiding and Preventing Client Harm,Application Principle,Assessment and Urgency,What principle should guide the clinician’s decision?,"Assessment should gather enough relevant information to guide action, without delaying protection when danger is immediate This captures both functions: informed decision-making and urgency-based protection.","The exam favors sufficient assessment, except when acuity requires protection first.",WB5-C2-Q003,CTA-MQB-0428,WB5-C2,,CTA Master Flashcard Library v1.0 shared-core record; reconciled to final LCSW Stage 5B workbook/rationale lineage.,"Reconciled August 7, 2026; recheck high-change law, BBS guidance, examination administration, NASW ethics, and federal overlays at Stage 5D/release.","August 7, 2026",1.0,2026-08-07,Synchronized,Shared Core
CTA-EP-002-FC-0466,CTA-FC-0466,CTA-FC-0466,Active,KEEP-LCSW,Workbook 5,Client Welfare & Harm Prevention,5,2,Avoiding and Preventing Client Harm,Application Principle,Communication and Prevention,What principle should guide the clinician’s decision?,"Role and expectation clarity can reduce confusion, uninformed decisions, boundary problems, missed follow-up, and crisis-response failures.",Link communication to understanding and safer participation - not compliance or paperwork avoidance.,WB5-C2-Q004,CTA-MQB-0429,WB5-C2,,CTA Master Flashcard Library v1.0 shared-core record; reconciled to final LCSW Stage 5B workbook/rationale lineage.,"Reconciled August 7, 2026; recheck high-change law, BBS guidance, examination administration, NASW ethics, and federal overlays at Stage 5D/release.","August 7, 2026",1.0,2026-08-07,Synchronized,Shared Core
CTA-EP-002-FC-0467,CTA-FC-0467,CTA-FC-0467,Active,KEEP-LCSW,Workbook 5,Client Welfare & Harm Prevention,5,2,Avoiding and Preventing Client Harm,Application Principle,Documentation as Prevention,What principle should guide the clinician’s decision?,"Accurate documentation supports continuity, risk response, communication, accountability, and later reassessment.","Choose documentation that supports care and continuity, not defensive image management.",WB5-C2-Q005,CTA-MQB-0430,WB5-C2,,CTA Master Flashcard Library v1.0 shared-core record; reconciled to final LCSW Stage 5B workbook/rationale lineage.,"Reconciled August 7, 2026; recheck high-change law, BBS guidance, examination administration, NASW ethics, and federal overlays at Stage 5D/release.","August 7, 2026",1.0,2026-08-07,Synchronized,Shared Core
CTA-EP-002-FC-0468,CTA-FC-0468,CTA-FC-0468,Active,KEEP-LCSW,Workbook 5,Client Welfare & Harm Prevention,5,2,Avoiding and Preventing Client Harm,Exam Trap,Pattern of Warning Signs,What common exam mistake should be avoided?,"Clarify the facts, assess affected clients and urgency, address immediate gaps, and evaluate the pattern and contributing conditions This protects clients, evaluates context and pattern, and supports proportionate supervisory and system correction.","For a recurring pattern, address current client impact while investigating context and cause.",WB5-C2-Q006,CTA-MQB-0431,WB5-C2,,CTA Master Flashcard Library v1.0 shared-core record; reconciled to final LCSW Stage 5B workbook/rationale lineage.,"Reconciled August 7, 2026; recheck high-change law, BBS guidance, examination administration, NASW ethics, and federal overlays at Stage 5D/release.","August 7, 2026",1.0,2026-08-07,Synchronized,Shared Core
CTA-EP-002-FC-0469,CTA-FC-0469,CTA-FC-0469,Active,KEEP-LCSW,Workbook 5,Client Welfare & Harm Prevention,5,2,Avoiding and Preventing Client Harm,Application Principle,Material Treatment Change,What principle should guide the clinician’s decision?,"Discuss the change and its rationale in understandable terms, assess the misunderstanding and client response, and revisit the plan and consent as appropriate This directly addresses the communication failure, supports informed participation, and uses the client’s response to reassess treatment fit.","When a material change creates confusion, repair communication and reassess before choosing a disruptive response.",WB5-C2-Q007,CTA-MQB-0432,WB5-C2,,CTA Master Flashcard Library v1.0 shared-core record; reconciled to final LCSW Stage 5B workbook/rationale lineage.,"Reconciled August 7, 2026; recheck high-change law, BBS guidance, examination administration, NASW ethics, and federal overlays at Stage 5D/release.","August 7, 2026",1.0,2026-08-07,Synchronized,Shared Core
CTA-EP-002-FC-0470,CTA-FC-0470,CTA-FC-0470,Active,KEEP-LCSW,Workbook 5,Client Welfare & Harm Prevention,5,2,Avoiding and Preventing Client Harm,Application Principle,Boundary Pattern and Dependency,What principle should guide the clinician’s decision?,"Assess the dependency and risk, clarify communication and emergency boundaries, repair expectations, consult as needed, and monitor the effect on treatment This directly evaluates the boundary’s impact and uses communication, consultation, and monitoring to reduce harm.","Boundary questions turn on function and client impact, not generosity or rigid punishment.",WB5-C2-Q008,CTA-MQB-0433,WB5-C2,,CTA Master Flashcard Library v1.0 shared-core record; reconciled to final LCSW Stage 5B workbook/rationale lineage.,"Reconciled August 7, 2026; recheck high-change law, BBS guidance, examination administration, NASW ethics, and federal overlays at Stage 5D/release.","August 7, 2026",1.0,2026-08-07,Synchronized,Shared Core
CTA-EP-002-FC-0471,CTA-FC-0471,CTA-FC-0471,Active,KEEP-LCSW,Workbook 5,Client Welfare & Harm Prevention,5,2,Avoiding and Preventing Client Harm,Application Principle,Incomplete Risk Assessment,What principle should guide the clinician’s decision?,The cluster of material changes warrants direct assessment and a risk-responsive plan.,"When multiple warning signs converge, choose direct assessment rather than assumption or avoidance.",WB5-C2-Q009,CTA-MQB-0434,WB5-C2,,CTA Master Flashcard Library v1.0 shared-core record; reconciled to final LCSW Stage 5B workbook/rationale lineage.,"Reconciled August 7, 2026; recheck high-change law, BBS guidance, examination administration, NASW ethics, and federal overlays at Stage 5D/release.","August 7, 2026",1.0,2026-08-07,Synchronized,Shared Core
CTA-EP-002-FC-0472,CTA-FC-0472,CTA-FC-0472,Active,KEEP-LCSW,Workbook 5,Client Welfare & Harm Prevention,5,2,Avoiding and Preventing Client Harm,Application Principle,Ineffective Treatment,What principle should guide the clinician’s decision?,"Reassess the formulation, goals, treatment response, risk, competence needs, and level of care; consult and modify or arrange alternative care as indicated This uses outcome information to conduct a comprehensive but proportionate review and preserve continuity.","Sustained deterioration calls for reassessment and a reasoned change, not persistence, blame, or abandonment.",WB5-C2-Q010,CTA-MQB-0435,WB5-C2,,CTA Master Flashcard Library v1.0 shared-core record; reconciled to final LCSW Stage 5B workbook/rationale lineage.,"Reconciled August 7, 2026; recheck high-change law, BBS guidance, examination administration, NASW ethics, and federal overlays at Stage 5D/release.","August 7, 2026",1.0,2026-08-07,Synchronized,Shared Core
CTA-EP-002-FC-0473,CTA-FC-0473,CTA-FC-0473,Active,KEEP-LCSW,Workbook 5,Client Welfare & Harm Prevention,5,2,Avoiding and Preventing Client Harm,Application Principle,Consultation and Responsibility,What principle should guide the clinician’s decision?,"Consultation informs judgment, but the treating clinician must apply the law and facts and remains responsible for the care decision.","Consultation supplies perspective - not permission, immunity, or automatic control.","WB5-C2-Q011, WB5-C4-Q005","CTA-MQB-0436, CTA-MQB-0464",WB5-C2,,CTA Master Flashcard Library v1.0 shared-core record; reconciled to final LCSW Stage 5B workbook/rationale lineage.,"Reconciled August 7, 2026; recheck high-change law, BBS guidance, examination administration, NASW ethics, and federal overlays at Stage 5D/release.","August 7, 2026",1.0,2026-08-07,Synchronized,Shared Core
CTA-EP-002-FC-0474,CTA-FC-0474,CTA-FC-0474,Active,KEEP-LCSW,Workbook 5,Client Welfare & Harm Prevention,5,2,Avoiding and Preventing Client Harm,Application Principle,Correcting a Record,What principle should guide the clinician’s decision?,"Correct or amend the record transparently under applicable procedures, preserve the integrity of the history, and address any care affected by the error This supports accuracy, continuity, accountability, and mitigation of any clinical effect.","Correct records transparently; do not erase history, conceal errors, or add unsupported blame.",WB5-C2-Q012,CTA-MQB-0437,WB5-C2,,CTA Master Flashcard Library v1.0 shared-core record; reconciled to final LCSW Stage 5B workbook/rationale lineage.,"Reconciled August 7, 2026; recheck high-change law, BBS guidance, examination administration, NASW ethics, and federal overlays at Stage 5D/release.","August 7, 2026",1.0,2026-08-07,Synchronized,Shared Core
CTA-EP-002-FC-0475,CTA-FC-0475,CTA-FC-0475,Active,KEEP-LCSW,Workbook 5,Client Welfare & Harm Prevention,5,2,Avoiding and Preventing Client Harm,Application Principle,Lower-Acuity Conflicting Information,What principle should guide the clinician’s decision?,"Because no urgent danger is established, focused clarification and repair directly address possible coercion and misunderstanding.","For a nonurgent relational concern, gather both perspectives and repair the direct source of risk before escalating.",WB5-C2-Q013,CTA-MQB-0438,WB5-C2,,CTA Master Flashcard Library v1.0 shared-core record; reconciled to final LCSW Stage 5B workbook/rationale lineage.,"Reconciled August 7, 2026; recheck high-change law, BBS guidance, examination administration, NASW ethics, and federal overlays at Stage 5D/release.","August 7, 2026",1.0,2026-08-07,Synchronized,Shared Core
CTA-EP-002-FC-0476,CTA-FC-0476,CTA-FC-0476,Active,KEEP-LCSW,Workbook 5,Client Welfare & Harm Prevention,5,2,Avoiding and Preventing Client Harm,Application Principle,Imminent Danger With Incomplete Facts,What principle should guide the clinician’s decision?,"Promptly involve the supervisor, initiate focused assessment and applicable protective procedures, and continue gathering critical facts without delaying safety action This correctly combines associate supervision, urgency, focused assessment, and applicable protective duties.","When time-sensitive danger is credible, act on available facts while refining the assessment.",WB5-C2-Q014,CTA-MQB-0439,WB5-C2,,CTA Master Flashcard Library v1.0 shared-core record; reconciled to final LCSW Stage 5B workbook/rationale lineage.,"Reconciled August 7, 2026; recheck high-change law, BBS guidance, examination administration, NASW ethics, and federal overlays at Stage 5D/release.","August 7, 2026",1.0,2026-08-07,Synchronized,Shared Core
CTA-EP-002-FC-0477,CTA-FC-0477,CTA-FC-0477,Active,KEEP-LCSW,Workbook 5,Client Welfare & Harm Prevention,5,2,Avoiding and Preventing Client Harm,Application Principle,Boundary Exception and Client Impact,What principle should guide the clinician’s decision?,"The pattern serves the clinician’s needs, exploits power and dependency, and requires prompt protection, correction, consultation, and continuity planning.","Evaluate the function and power of the boundary pattern, not whether the clinician describes it as kindness.",WB5-C2-Q015,CTA-MQB-0440,WB5-C2,,CTA Master Flashcard Library v1.0 shared-core record; reconciled to final LCSW Stage 5B workbook/rationale lineage.,"Reconciled August 7, 2026; recheck high-change law, BBS guidance, examination administration, NASW ethics, and federal overlays at Stage 5D/release.","August 7, 2026",1.0,2026-08-07,Synchronized,Shared Core
CTA-EP-002-FC-0478,CTA-FC-0478,CTA-FC-0478,Active,KEEP-LCSW,Workbook 5,Client Welfare & Harm Prevention,5,2,Avoiding and Preventing Client Harm,Application Principle,Organizational Risk and Continuity,What principle should guide the clinician’s decision?,"Use an immediate backup process, identify and contact affected clients, assess harm and risk, document and escalate the system problem, and verify that corrective measures work This addresses current clients, continuity, containment, organizational escalation, and verification of the remedy.","For system-caused harm, protect affected clients now and correct the system rather than shifting responsibility.",WB5-C2-Q016,CTA-MQB-0441,WB5-C2,,CTA Master Flashcard Library v1.0 shared-core record; reconciled to final LCSW Stage 5B workbook/rationale lineage.,"Reconciled August 7, 2026; recheck high-change law, BBS guidance, examination administration, NASW ethics, and federal overlays at Stage 5D/release.","August 7, 2026",1.0,2026-08-07,Synchronized,Shared Core
CTA-EP-002-FC-0479,CTA-FC-0479,CTA-FC-0479,Active,KEEP-LCSW,Workbook 5,Client Welfare & Harm Prevention,5,2,Avoiding and Preventing Client Harm,Application Principle,Integrated Prevention and Sequencing,What principle should guide the clinician’s decision?,"Promptly reassess safety and treatment effectiveness, involve the supervisor, clarify communication and emergency boundaries, address dependency and the missed follow-up, modify or coordinate care as needed, and document and monitor the plan This integrates assessment, supervision, boundary repair, treatment review, continuity, documentation, and follow-up in a proportionate sequence.","Integrated prevention items reward a coordinated response to client risk, clinician factors, boundaries, supervision, and continuity. Quality-Control Matrix Question Difficulty Type Key Primary concept",WB5-C2-Q017,CTA-MQB-0442,WB5-C2,,CTA Master Flashcard Library v1.0 shared-core record; reconciled to final LCSW Stage 5B workbook/rationale lineage.,"Reconciled August 7, 2026; recheck high-change law, BBS guidance, examination administration, NASW ethics, and federal overlays at Stage 5D/release.","August 7, 2026",1.0,2026-08-07,Synchronized,Shared Core
CTA-EP-002-FC-0480,CTA-FC-0480,CTA-FC-0480,Active,KEEP-LCSW,Workbook 5,Client Welfare & Harm Prevention,5,3,Beneficence and Promoting Client Welfare,Application Principle,Meaning of Beneficence,What principle should guide the clinician’s decision?,Beneficence is the ethical commitment to pursue client welfare through competent and thoughtful professional action.,"Choose reasonable, competent promotion of welfare - not guarantees, automatic compliance, or crisis-only duties.",WB5-C3-Q001,CTA-MQB-0443,WB5-C3,,CTA Master Flashcard Library v1.0 shared-core record; reconciled to final LCSW Stage 5B workbook/rationale lineage.,"Reconciled August 7, 2026; recheck high-change law, BBS guidance, examination administration, NASW ethics, and federal overlays at Stage 5D/release.","August 7, 2026",1.0,2026-08-07,Synchronized,Shared Core
CTA-EP-002-FC-0481,CTA-FC-0481,CTA-FC-0481,Active,KEEP-LCSW,Workbook 5,Client Welfare & Harm Prevention,5,3,Beneficence and Promoting Client Welfare,Application Principle,Beneficence and Nonmaleficence,What principle should guide the clinician’s decision?,The principles have different emphases but usually work together in clinical decision-making.,"Remember: promote welfare and reduce harm usually operate together, not as competing silos.",WB5-C3-Q002,CTA-MQB-0444,WB5-C3,,CTA Master Flashcard Library v1.0 shared-core record; reconciled to final LCSW Stage 5B workbook/rationale lineage.,"Reconciled August 7, 2026; recheck high-change law, BBS guidance, examination administration, NASW ethics, and federal overlays at Stage 5D/release.","August 7, 2026",1.0,2026-08-07,Synchronized,Shared Core
CTA-EP-002-FC-0482,CTA-FC-0482,CTA-FC-0482,Active,KEEP-LCSW,Workbook 5,Client Welfare & Harm Prevention,5,3,Beneficence and Promoting Client Welfare,Key Concept,No Outcome Guarantee,What is the key principle to remember?,"A poor outcome alone does not prove a violation, but it should prompt appropriate reassessment and response This avoids hindsight-based liability while preserving the duty to respond to evidence that treatment is not helping.","The exam tests a competent process and responsive reassessment, not guaranteed success.",WB5-C3-Q003,CTA-MQB-0445,WB5-C3,,CTA Master Flashcard Library v1.0 shared-core record; reconciled to final LCSW Stage 5B workbook/rationale lineage.,"Reconciled August 7, 2026; recheck high-change law, BBS guidance, examination administration, NASW ethics, and federal overlays at Stage 5D/release.","August 7, 2026",1.0,2026-08-07,Synchronized,Shared Core
CTA-EP-002-FC-0483,CTA-FC-0483,CTA-FC-0483,Active,KEEP-LCSW,Workbook 5,Client Welfare & Harm Prevention,5,3,Beneficence and Promoting Client Welfare,Application Principle,Beneficence and Autonomy,What principle should guide the clinician’s decision?,"The clinician should offer reasoned recommendations and support informed client participation among appropriate options This integrates professional judgment, understandable information, and meaningful participation.","Look for collaborative professional judgment - not control, passivity, or automatic compliance.",WB5-C3-Q004,CTA-MQB-0446,WB5-C3,,CTA Master Flashcard Library v1.0 shared-core record; reconciled to final LCSW Stage 5B workbook/rationale lineage.,"Reconciled August 7, 2026; recheck high-change law, BBS guidance, examination administration, NASW ethics, and federal overlays at Stage 5D/release.","August 7, 2026",1.0,2026-08-07,Synchronized,Shared Core
CTA-EP-002-FC-0484,CTA-FC-0484,CTA-FC-0484,Active,KEEP-LCSW,Workbook 5,Client Welfare & Harm Prevention,5,3,Beneficence and Promoting Client Welfare,Application Principle,Benefit-Risk Analysis,What principle should guide the clinician’s decision?,"Compare expected benefit, material risk, alternatives, client fit, feasibility, and how outcomes will be monitored This is a complete, client-centered benefit-risk and monitoring analysis.","The strongest answer compares benefit, harm, alternatives, fit, feasibility, and follow-up.",WB5-C3-Q005,CTA-MQB-0447,WB5-C3,,CTA Master Flashcard Library v1.0 shared-core record; reconciled to final LCSW Stage 5B workbook/rationale lineage.,"Reconciled August 7, 2026; recheck high-change law, BBS guidance, examination administration, NASW ethics, and federal overlays at Stage 5D/release.","August 7, 2026",1.0,2026-08-07,Synchronized,Shared Core
CTA-EP-002-FC-0485,CTA-FC-0485,CTA-FC-0485,Active,KEEP-LCSW,Workbook 5,Client Welfare & Harm Prevention,5,3,Beneficence and Promoting Client Welfare,Application Principle,Informed Preference,What principle should guide the clinician’s decision?,"The option remains clinically reasonable, so respect for autonomy can coexist with monitoring and continuing professional judgment.","When multiple reasonable options exist, favor informed participation with monitoring over coercion or withdrawal.",WB5-C3-Q006,CTA-MQB-0448,WB5-C3,,CTA Master Flashcard Library v1.0 shared-core record; reconciled to final LCSW Stage 5B workbook/rationale lineage.,"Reconciled August 7, 2026; recheck high-change law, BBS guidance, examination administration, NASW ethics, and federal overlays at Stage 5D/release.","August 7, 2026",1.0,2026-08-07,Synchronized,Shared Core
CTA-EP-002-FC-0486,CTA-FC-0486,CTA-FC-0486,Active,KEEP-LCSW,Workbook 5,Client Welfare & Harm Prevention,5,3,Beneficence and Promoting Client Welfare,Application Principle,Continuing Benefit,What principle should guide the clinician’s decision?,"Reassess goals, formulation, risk, fit, barriers, and level of care; consult and modify or coordinate alternative care as indicated This directly tests whether the service remains beneficial and preserves continuity while considering a reasoned change.","Sustained deterioration calls for reassessment and proportionate change - not persistence, blame, or abandonment.",WB5-C3-Q007,CTA-MQB-0449,WB5-C3,,CTA Master Flashcard Library v1.0 shared-core record; reconciled to final LCSW Stage 5B workbook/rationale lineage.,"Reconciled August 7, 2026; recheck high-change law, BBS guidance, examination administration, NASW ethics, and federal overlays at Stage 5D/release.","August 7, 2026",1.0,2026-08-07,Synchronized,Shared Core
CTA-EP-002-FC-0487,CTA-FC-0487,CTA-FC-0487,Active,KEEP-LCSW,Workbook 5,Client Welfare & Harm Prevention,5,3,Beneficence and Promoting Client Welfare,Application Principle,Financial Incentive and Care,What principle should guide the clinician’s decision?,Clinical need and client welfare should guide the decision; the financial incentive must not replace professional judgment.,"When money or policy conflicts with care, protect client-centered judgment without overreacting or misrepresenting the law.",WB5-C3-Q008,CTA-MQB-0450,WB5-C3,,CTA Master Flashcard Library v1.0 shared-core record; reconciled to final LCSW Stage 5B workbook/rationale lineage.,"Reconciled August 7, 2026; recheck high-change law, BBS guidance, examination administration, NASW ethics, and federal overlays at Stage 5D/release.","August 7, 2026",1.0,2026-08-07,Synchronized,Shared Core
CTA-EP-002-FC-0488,CTA-FC-0488,CTA-FC-0488,Active,KEEP-LCSW,Workbook 5,Client Welfare & Harm Prevention,5,3,Beneficence and Promoting Client Welfare,Application Principle,Competence and Access,What principle should guide the clinician’s decision?,"Explain the limitation and pursue a competent alternative, consultation, collaboration, training before use, or qualified referral while protecting continuity This combines welfare, competence, transparency, alternatives, and continuity.",Beneficence must travel with competence and continuity; potential usefulness alone is not authorization.,WB5-C3-Q009,CTA-MQB-0451,WB5-C3,,CTA Master Flashcard Library v1.0 shared-core record; reconciled to final LCSW Stage 5B workbook/rationale lineage.,"Reconciled August 7, 2026; recheck high-change law, BBS guidance, examination administration, NASW ethics, and federal overlays at Stage 5D/release.","August 7, 2026",1.0,2026-08-07,Synchronized,Shared Core
CTA-EP-002-FC-0489,CTA-FC-0489,CTA-FC-0489,Active,KEEP-LCSW,Workbook 5,Client Welfare & Harm Prevention,5,3,Beneficence and Promoting Client Welfare,Application Principle,Short-Term Comfort and Dependency,What principle should guide the clinician’s decision?,"Assess risk and dependency, clarify sustainable communication and emergency plans, support coping, and monitor long-term treatment impact This addresses present distress while protecting autonomy, functioning, boundaries, and long-term welfare.","Do not confuse short-term comfort with durable benefit; analyze dependency, sustainability, and client functioning.",WB5-C3-Q010,CTA-MQB-0452,WB5-C3,,CTA Master Flashcard Library v1.0 shared-core record; reconciled to final LCSW Stage 5B workbook/rationale lineage.,"Reconciled August 7, 2026; recheck high-change law, BBS guidance, examination administration, NASW ethics, and federal overlays at Stage 5D/release.","August 7, 2026",1.0,2026-08-07,Synchronized,Shared Core
CTA-EP-002-FC-0490,CTA-FC-0490,CTA-FC-0490,Active,KEEP-LCSW,Workbook 5,Client Welfare & Harm Prevention,5,3,Beneficence and Promoting Client Welfare,Application Principle,Advocacy Within Role,What principle should guide the clinician’s decision?,"Explore the barrier with the client, identify realistic resources or service alternatives, coordinate within authorization and role, and follow up This supports feasible access without overpromising or disregarding privacy.","Effective advocacy addresses real barriers within role, authority, confidentiality, and available resources.",WB5-C3-Q011,CTA-MQB-0453,WB5-C3,,CTA Master Flashcard Library v1.0 shared-core record; reconciled to final LCSW Stage 5B workbook/rationale lineage.,"Reconciled August 7, 2026; recheck high-change law, BBS guidance, examination administration, NASW ethics, and federal overlays at Stage 5D/release.","August 7, 2026",1.0,2026-08-07,Synchronized,Shared Core
CTA-EP-002-FC-0491,CTA-FC-0491,CTA-FC-0491,Active,KEEP-LCSW,Workbook 5,Client Welfare & Harm Prevention,5,3,Beneficence and Promoting Client Welfare,Application Principle,Vulnerability Without Paternalism,What principle should guide the clinician’s decision?,"Use accessible communication and supported decision-making, then respect the client’s informed choice This adds the support needed for meaningful participation without unnecessarily removing autonomy.","Vulnerability calls for tailored support and safeguards, not automatic loss of rights.",WB5-C3-Q012,CTA-MQB-0454,WB5-C3,,CTA Master Flashcard Library v1.0 shared-core record; reconciled to final LCSW Stage 5B workbook/rationale lineage.,"Reconciled August 7, 2026; recheck high-change law, BBS guidance, examination administration, NASW ethics, and federal overlays at Stage 5D/release.","August 7, 2026",1.0,2026-08-07,Synchronized,Shared Core
CTA-EP-002-FC-0492,CTA-FC-0492,CTA-FC-0492,Active,KEEP-LCSW,Workbook 5,Client Welfare & Harm Prevention,5,3,Beneficence and Promoting Client Welfare,Application Principle,Competing Benefits and Burdens,What principle should guide the clinician’s decision?,"Discuss the comparative benefits, burdens, uncertainty, and monitoring plan, and proceed with the accessible reasonable option if the informed client chooses it This weighs clinical evidence, real-world feasibility, autonomy, and outcome monitoring without equating beneficence with control.",Benefit is practical and client-specific; an inaccessible ‘best’ option may not be the most beneficial available plan.,WB5-C3-Q013,CTA-MQB-0455,WB5-C3,,CTA Master Flashcard Library v1.0 shared-core record; reconciled to final LCSW Stage 5B workbook/rationale lineage.,"Reconciled August 7, 2026; recheck high-change law, BBS guidance, examination administration, NASW ethics, and federal overlays at Stage 5D/release.","August 7, 2026",1.0,2026-08-07,Synchronized,Shared Core
CTA-EP-002-FC-0493,CTA-FC-0493,CTA-FC-0493,Active,KEEP-LCSW,Workbook 5,Client Welfare & Harm Prevention,5,3,Beneficence and Promoting Client Welfare,Application Principle,Organizational Pressure and Necessary Care,What principle should guide the clinician’s decision?,"Assess current need and risk, raise the client-specific concern through appropriate channels, explore authorized exceptions or alternatives, and protect continuity This responds to client need, system constraints, accurate advocacy, and continuity without making unauthorized promises.","When policy conflicts with welfare, use accurate client-specific assessment, escalation, alternatives, and continuity - not blind compliance or fabrication.",WB5-C3-Q014,CTA-MQB-0456,WB5-C3,,CTA Master Flashcard Library v1.0 shared-core record; reconciled to final LCSW Stage 5B workbook/rationale lineage.,"Reconciled August 7, 2026; recheck high-change law, BBS guidance, examination administration, NASW ethics, and federal overlays at Stage 5D/release.","August 7, 2026",1.0,2026-08-07,Synchronized,Shared Core
CTA-EP-002-FC-0494,CTA-FC-0494,CTA-FC-0494,Active,KEEP-LCSW,Workbook 5,Client Welfare & Harm Prevention,5,3,Beneficence and Promoting Client Welfare,Application Principle,Proportionate Level of Care,What principle should guide the clinician’s decision?,"Validate and assess the concern, explain the clinical reasoning and options, create a proportionate outpatient safety and treatment plan, and reassess if risk changes This balances welfare, autonomy, risk, proportionality, and ongoing monitoring without unnecessary restriction.",Choose the least disruptive response that adequately addresses assessed need and risk; intensity is not beneficence by itself.,WB5-C3-Q015,CTA-MQB-0457,WB5-C3,,CTA Master Flashcard Library v1.0 shared-core record; reconciled to final LCSW Stage 5B workbook/rationale lineage.,"Reconciled August 7, 2026; recheck high-change law, BBS guidance, examination administration, NASW ethics, and federal overlays at Stage 5D/release.","August 7, 2026",1.0,2026-08-07,Synchronized,Shared Core
CTA-EP-002-FC-0495,CTA-FC-0495,CTA-FC-0495,Active,KEEP-LCSW,Workbook 5,Client Welfare & Harm Prevention,5,3,Beneficence and Promoting Client Welfare,Application Principle,Value Imposition,What principle should guide the clinician’s decision?,"Stop imposing the therapist’s value, reassess safety and goals, acknowledge the client’s autonomy, seek consultation regarding bias, and support a client-centered plan This addresses value imposition, safety, professional self-awareness, autonomy, and the client-specific meaning of welfare.","‘Best interest’ language is a warning sign when it masks clinician values, coercion, or disregard of client-specific safety.",WB5-C3-Q016,CTA-MQB-0458,WB5-C3,,CTA Master Flashcard Library v1.0 shared-core record; reconciled to final LCSW Stage 5B workbook/rationale lineage.,"Reconciled August 7, 2026; recheck high-change law, BBS guidance, examination administration, NASW ethics, and federal overlays at Stage 5D/release.","August 7, 2026",1.0,2026-08-07,Synchronized,Shared Core
CTA-EP-002-FC-0496,CTA-FC-0496,CTA-FC-0496,Active,KEEP-LCSW,Workbook 5,Client Welfare & Harm Prevention,5,3,Beneficence and Promoting Client Welfare,Application Principle,Integrated Client-Welfare Analysis,What principle should guide the clinician’s decision?,"Reassess need, risk, effectiveness, access, and preferences; involve the supervisor; discuss benefits and alternatives; coordinate competent care and continuity; document and monitor the plan This integrates beneficence, nonmaleficence, autonomy, supervision, competence, access, referral, documentation, and outcome monitoring.","Integrated welfare questions reward a coordinated plan that joins benefit, safety, autonomy, competence, access, supervision, and continuity. Quality-Control Matrix Question Difficulty Type Key Primary concept",WB5-C3-Q017,CTA-MQB-0459,WB5-C3,,CTA Master Flashcard Library v1.0 shared-core record; reconciled to final LCSW Stage 5B workbook/rationale lineage.,"Reconciled August 7, 2026; recheck high-change law, BBS guidance, examination administration, NASW ethics, and federal overlays at Stage 5D/release.","August 7, 2026",1.0,2026-08-07,Synchronized,Shared Core
CTA-EP-002-FC-0497,CTA-FC-0497,CTA-FC-0497,Active,KEEP-LCSW,Workbook 5,Client Welfare & Harm Prevention,5,4,Professional Responsibility and Accountability,Application Principle,Professional Responsibility,What principle should guide the clinician’s decision?,Professional responsibility is the obligation to fulfill the duties attached to the clinician’s role and conduct.,"Responsibility concerns applicable duties - not perfection, preference, or transfer of judgment.",WB5-C4-Q001,CTA-MQB-0460,WB5-C4,,CTA Master Flashcard Library v1.0 shared-core record; reconciled to final LCSW Stage 5B workbook/rationale lineage.,"Reconciled August 7, 2026; recheck high-change law, BBS guidance, examination administration, NASW ethics, and federal overlays at Stage 5D/release.","August 7, 2026",1.0,2026-08-07,Synchronized,Shared Core
CTA-EP-002-FC-0498,CTA-FC-0498,CTA-FC-0498,Active,KEEP-LCSW,Workbook 5,Client Welfare & Harm Prevention,5,4,Professional Responsibility and Accountability,Application Principle,Meaning of Accountability,What principle should guide the clinician’s decision?,"Accountability centers on an honest, client-protective response and follow-through.","Choose truthful, proportionate action - not self-punishment, concealment, or indiscriminate reporting.",WB5-C4-Q002,CTA-MQB-0461,WB5-C4,,CTA Master Flashcard Library v1.0 shared-core record; reconciled to final LCSW Stage 5B workbook/rationale lineage.,"Reconciled August 7, 2026; recheck high-change law, BBS guidance, examination administration, NASW ethics, and federal overlays at Stage 5D/release.","August 7, 2026",1.0,2026-08-07,Synchronized,Shared Core
CTA-EP-002-FC-0499,CTA-FC-0499,CTA-FC-0499,Active,KEEP-LCSW,Workbook 5,Client Welfare & Harm Prevention,5,4,Professional Responsibility and Accountability,First-Step Rule,First Priority After Error,What is the strongest first response or sequence?,The first task is to determine and reduce any continuing client impact.,"When harm may be continuing, protect first; analyze blame and prevention afterward.",WB5-C4-Q003,CTA-MQB-0462,WB5-C4,,CTA Master Flashcard Library v1.0 shared-core record; reconciled to final LCSW Stage 5B workbook/rationale lineage.,"Reconciled August 7, 2026; recheck high-change law, BBS guidance, examination administration, NASW ethics, and federal overlays at Stage 5D/release.","August 7, 2026",1.0,2026-08-07,Synchronized,Shared Core
CTA-EP-002-FC-0500,CTA-FC-0500,CTA-FC-0500,Active,KEEP-LCSW,Workbook 9,Documentation & Records,9,3,Record Retention Requirements,Application Principle,Record Integrity,What principle should guide the clinician’s decision?,"Record integrity requires records to remain accurate, complete, reliable, accessible, and protected from unauthorized modification. A system that permits changes without preserving a history may make it impossible to determine what information was originally documented or when changes occurred. Audit trails and transparent correction processes help protect the reliability of electronic records.",Use the integrity formula: Accurate + Complete + Accessible + Protected,"WB5-C4-Q004, WB9-C3-Q005","CTA-MQB-0463, CTA-MQB-0736",WB9-C3,,CTA Master Flashcard Library v1.0 shared-core record; reconciled to final LCSW Stage 5B workbook/rationale lineage.,"Reconciled August 7, 2026; recheck high-change law, BBS guidance, examination administration, NASW ethics, and federal overlays at Stage 5D/release.","August 7, 2026",1.0,2026-08-07,Synchronized,Shared Core
CTA-EP-002-FC-0501,CTA-FC-0501,CTA-FC-0501,Active,KEEP-LCSW,Workbook 5,Client Welfare & Harm Prevention,5,4,Professional Responsibility and Accountability,Application Principle,Missed Safety Follow-Up,What principle should guide the clinician’s decision?,"Promptly assess the client’s current safety and take indicated protective action, then address documentation, consultation, and process correction This prioritizes safety and then completes the accountable corrective response.","Separate immediate client protection from later remediation; both matter, but safety comes first.",WB5-C4-Q006,CTA-MQB-0465,WB5-C4,,CTA Master Flashcard Library v1.0 shared-core record; reconciled to final LCSW Stage 5B workbook/rationale lineage.,"Reconciled August 7, 2026; recheck high-change law, BBS guidance, examination administration, NASW ethics, and federal overlays at Stage 5D/release.","August 7, 2026",1.0,2026-08-07,Synchronized,Shared Core
CTA-EP-002-FC-0502,CTA-FC-0502,CTA-FC-0502,Active,KEEP-LCSW,Workbook 5,Client Welfare & Harm Prevention,5,4,Professional Responsibility and Accountability,Application Principle,Late Entry and Correction,What principle should guide the clinician’s decision?,"Follow the approved late-entry or amendment process, identify the current date and source of information, preserve the original history, and address any client impact This protects accuracy, continuity, and record integrity without rewriting history.",A late correction should improve accuracy while showing honestly when and how it was made.,WB5-C4-Q007,CTA-MQB-0466,WB5-C4,,CTA Master Flashcard Library v1.0 shared-core record; reconciled to final LCSW Stage 5B workbook/rationale lineage.,"Reconciled August 7, 2026; recheck high-change law, BBS guidance, examination administration, NASW ethics, and federal overlays at Stage 5D/release.","August 7, 2026",1.0,2026-08-07,Synchronized,Shared Core
CTA-EP-002-FC-0503,CTA-FC-0503,CTA-FC-0503,Active,KEEP-LCSW,Workbook 5,Client Welfare & Harm Prevention,5,4,Professional Responsibility and Accountability,Application Principle,Responding to Client Feedback,What principle should guide the clinician’s decision?,"Clarify what the client understood, provide accurate information, assess decision impact, correct the process if needed, and document the material discussion This treats feedback as relevant information and restores informed decision-making proportionately.","Credible feedback calls for clarification, impact assessment, correction, and follow-through - not defensiveness or reflexive overcorrection.",WB5-C4-Q008,CTA-MQB-0467,WB5-C4,,CTA Master Flashcard Library v1.0 shared-core record; reconciled to final LCSW Stage 5B workbook/rationale lineage.,"Reconciled August 7, 2026; recheck high-change law, BBS guidance, examination administration, NASW ethics, and federal overlays at Stage 5D/release.","August 7, 2026",1.0,2026-08-07,Synchronized,Shared Core
CTA-EP-002-FC-0504,CTA-FC-0504,CTA-FC-0504,Active,KEEP-LCSW,Workbook 5,Client Welfare & Harm Prevention,5,4,Professional Responsibility and Accountability,Application Principle,Supervisee Disclosure,What principle should guide the clinician’s decision?,Effective supervision requires honest material information and a client-centered corrective plan.,A supervisee should restore effective oversight by disclosing material facts and addressing the client impact.,WB5-C4-Q009,CTA-MQB-0468,WB5-C4,,CTA Master Flashcard Library v1.0 shared-core record; reconciled to final LCSW Stage 5B workbook/rationale lineage.,"Reconciled August 7, 2026; recheck high-change law, BBS guidance, examination administration, NASW ethics, and federal overlays at Stage 5D/release.","August 7, 2026",1.0,2026-08-07,Synchronized,Shared Core
CTA-EP-002-FC-0505,CTA-FC-0505,CTA-FC-0505,Active,KEEP-LCSW,Workbook 5,Client Welfare & Harm Prevention,5,4,Professional Responsibility and Accountability,Application Principle,Billing and Diagnostic Error,What principle should guide the clinician’s decision?,"Clarify the facts and clinical record, assess client consequences, consult appropriate billing or compliance resources, correct authorized records and claims, communicate as required, and track completion This coordinates factual, clinical, compliance, communication, and follow-up responsibilities.","Treat billing data as consequential information: verify, correct through proper channels, address impact, and confirm completion.",WB5-C4-Q010,CTA-MQB-0469,WB5-C4,,CTA Master Flashcard Library v1.0 shared-core record; reconciled to final LCSW Stage 5B workbook/rationale lineage.,"Reconciled August 7, 2026; recheck high-change law, BBS guidance, examination administration, NASW ethics, and federal overlays at Stage 5D/release.","August 7, 2026",1.0,2026-08-07,Synchronized,Shared Core
CTA-EP-002-FC-0506,CTA-FC-0506,CTA-FC-0506,Active,KEEP-LCSW,Workbook 5,Client Welfare & Harm Prevention,5,4,Professional Responsibility and Accountability,Application Principle,Colleague Conduct,What principle should guide the clinician’s decision?,"Clarify facts within role, assess client risk and applicable duties, and obtain timely ethical, supervisory, legal, or organizational consultation before choosing the proper channel This is fact-based and proportionate while preserving the ability to act promptly if risk or a reporting duty is identified.","With incomplete nonurgent facts, clarify risk and duties before selecting the intervention or reporting path.",WB5-C4-Q011,CTA-MQB-0470,WB5-C4,,CTA Master Flashcard Library v1.0 shared-core record; reconciled to final LCSW Stage 5B workbook/rationale lineage.,"Reconciled August 7, 2026; recheck high-change law, BBS guidance, examination administration, NASW ethics, and federal overlays at Stage 5D/release.","August 7, 2026",1.0,2026-08-07,Synchronized,Shared Core
CTA-EP-002-FC-0507,CTA-FC-0507,CTA-FC-0507,Active,KEEP-LCSW,Workbook 5,Client Welfare & Harm Prevention,5,4,Professional Responsibility and Accountability,Application Principle,System Failure,What principle should guide the clinician’s decision?,"Contain the failure, identify affected clients, assess current risk, restore communication or alternatives, preserve evidence, notify through required channels, correct the system, and verify the fix This addresses current clients, evidence, duties, correction, and prevention as one coordinated response.","For multi-client system failures: contain, identify, assess, restore, preserve, correct, and verify.",WB5-C4-Q012,CTA-MQB-0471,WB5-C4,,CTA Master Flashcard Library v1.0 shared-core record; reconciled to final LCSW Stage 5B workbook/rationale lineage.,"Reconciled August 7, 2026; recheck high-change law, BBS guidance, examination administration, NASW ethics, and federal overlays at Stage 5D/release.","August 7, 2026",1.0,2026-08-07,Synchronized,Shared Core
CTA-EP-002-FC-0508,CTA-FC-0508,CTA-FC-0508,Active,KEEP-LCSW,Workbook 5,Client Welfare & Harm Prevention,5,4,Professional Responsibility and Accountability,Application Principle,Client Error Disclosure,What principle should guide the clinician’s decision?,"Clarify impact and controlling duties, obtain timely qualified consultation, correct the problem, and communicate material client-centered information through an authorized approach This preserves prompt accountability while tailoring communication to materiality, law, authorization, and client need.","Avoid both concealment and emotional overdisclosure; use a timely, client-centered, legally informed process.",WB5-C4-Q013,CTA-MQB-0472,WB5-C4,,CTA Master Flashcard Library v1.0 shared-core record; reconciled to final LCSW Stage 5B workbook/rationale lineage.,"Reconciled August 7, 2026; recheck high-change law, BBS guidance, examination administration, NASW ethics, and federal overlays at Stage 5D/release.","August 7, 2026",1.0,2026-08-07,Synchronized,Shared Core
CTA-EP-002-FC-0509,CTA-FC-0509,CTA-FC-0509,Active,KEEP-LCSW,Workbook 5,Client Welfare & Harm Prevention,5,4,Professional Responsibility and Accountability,Application Principle,Instruction to Falsify,What principle should guide the clinician’s decision?,"Refuse to falsify the record, preserve accurate information, assess any client impact, involve the supervisor and appropriate compliance or legal channels, and document through authorized processes This protects the client and record while using the proper supervisory and organizational response.","Organizational pressure never makes falsification acceptable; protect the record, client, and authorized escalation path.",WB5-C4-Q014,CTA-MQB-0473,WB5-C4,,CTA Master Flashcard Library v1.0 shared-core record; reconciled to final LCSW Stage 5B workbook/rationale lineage.,"Reconciled August 7, 2026; recheck high-change law, BBS guidance, examination administration, NASW ethics, and federal overlays at Stage 5D/release.","August 7, 2026",1.0,2026-08-07,Synchronized,Shared Core
CTA-EP-002-FC-0510,CTA-FC-0510,CTA-FC-0510,Active,KEEP-LCSW,Workbook 5,Client Welfare & Harm Prevention,5,4,Professional Responsibility and Accountability,Risk Management,Suspected Confidentiality Incident,What risk-management principle should guide the response?,A suspected incident requires containment and structured assessment before a legally supported notification decision.,"Do not equate incident with confirmed reportable breach; contain, assess, preserve, consult, then notify as required.",WB5-C4-Q015,CTA-MQB-0474,WB5-C4,,CTA Master Flashcard Library v1.0 shared-core record; reconciled to final LCSW Stage 5B workbook/rationale lineage.,"Reconciled August 7, 2026; recheck high-change law, BBS guidance, examination administration, NASW ethics, and federal overlays at Stage 5D/release.","August 7, 2026",1.0,2026-08-07,Synchronized,Shared Core
CTA-EP-002-FC-0511,CTA-FC-0511,CTA-FC-0511,Active,KEEP-LCSW,Workbook 5,Client Welfare & Harm Prevention,5,4,Professional Responsibility and Accountability,Application Principle,Integrated Accountability Response,What principle should guide the clinician’s decision?,"Promptly assess and protect the client, inform the supervisor with complete facts, preserve and correct the record transparently, determine required communication or reporting, document the response, and repair the workflow This integrates safety, supervision, record integrity, communication, documentation, and prevention in the proper sequence.","Integrated questions reward a coordinated sequence: protect, disclose material facts to oversight, correct honestly, apply duties, document, and prevent recurrence. Quality-Control Matrix Question Difficulty Type Key Primary concept",WB5-C4-Q017,CTA-MQB-0476,WB5-C4,,CTA Master Flashcard Library v1.0 shared-core record; reconciled to final LCSW Stage 5B workbook/rationale lineage.,"Reconciled August 7, 2026; recheck high-change law, BBS guidance, examination administration, NASW ethics, and federal overlays at Stage 5D/release.","August 7, 2026",1.0,2026-08-07,Synchronized,Shared Core
CTA-EP-002-FC-0512,CTA-FC-0512,CTA-FC-0512,Active,KEEP-LCSW,Workbook 5,Client Welfare & Harm Prevention,5,5,Professional Judgment and Ethical Decision-Making,Application Principle,Meaning of Professional Judgment,What principle should guide the clinician’s decision?,Sound judgment integrates relevant sources through a reasoned process.,"Choose an integrated, reviewable process - not instinct, popularity, or guaranteed success.",WB5-C5-Q001,CTA-MQB-0477,WB5-C5,,CTA Master Flashcard Library v1.0 shared-core record; reconciled to final LCSW Stage 5B workbook/rationale lineage.,"Reconciled August 7, 2026; recheck high-change law, BBS guidance, examination administration, NASW ethics, and federal overlays at Stage 5D/release.","August 7, 2026",1.0,2026-08-07,Synchronized,Shared Core
CTA-EP-002-FC-0513,CTA-FC-0513,CTA-FC-0513,Active,KEEP-LCSW,Workbook 5,Client Welfare & Harm Prevention,5,5,Professional Judgment and Ethical Decision-Making,First-Step Rule,Legal Priority,What is the strongest first response or sequence?,Professional judgment begins with the controlling authority and then addresses implementation.,Apply the legal rule first; exercise discretion only where the rule permits it.,WB5-C5-Q002,CTA-MQB-0478,WB5-C5,,CTA Master Flashcard Library v1.0 shared-core record; reconciled to final LCSW Stage 5B workbook/rationale lineage.,"Reconciled August 7, 2026; recheck high-change law, BBS guidance, examination administration, NASW ethics, and federal overlays at Stage 5D/release.","August 7, 2026",1.0,2026-08-07,Synchronized,Shared Core
CTA-EP-002-FC-0514,CTA-FC-0514,CTA-FC-0514,Active,KEEP-LCSW,Workbook 5,Client Welfare & Harm Prevention,5,5,Professional Judgment and Ethical Decision-Making,Application Principle,Facts and Assumptions,What principle should guide the clinician’s decision?,The conclusion converts a therapist reaction into an unsupported trait judgment.,Label sources and observations accurately; do not convert feelings or interpretations into facts.,WB5-C5-Q003,CTA-MQB-0479,WB5-C5,,CTA Master Flashcard Library v1.0 shared-core record; reconciled to final LCSW Stage 5B workbook/rationale lineage.,"Reconciled August 7, 2026; recheck high-change law, BBS guidance, examination administration, NASW ethics, and federal overlays at Stage 5D/release.","August 7, 2026",1.0,2026-08-07,Synchronized,Shared Core
CTA-EP-002-FC-0515,CTA-FC-0515,CTA-FC-0515,Active,KEEP-LCSW,Workbook 5,Client Welfare & Harm Prevention,5,5,Professional Judgment and Ethical Decision-Making,Application Principle,Urgency,What principle should guide the clinician’s decision?,"Gather enough relevant information for the risk and timing, while taking necessary protective action when delay would increase harm This calibrates information gathering to urgency and client protection.",Match the amount of assessment to urgency; neither paralysis nor reflexive escalation is sound judgment.,WB5-C5-Q004,CTA-MQB-0480,WB5-C5,,CTA Master Flashcard Library v1.0 shared-core record; reconciled to final LCSW Stage 5B workbook/rationale lineage.,"Reconciled August 7, 2026; recheck high-change law, BBS guidance, examination administration, NASW ethics, and federal overlays at Stage 5D/release.","August 7, 2026",1.0,2026-08-07,Synchronized,Shared Core
CTA-EP-002-FC-0516,CTA-FC-0516,CTA-FC-0516,Active,KEEP-LCSW,Workbook 5,Client Welfare & Harm Prevention,5,5,Professional Judgment and Ethical Decision-Making,Application Principle,Consultation,What principle should guide the clinician’s decision?,Consultation strengthens but does not replace judgment.,"Consultation informs; it does not authorize, immunize, or transfer responsibility.",WB5-C5-Q005,CTA-MQB-0481,WB5-C5,,CTA Master Flashcard Library v1.0 shared-core record; reconciled to final LCSW Stage 5B workbook/rationale lineage.,"Reconciled August 7, 2026; recheck high-change law, BBS guidance, examination administration, NASW ethics, and federal overlays at Stage 5D/release.","August 7, 2026",1.0,2026-08-07,Synchronized,Shared Core
CTA-EP-002-FC-0517,CTA-FC-0517,CTA-FC-0517,Active,KEEP-LCSW,Workbook 5,Client Welfare & Harm Prevention,5,5,Professional Judgment and Ethical Decision-Making,Application Principle,Clarifying Conflicting Information,What principle should guide the clinician’s decision?,Nonurgent conflicting information calls for focused fact gathering before major action.,"When risk is not urgent, resolve material factual conflicts before labeling or acting.",WB5-C5-Q006,CTA-MQB-0482,WB5-C5,,CTA Master Flashcard Library v1.0 shared-core record; reconciled to final LCSW Stage 5B workbook/rationale lineage.,"Reconciled August 7, 2026; recheck high-change law, BBS guidance, examination administration, NASW ethics, and federal overlays at Stage 5D/release.","August 7, 2026",1.0,2026-08-07,Synchronized,Shared Core
CTA-EP-002-FC-0518,CTA-FC-0518,CTA-FC-0518,Active,KEEP-LCSW,Workbook 5,Client Welfare & Harm Prevention,5,5,Professional Judgment and Ethical Decision-Making,Application Principle,Client Preference and Risk,What principle should guide the clinician’s decision?,"Discuss comparative benefits, risks, and monitoring, then respect the informed reasonable choice This integrates informed participation and ongoing professional monitoring.","When options are reasonable, support informed choice rather than control, passivity, or withdrawal.",WB5-C5-Q007,CTA-MQB-0483,WB5-C5,,CTA Master Flashcard Library v1.0 shared-core record; reconciled to final LCSW Stage 5B workbook/rationale lineage.,"Reconciled August 7, 2026; recheck high-change law, BBS guidance, examination administration, NASW ethics, and federal overlays at Stage 5D/release.","August 7, 2026",1.0,2026-08-07,Synchronized,Shared Core
CTA-EP-002-FC-0519,CTA-FC-0519,CTA-FC-0519,Active,KEEP-LCSW,Workbook 5,Client Welfare & Harm Prevention,5,5,Professional Judgment and Ethical Decision-Making,Application Principle,Organizational Policy Conflict,What principle should guide the clinician’s decision?,"Verify the governing requirement, raise the discrepancy through appropriate channels, protect affected clients, and document relevant action This combines authority verification, organizational response, client protection, and documentation.","When policy conflicts with duty, verify, escalate appropriately, protect clients, and preserve continuity.",WB5-C5-Q008,CTA-MQB-0484,WB5-C5,,CTA Master Flashcard Library v1.0 shared-core record; reconciled to final LCSW Stage 5B workbook/rationale lineage.,"Reconciled August 7, 2026; recheck high-change law, BBS guidance, examination administration, NASW ethics, and federal overlays at Stage 5D/release.","August 7, 2026",1.0,2026-08-07,Synchronized,Shared Core
CTA-EP-002-FC-0520,CTA-FC-0520,CTA-FC-0520,Active,KEEP-LCSW,Workbook 5,Client Welfare & Harm Prevention,5,5,Professional Judgment and Ethical Decision-Making,Application Principle,Bias Check,What principle should guide the clinician’s decision?,Selective attention to confirming evidence can obscure treatment mismatch and calls for reassessment.,"Look for the reasoning distortion, then return to outcome data and alternative explanations.",WB5-C5-Q009,CTA-MQB-0485,WB5-C5,,CTA Master Flashcard Library v1.0 shared-core record; reconciled to final LCSW Stage 5B workbook/rationale lineage.,"Reconciled August 7, 2026; recheck high-change law, BBS guidance, examination administration, NASW ethics, and federal overlays at Stage 5D/release.","August 7, 2026",1.0,2026-08-07,Synchronized,Shared Core
CTA-EP-002-FC-0521,CTA-FC-0521,CTA-FC-0521,Active,KEEP-LCSW,Workbook 5,Client Welfare & Harm Prevention,5,5,Professional Judgment and Ethical Decision-Making,Application Principle,Proportionality,What principle should guide the clinician’s decision?,"When protection is equivalent, unnecessary intrusion should be avoided.","Prefer the least intrusive effective response, not the least action regardless of risk.",WB5-C5-Q010,CTA-MQB-0486,WB5-C5,,CTA Master Flashcard Library v1.0 shared-core record; reconciled to final LCSW Stage 5B workbook/rationale lineage.,"Reconciled August 7, 2026; recheck high-change law, BBS guidance, examination administration, NASW ethics, and federal overlays at Stage 5D/release.","August 7, 2026",1.0,2026-08-07,Synchronized,Shared Core
CTA-EP-002-FC-0522,CTA-FC-0522,CTA-FC-0522,Active,KEEP-LCSW,Workbook 5,Client Welfare & Harm Prevention,5,5,Professional Judgment and Ethical Decision-Making,Application Principle,Supporting Client Decisions,What principle should guide the clinician’s decision?,"Help the client clarify values, goals, options, and consequences while avoiding unnecessary substitution of therapist judgment This supports autonomy and decision-making capacity without abandoning therapeutic assistance.",Support the process of client choice without taking ownership of the client’s decision.,WB5-C5-Q011,CTA-MQB-0487,WB5-C5,,CTA Master Flashcard Library v1.0 shared-core record; reconciled to final LCSW Stage 5B workbook/rationale lineage.,"Reconciled August 7, 2026; recheck high-change law, BBS guidance, examination administration, NASW ethics, and federal overlays at Stage 5D/release.","August 7, 2026",1.0,2026-08-07,Synchronized,Shared Core
CTA-EP-002-FC-0523,CTA-FC-0523,CTA-FC-0523,Active,KEEP-LCSW,Workbook 5,Client Welfare & Harm Prevention,5,5,Professional Judgment and Ethical Decision-Making,Application Principle,Documentation of Judgment,What principle should guide the clinician’s decision?,"Relevant facts, assessment, client participation, standards considered, consultation, rationale, action, and follow-up as appropriate This creates a clinically meaningful and proportionate record of the decision.","Document the significant facts and reasoning needed for care, not vague conclusions or every internal thought.",WB5-C5-Q012,CTA-MQB-0488,WB5-C5,,CTA Master Flashcard Library v1.0 shared-core record; reconciled to final LCSW Stage 5B workbook/rationale lineage.,"Reconciled August 7, 2026; recheck high-change law, BBS guidance, examination administration, NASW ethics, and federal overlays at Stage 5D/release.","August 7, 2026",1.0,2026-08-07,Synchronized,Shared Core
CTA-EP-002-FC-0524,CTA-FC-0524,CTA-FC-0524,Active,KEEP-LCSW,Workbook 5,Client Welfare & Harm Prevention,5,5,Professional Judgment and Ethical Decision-Making,Application Principle,Urgent Incomplete Information,What principle should guide the clinician’s decision?,Urgent credible risk calls for timely assessment and protection based on information reasonably available.,"Urgency changes timing, not the need for proportionate fact-based action.",WB5-C5-Q013,CTA-MQB-0489,WB5-C5,,CTA Master Flashcard Library v1.0 shared-core record; reconciled to final LCSW Stage 5B workbook/rationale lineage.,"Reconciled August 7, 2026; recheck high-change law, BBS guidance, examination administration, NASW ethics, and federal overlays at Stage 5D/release.","August 7, 2026",1.0,2026-08-07,Synchronized,Shared Core
CTA-EP-002-FC-0525,CTA-FC-0525,CTA-FC-0525,Active,KEEP-LCSW,Workbook 5,Client Welfare & Harm Prevention,5,5,Professional Judgment and Ethical Decision-Making,Application Principle,Outcome Bias,What principle should guide the clinician’s decision?,"Evaluate the original reasoning using information reasonably available at the time, then respond appropriately to the new outcome This avoids hindsight bias while preserving the duty to reassess new information.","Judge the original process without hindsight, then treat the outcome as new information requiring response.",WB5-C5-Q015,CTA-MQB-0491,WB5-C5,,CTA Master Flashcard Library v1.0 shared-core record; reconciled to final LCSW Stage 5B workbook/rationale lineage.,"Reconciled August 7, 2026; recheck high-change law, BBS guidance, examination administration, NASW ethics, and federal overlays at Stage 5D/release.","August 7, 2026",1.0,2026-08-07,Synchronized,Shared Core
CTA-EP-002-FC-0526,CTA-FC-0526,CTA-FC-0526,Active,KEEP-LCSW,Workbook 5,Client Welfare & Harm Prevention,5,5,Professional Judgment and Ethical Decision-Making,Application Principle,Competing Duties,What principle should guide the clinician’s decision?,"Clarify facts and authority, assess seriousness, discuss options and consequences with the client, consult as needed, and use the least intrusive effective response This integrates fact gathering, authority, welfare, participation, consultation, and proportionality.","When no automatic override applies, assess, involve the client, and choose a proportionate lawful response.",WB5-C5-Q016,CTA-MQB-0492,WB5-C5,,CTA Master Flashcard Library v1.0 shared-core record; reconciled to final LCSW Stage 5B workbook/rationale lineage.,"Reconciled August 7, 2026; recheck high-change law, BBS guidance, examination administration, NASW ethics, and federal overlays at Stage 5D/release.","August 7, 2026",1.0,2026-08-07,Synchronized,Shared Core
CTA-EP-002-FC-0527,CTA-FC-0527,CTA-FC-0527,Active,KEEP-LCSW,Workbook 5,Client Welfare & Harm Prevention,5,5,Professional Judgment and Ethical Decision-Making,Application Principle,Integrated Ethical Decision-Making,What principle should guide the clinician’s decision?,"Address urgent safety, clarify facts, identify governing standards, examine bias, include the client, consult appropriately, compare proportionate options, act, document, and reevaluate This integrates the complete structured process while preserving urgency and accountability.","Integrated questions reward a lawful, client-specific, bias-aware process that moves from urgency to action and follow-up. Quality-Control Matrix Question Difficulty Type Key Primary concept",WB5-C5-Q017,CTA-MQB-0493,WB5-C5,,CTA Master Flashcard Library v1.0 shared-core record; reconciled to final LCSW Stage 5B workbook/rationale lineage.,"Reconciled August 7, 2026; recheck high-change law, BBS guidance, examination administration, NASW ethics, and federal overlays at Stage 5D/release.","August 7, 2026",1.0,2026-08-07,Synchronized,Shared Core
CTA-EP-002-FC-0528,CTA-FC-0528,CTA-FC-0528,Active,KEEP-LCSW,Workbook 6,Boundaries & Exploitation,6,1,Professional Boundaries,Key Concept,Purpose of Professional Boundaries,What is the key principle to remember?,"Professional boundaries establish the limits that keep the therapeutic relationship safe, predictable, and focused on the client’s needs. They help protect role clarity, confidentiality, professional objectivity, client autonomy, and freedom from exploitation. Boundaries do not exist merely to control clinician behavior. They preserve the integrity of a relationship in which the clinician holds professional authority, possesses sensitive information, and may significantly influence a vulnerable client.",,WB6-C1-Q001,CTA-MQB-0494,WB6-C1,,CTA Master Flashcard Library v1.0 shared-core record; reconciled to final LCSW Stage 5B workbook/rationale lineage.,"Reconciled August 7, 2026; recheck high-change law, BBS guidance, examination administration, NASW ethics, and federal overlays at Stage 5D/release.","August 7, 2026",1.0,2026-08-07,Synchronized,Shared Core
CTA-EP-002-FC-0529,CTA-FC-0529,CTA-FC-0529,Active,KEEP-LCSW,Workbook 6,Boundaries & Exploitation,6,1,Professional Boundaries,Application Principle,Boundaries and Therapeutic Warmth,What principle should guide the clinician’s decision?,"Professional boundaries do not require rigid or emotionally distant treatment. Clinicians may appropriately demonstrate compassion, adapt to individual needs, and consider cultural context as long as their actions maintain role clarity, professional judgment, and a legitimate therapeutic purpose. The central question is not simply whether the therapist was flexible. It is whether the action benefited the client, preserved professional roles, and avoided dependency, confusion, impaired objectivity, or exploitation.","Avoid answers suggesting that boundaries require either: Complete emotional distance, or Unlimited flexibility in the name of caring. The stronger answer usually combines warmth with role clarity and professional purpose.",WB6-C1-Q002,CTA-MQB-0495,WB6-C1,,CTA Master Flashcard Library v1.0 shared-core record; reconciled to final LCSW Stage 5B workbook/rationale lineage.,"Reconciled August 7, 2026; recheck high-change law, BBS guidance, examination administration, NASW ethics, and federal overlays at Stage 5D/release.","August 7, 2026",1.0,2026-08-07,Synchronized,Shared Core
CTA-EP-002-FC-0530,CTA-FC-0530,CTA-FC-0530,Active,KEEP-LCSW,Workbook 6,Boundaries & Exploitation,6,1,Professional Boundaries,Key Concept,Professional Power and Client Consent,What is the key principle to remember?,"Client preferences are relevant, but they do not transfer responsibility for professional boundaries to the client. Because the therapist holds professional authority and has access to private information, the client may feel pressure to agree, fear losing treatment, seek the therapist’s approval, or underestimate the effect of the additional relationship. The therapist must independently evaluate whether the proposed friendship would create role confusion, conflicting loyalties, confidentiality concerns, impaired objectivity, dependency, or exploitation. Documentation of the client’s request would not resolve those risks.","When a boundary question emphasizes: “The client requested it” “The client agreed” “The client signed a consent form” remember: Client consent is relevant, but the clinician remains responsible for the boundary.",WB6-C1-Q003,CTA-MQB-0496,WB6-C1,,CTA Master Flashcard Library v1.0 shared-core record; reconciled to final LCSW Stage 5B workbook/rationale lineage.,"Reconciled August 7, 2026; recheck high-change law, BBS guidance, examination administration, NASW ethics, and federal overlays at Stage 5D/release.","August 7, 2026",1.0,2026-08-07,Synchronized,Shared Core
CTA-EP-002-FC-0531,CTA-FC-0531,CTA-FC-0531,Active,KEEP-LCSW,Workbook 6,Boundaries & Exploitation,6,1,Professional Boundaries,Key Concept,Therapeutic Self-Disclosure,What is the key principle to remember?,"Self-disclosure is not automatically inappropriate. The therapist should first determine whether the disclosure is clinically relevant, limited, and likely to benefit the client rather than shift attention toward the therapist. The therapist should also consider whether the same therapeutic goal could be achieved without disclosure and how the client’s response will be monitored. A disclosure that initially appears helpful may still create comparison, pressure, role confusion, or an expectation of increased personal sharing.","Self-disclosure questions rarely require an automatic yes or no. Ask: What is the therapeutic purpose, whose need is being met, and how might the disclosure affect the client?",WB6-C1-Q004,CTA-MQB-0497,WB6-C1,,CTA Master Flashcard Library v1.0 shared-core record; reconciled to final LCSW Stage 5B workbook/rationale lineage.,"Reconciled August 7, 2026; recheck high-change law, BBS guidance, examination administration, NASW ethics, and federal overlays at Stage 5D/release.","August 7, 2026",1.0,2026-08-07,Synchronized,Shared Core
CTA-EP-002-FC-0532,CTA-FC-0532,CTA-FC-0532,Active,KEEP-LCSW,Workbook 6,Boundaries & Exploitation,6,1,Professional Boundaries,Application Principle,Communication and Availability Boundaries,What principle should guide the clinician’s decision?,"The therapist should evaluate how the pattern of late-night availability is affecting role clarity, autonomy, and treatment. The client’s increasing reliance on the therapist for ordinary decisions suggests that the communication pattern may be encouraging dependency. A client-centered response would include discussing what has developed, clarifying when and how messages will be handled, identifying appropriate crisis procedures, and monitoring whether the client becomes more able to function independently.",,WB6-C1-Q005,CTA-MQB-0498,WB6-C1,,CTA Master Flashcard Library v1.0 shared-core record; reconciled to final LCSW Stage 5B workbook/rationale lineage.,"Reconciled August 7, 2026; recheck high-change law, BBS guidance, examination administration, NASW ethics, and federal overlays at Stage 5D/release.","August 7, 2026",1.0,2026-08-07,Synchronized,Shared Core
CTA-EP-002-FC-0533,CTA-FC-0533,CTA-FC-0533,Active,KEEP-LCSW,Workbook 6,Boundaries & Exploitation,6,1,Professional Boundaries,Application Principle,Special Treatment and Secrecy,What principle should guide the clinician’s decision?,"A single session extension may sometimes be clinically appropriate. The more serious concern is the developing pattern of repeated special treatment combined with secrecy and avoidance of professional review. Concealment may indicate that the therapist recognizes the arrangement cannot be easily justified. It also prevents consultation, weakens accountability, and may signal that objectivity or personal involvement is beginning to affect clinical decisions.","On the examination, secrecy is often more important than the original exception. Watch for: Hiding the arrangement Avoiding documentation Deleting messages Fear of supervisory review Believing ordinary standards should not apply",WB6-C1-Q006,CTA-MQB-0499,WB6-C1,,CTA Master Flashcard Library v1.0 shared-core record; reconciled to final LCSW Stage 5B workbook/rationale lineage.,"Reconciled August 7, 2026; recheck high-change law, BBS guidance, examination administration, NASW ethics, and federal overlays at Stage 5D/release.","August 7, 2026",1.0,2026-08-07,Synchronized,Shared Core
CTA-EP-002-FC-0534,CTA-FC-0534,CTA-FC-0534,Active,KEEP-LCSW,Workbook 6,Boundaries & Exploitation,6,1,Professional Boundaries,Application Principle,Emotional Boundaries and Objectivity,What principle should guide the clinician’s decision?,"Strong emotional reactions do not automatically constitute misconduct. However, they become ethically significant when they begin influencing recommendations, availability, communication, or other clinical decisions. The therapist should recognize the reaction, avoid acting impulsively, assess whether personal feelings are interfering with judgment, and obtain consultation or supervision when needed. Decisions about the other provider should remain focused on the client’s needs rather than the therapist’s desire for exclusivity or approval.",A feeling requires awareness and management. The exam becomes more concerned when the feeling begins to influence: Treatment recommendations Special exceptions Availability Referrals Communication The therapist’s need for approval or exclusivity,WB6-C1-Q007,CTA-MQB-0500,WB6-C1,,CTA Master Flashcard Library v1.0 shared-core record; reconciled to final LCSW Stage 5B workbook/rationale lineage.,"Reconciled August 7, 2026; recheck high-change law, BBS guidance, examination administration, NASW ethics, and federal overlays at Stage 5D/release.","August 7, 2026",1.0,2026-08-07,Synchronized,Shared Core
CTA-EP-002-FC-0535,CTA-FC-0535,CTA-FC-0535,Active,KEEP-LCSW,Workbook 6,Boundaries & Exploitation,6,1,Professional Boundaries,Application Principle,Cultural and Contextual Boundaries,What principle should guide the clinician’s decision?,"The situation requires contextual professional judgment rather than an automatic response. The therapist should consider the ceremony’s meaning, whether attendance would support a legitimate client need, how confidentiality would be protected, whether the client might feel pressured, and whether attendance could create role confusion or expectations of future social involvement. The therapist should also consider alternatives and discuss how public interactions would be handled. When the decision is clinically significant, consultation and documentation may support thoughtful management.",Culture should inform the analysis - not end it. Look for an answer that considers: Meaning + confidentiality + role clarity + client impact + alternatives,WB6-C1-Q008,CTA-MQB-0501,WB6-C1,,CTA Master Flashcard Library v1.0 shared-core record; reconciled to final LCSW Stage 5B workbook/rationale lineage.,"Reconciled August 7, 2026; recheck high-change law, BBS guidance, examination administration, NASW ethics, and federal overlays at Stage 5D/release.","August 7, 2026",1.0,2026-08-07,Synchronized,Shared Core
CTA-EP-002-FC-0536,CTA-FC-0536,CTA-FC-0536,Active,KEEP-LCSW,Workbook 6,Boundaries & Exploitation,6,1,Professional Boundaries,Application Principle,Boundary Erosion,What principle should guide the clinician’s decision?,"Boundary erosion often develops gradually. An unusual exception becomes routine, personal involvement increases, communication becomes more intimate, secrecy develops, and professional objectivity weakens. The therapist should promptly examine whose needs the contact is serving, assess dependency and role confusion, restore appropriate communication limits, seek consultation, document the response accurately, and monitor whether the therapeutic relationship can be repaired.",The examination may present each action as minor when viewed separately. Look at the pattern: Exception → repetition → personal involvement → secrecy → weakened objectivity → dependency or confusion,WB6-C1-Q009,CTA-MQB-0502,WB6-C1,,CTA Master Flashcard Library v1.0 shared-core record; reconciled to final LCSW Stage 5B workbook/rationale lineage.,"Reconciled August 7, 2026; recheck high-change law, BBS guidance, examination administration, NASW ethics, and federal overlays at Stage 5D/release.","August 7, 2026",1.0,2026-08-07,Synchronized,Shared Core
CTA-EP-002-FC-0537,CTA-FC-0537,CTA-FC-0537,Active,KEEP-LCSW,Workbook 6,Boundaries & Exploitation,6,1,Professional Boundaries,Distinction,Ethical Boundary Concern vs. Prohibited Conduct,How should these concepts be separated on the exam?,"Not every departure from ordinary practice is automatically illegal, unethical, or disciplinary. Issues such as limited self-disclosure, community overlap, session extensions, or attendance at an important event may require analysis of therapeutic purpose, client vulnerability, alternatives, confidentiality, transparency, and likely impact. Conduct that is exploitative, seriously harmful, fraudulent, sexualized, or otherwise expressly prohibited should not be treated as an ordinary risk-benefit decision. The therapist must stop or prevent the conduct, protect the client, and follow applicable professional procedures.","First determine what kind of question you are answering: Contextual concern: Analyze purpose, benefit, risk, power, and safeguards. Emerging boundary erosion: Clarify, correct, consult, and monitor. Exploitation or prohibited conduct: Stop the conduct and protect the client.",WB6-C1-Q010,CTA-MQB-0503,WB6-C1,,CTA Master Flashcard Library v1.0 shared-core record; reconciled to final LCSW Stage 5B workbook/rationale lineage.,"Reconciled August 7, 2026; recheck high-change law, BBS guidance, examination administration, NASW ethics, and federal overlays at Stage 5D/release.","August 7, 2026",1.0,2026-08-07,Synchronized,Shared Core
CTA-EP-002-FC-0538,CTA-FC-0538,CTA-FC-0538,Active,KEEP-LCSW,Workbook 6,Boundaries & Exploitation,6,1,Professional Boundaries,Application Principle,Ongoing Boundary Awareness,What principle should guide the clinician’s decision?,"Boundary awareness is an ongoing professional responsibility. Concerns may develop gradually as communication patterns, emotional reactions, client dependency, treatment needs, or community circumstances change. A relationship that initially appears clear and manageable may become more complicated over time. Therapists should therefore remain attentive to changes in role clarity, objectivity, confidentiality, and client welfare throughout treatment.",,WB6-C1-Q011,CTA-MQB-0504,WB6-C1,,CTA Master Flashcard Library v1.0 shared-core record; reconciled to final LCSW Stage 5B workbook/rationale lineage.,"Reconciled August 7, 2026; recheck high-change law, BBS guidance, examination administration, NASW ethics, and federal overlays at Stage 5D/release.","August 7, 2026",1.0,2026-08-07,Synchronized,Shared Core
CTA-EP-002-FC-0539,CTA-FC-0539,CTA-FC-0539,Active,KEEP-LCSW,Workbook 6,Boundaries & Exploitation,6,1,Professional Boundaries,Application Principle,Public Encounters and Confidentiality,What principle should guide the clinician’s decision?,"Public encounters create potential confidentiality concerns. The therapist should avoid identifying the person as a client and should follow any agreement previously developed about greetings or public contact. When public encounters are foreseeable, the therapist and client can discuss preferences in advance. The plan may address who initiates contact, how companions will be handled, and how an unexpected encounter will be discussed afterward.",,"WB6-C1-Q012, WB6-C3-Q005","CTA-MQB-0505, CTA-MQB-0532",WB6-C1,,CTA Master Flashcard Library v1.0 shared-core record; reconciled to final LCSW Stage 5B workbook/rationale lineage.,"Reconciled August 7, 2026; recheck high-change law, BBS guidance, examination administration, NASW ethics, and federal overlays at Stage 5D/release.","August 7, 2026",1.0,2026-08-07,Synchronized,Shared Core
CTA-EP-002-FC-0540,CTA-FC-0540,CTA-FC-0540,Active,KEEP-LCSW,Workbook 6,Boundaries & Exploitation,6,1,Professional Boundaries,Application Principle,Therapist Emotional Reactions,What principle should guide the clinician’s decision?,"Therapists may naturally experience frustration, attraction, protectiveness, identification, resentment, or other emotional responses. Having a reaction is not automatically unethical. The concern arises when the reaction begins influencing treatment recommendations, availability, communication, exceptions, referrals, or the therapist’s need for reassurance. Self-awareness, consultation, supervision, and monitoring can help prevent the reaction from interfering with client care.",,WB6-C1-Q013,CTA-MQB-0506,WB6-C1,,CTA Master Flashcard Library v1.0 shared-core record; reconciled to final LCSW Stage 5B workbook/rationale lineage.,"Reconciled August 7, 2026; recheck high-change law, BBS guidance, examination administration, NASW ethics, and federal overlays at Stage 5D/release.","August 7, 2026",1.0,2026-08-07,Synchronized,Shared Core
CTA-EP-002-FC-0541,CTA-FC-0541,CTA-FC-0541,Active,KEEP-LCSW,Workbook 6,Boundaries & Exploitation,6,1,Professional Boundaries,Application Principle,Physical Contact and Context,What principle should guide the clinician’s decision?,"Physical contact is not automatically appropriate or inappropriate in every circumstance. The therapist should evaluate its meaning and likely effect within this particular therapeutic relationship. Relevant considerations include cultural norms, trauma history, vulnerability, whether the client could feel rejected or pressured, whether touch might create role confusion, and whether another response could meet the same therapeutic need with less risk. The therapist remains responsible for the final professional decision.",,WB6-C1-Q014,CTA-MQB-0507,WB6-C1,,CTA Master Flashcard Library v1.0 shared-core record; reconciled to final LCSW Stage 5B workbook/rationale lineage.,"Reconciled August 7, 2026; recheck high-change law, BBS guidance, examination administration, NASW ethics, and federal overlays at Stage 5D/release.","August 7, 2026",1.0,2026-08-07,Synchronized,Shared Core
CTA-EP-002-FC-0542,CTA-FC-0542,CTA-FC-0542,Active,KEEP-LCSW,Workbook 6,Boundaries & Exploitation,6,1,Professional Boundaries,Application Principle,Consultation and Boundary Uncertainty,What principle should guide the clinician’s decision?,"Consultation can help the therapist identify concerns involving confidentiality, cultural meaning, personal motivation, client vulnerability, alternatives, and the likelihood of role confusion. It can be especially valuable when the therapist has strong emotional reactions or when community overlap complicates the decision. However, consultation does not transfer responsibility. The therapist must evaluate the consultant’s advice, apply it to the specific circumstances, and make an independent decision centered on client welfare.",Consultation is useful when: The facts are unclear Strong emotions are present Cultural or community factors complicate the issue Several reasonable options exist But remember: Consultation informs professional judgment; it does not replace it.,WB6-C1-Q015,CTA-MQB-0508,WB6-C1,,CTA Master Flashcard Library v1.0 shared-core record; reconciled to final LCSW Stage 5B workbook/rationale lineage.,"Reconciled August 7, 2026; recheck high-change law, BBS guidance, examination administration, NASW ethics, and federal overlays at Stage 5D/release.","August 7, 2026",1.0,2026-08-07,Synchronized,Shared Core
CTA-EP-002-FC-0543,CTA-FC-0543,CTA-FC-0543,Active,KEEP-LCSW,Workbook 6,Boundaries & Exploitation,6,1,Professional Boundaries,Application Principle,Responding to an Emerging Boundary Concern - Part 1 of 2,What principle should guide the clinician’s decision?,"Identify the pattern, assess client impact and therapist objectivity, clarify and restore boundaries, seek consultation, document the response, and monitor the outcome The facts suggest an emerging pattern of boundary erosion rather than one isolated exception. The therapist should evaluate how the pattern developed, whose needs it is serving, whether dependency or confusion has increased, and whether professional judgment has become compromised.",,WB6-C1-Q016,CTA-MQB-0509,WB6-C1,,CTA Master Flashcard Library v1.0 shared-core record; reconciled to final LCSW Stage 5B workbook/rationale lineage.,"Reconciled August 7, 2026; recheck high-change law, BBS guidance, examination administration, NASW ethics, and federal overlays at Stage 5D/release.","August 7, 2026",1.0,2026-08-07,Synchronized,Shared Core
CTA-EP-002-FC-0544,CTA-FC-0544,CTA-FC-0544,Active,KEEP-LCSW,Workbook 6,Boundaries & Exploitation,6,1,Professional Boundaries,Application Principle,Responding to an Emerging Boundary Concern - Part 2 of 2,"What additional rule, exception, or safeguard applies?","Because the conduct is not described as expressly prohibited or clearly exploitative, a proportionate response may include discussing the concern with the client, restoring communication and scheduling limits, obtaining consultation, documenting accurately, and monitoring whether role clarity and client autonomy improve.","Choose a response proportionate to the concern: Isolated or unclear concern: Assess and monitor. Developing pattern: Clarify, restore, consult, document, and monitor. Exploitation or prohibited conduct: Stop the conduct and protect the client.",WB6-C1-Q016,CTA-MQB-0509,WB6-C1,,CTA Master Flashcard Library v1.0 shared-core record; reconciled to final LCSW Stage 5B workbook/rationale lineage.,"Reconciled August 7, 2026; recheck high-change law, BBS guidance, examination administration, NASW ethics, and federal overlays at Stage 5D/release.","August 7, 2026",1.0,2026-08-07,Synchronized,Shared Core
CTA-EP-002-FC-0545,CTA-FC-0545,CTA-FC-0545,Active,KEEP-LCSW,Workbook 6,Boundaries & Exploitation,6,1,Professional Boundaries,Application Principle,Professional Boundary Decision-Making - Part 1 of 2,What principle should guide the clinician’s decision?,"Identify the exact conduct and pattern, clarify whose needs are being met, assess dependency and client impact, examine objectivity and power, seek consultation, restore appropriate boundaries, document accurately, and monitor whether treatment can continue safely This response follows the full boundary decision process: Identify the conduct and pattern. Clarify the therapeutic purpose and primary beneficiary. Assess dependency, role confusion, and client impact. Evaluate the therapist’s emotional reactions and objectivity. Consider the professional power difference. Seek consultation when judgment may be impaired. Restore appropriate limits. Document the response honestly.",,WB6-C1-Q017,CTA-MQB-0510,WB6-C1,,CTA Master Flashcard Library v1.0 shared-core record; reconciled to final LCSW Stage 5B workbook/rationale lineage.,"Reconciled August 7, 2026; recheck high-change law, BBS guidance, examination administration, NASW ethics, and federal overlays at Stage 5D/release.","August 7, 2026",1.0,2026-08-07,Synchronized,Shared Core
CTA-EP-002-FC-0546,CTA-FC-0546,CTA-FC-0546,Active,KEEP-LCSW,Workbook 6,Boundaries & Exploitation,6,1,Professional Boundaries,Application Principle,Professional Boundary Decision-Making - Part 2 of 2,"What additional rule, exception, or safeguard applies?","Monitor whether role clarity and client welfare improve. The pattern contains several serious warning signs: repeated exceptions, personal disclosure, emotional overinvolvement, dependency, defensiveness, and lack of documentation. Prompt corrective action is necessary even though the scenario does not describe expressly prohibited conduct.","For complicated boundary questions, use: ROLE → POWER → BENEFIT → RISK → RULE Role: What professional or personal roles are developing? Power: Could the client feel unable to refuse? Benefit: Whose needs are primarily being served? Risk: Is there confusion, dependency, impaired judgment, or exploitation? Rule: Is this a contextual concern or directly prohibited conduct? FORMATTED QUESTION BANK",WB6-C1-Q017,CTA-MQB-0510,WB6-C1,,CTA Master Flashcard Library v1.0 shared-core record; reconciled to final LCSW Stage 5B workbook/rationale lineage.,"Reconciled August 7, 2026; recheck high-change law, BBS guidance, examination administration, NASW ethics, and federal overlays at Stage 5D/release.","August 7, 2026",1.0,2026-08-07,Synchronized,Shared Core
CTA-EP-002-FC-0547,CTA-FC-0547,CTA-FC-0547,Active,KEEP-LCSW,Workbook 6,Boundaries & Exploitation,6,2,Boundary Crossings and Boundary Violations,Application Principle,Boundary Crossing,What principle should guide the clinician’s decision?,"A boundary crossing is a departure from customary professional practice that requires careful evaluation. It may be appropriate when it serves a legitimate therapeutic purpose, primarily benefits the client, preserves professional judgment, and does not create unacceptable risks involving dependency, confidentiality, role confusion, or exploitation. For example, briefly extending a session to address an urgent safety concern may be a justified crossing when the therapist documents the reason, maintains professional focus, and monitors the effect on treatment.",,WB6-C2-Q001,CTA-MQB-0511,WB6-C2,,CTA Master Flashcard Library v1.0 shared-core record; reconciled to final LCSW Stage 5B workbook/rationale lineage.,"Reconciled August 7, 2026; recheck high-change law, BBS guidance, examination administration, NASW ethics, and federal overlays at Stage 5D/release.","August 7, 2026",1.0,2026-08-07,Synchronized,Shared Core
CTA-EP-002-FC-0548,CTA-FC-0548,CTA-FC-0548,Active,KEEP-LCSW,Workbook 6,Boundaries & Exploitation,6,2,Boundary Crossings and Boundary Violations,Application Principle,Boundary Violation,What principle should guide the clinician’s decision?,"A boundary violation involves misuse of the therapeutic relationship. It may exploit the client, impair professional judgment, create pressure or dependency, cause significant harm, or allow the therapist to obtain personal, emotional, financial, romantic, or sexual benefit. The central concern is not simply whether the behavior was unusual. The concern is whether professional power was used in a way that displaced client welfare and damaged the integrity of treatment.","Do not ask only: “Was this unusual?” Ask: Who benefited, what risks were created, and was professional power misused?",WB6-C2-Q002,CTA-MQB-0512,WB6-C2,,CTA Master Flashcard Library v1.0 shared-core record; reconciled to final LCSW Stage 5B workbook/rationale lineage.,"Reconciled August 7, 2026; recheck high-change law, BBS guidance, examination administration, NASW ethics, and federal overlays at Stage 5D/release.","August 7, 2026",1.0,2026-08-07,Synchronized,Shared Core
CTA-EP-002-FC-0549,CTA-FC-0549,CTA-FC-0549,Active,KEEP-LCSW,Workbook 6,Boundaries & Exploitation,6,2,Boundary Crossings and Boundary Violations,Application Principle,Clinically Justified Boundary Crossing,What principle should guide the clinician’s decision?,"The extension has a clear and immediate therapeutic purpose: assessing and responding to a potential safety risk. The action primarily benefits the client, remains connected to the therapist’s professional role, and is proportionate to the circumstances. The therapist should still document the reason for the extension, the assessment completed, the actions taken, and any follow-up plan. A justified crossing remains subject to transparency, professional reasoning, and monitoring.",A crossing is more likely to be appropriate when it is: Limited Clinically necessary Primarily beneficial to the client Transparent Documented Monitored for unintended effects,WB6-C2-Q003,CTA-MQB-0513,WB6-C2,,CTA Master Flashcard Library v1.0 shared-core record; reconciled to final LCSW Stage 5B workbook/rationale lineage.,"Reconciled August 7, 2026; recheck high-change law, BBS guidance, examination administration, NASW ethics, and federal overlays at Stage 5D/release.","August 7, 2026",1.0,2026-08-07,Synchronized,Shared Core
CTA-EP-002-FC-0550,CTA-FC-0550,CTA-FC-0550,Active,KEEP-LCSW,Workbook 6,Boundaries & Exploitation,6,2,Boundary Crossings and Boundary Violations,Application Principle,Intent and Impact,What principle should guide the clinician’s decision?,"A therapist’s intention is relevant, but it does not determine whether a boundary decision was professionally appropriate. Ethical analysis must also consider what actually happened to the client, including whether the conduct created dependency, pressure, role confusion, impaired autonomy, or treatment disruption. A well-intended action may need to be modified or discontinued when its effects become inconsistent with client welfare.",,WB6-C2-Q004,CTA-MQB-0514,WB6-C2,,CTA Master Flashcard Library v1.0 shared-core record; reconciled to final LCSW Stage 5B workbook/rationale lineage.,"Reconciled August 7, 2026; recheck high-change law, BBS guidance, examination administration, NASW ethics, and federal overlays at Stage 5D/release.","August 7, 2026",1.0,2026-08-07,Synchronized,Shared Core
CTA-EP-002-FC-0551,CTA-FC-0551,CTA-FC-0551,Active,KEEP-LCSW,Workbook 6,Boundaries & Exploitation,6,2,Boundary Crossings and Boundary Violations,Application Principle,Primary Beneficiary,What principle should guide the clinician’s decision?,"Determining who primarily benefits helps distinguish a client-centered therapeutic action from conduct that may be serving the therapist’s emotional, social, financial, or personal interests. A crossing is generally less concerning when it serves an identifiable client need, is limited, preserves objectivity, and is monitored. Concern increases when the therapist gains companionship, admiration, emotional support, money, control, approval, or romantic gratification.","When the therapist describes an action as “helpful,” ask: Who is actually receiving the benefit?",WB6-C2-Q005,CTA-MQB-0515,WB6-C2,,CTA Master Flashcard Library v1.0 shared-core record; reconciled to final LCSW Stage 5B workbook/rationale lineage.,"Reconciled August 7, 2026; recheck high-change law, BBS guidance, examination administration, NASW ethics, and federal overlays at Stage 5D/release.","August 7, 2026",1.0,2026-08-07,Synchronized,Shared Core
CTA-EP-002-FC-0552,CTA-FC-0552,CTA-FC-0552,Active,KEEP-LCSW,Workbook 6,Boundaries & Exploitation,6,2,Boundary Crossings and Boundary Violations,Application Principle,Transparency,What principle should guide the clinician’s decision?,"Transparency supports accountability. A carefully managed crossing can generally be discussed professionally, documented accurately, and evaluated over time. Open explanation does not automatically make conduct appropriate, but secrecy, deleted messages, avoidance of documentation, or fear of professional review are significant warning signs that judgment may be impaired.",,WB6-C2-Q006,CTA-MQB-0516,WB6-C2,,CTA Master Flashcard Library v1.0 shared-core record; reconciled to final LCSW Stage 5B workbook/rationale lineage.,"Reconciled August 7, 2026; recheck high-change law, BBS guidance, examination administration, NASW ethics, and federal overlays at Stage 5D/release.","August 7, 2026",1.0,2026-08-07,Synchronized,Shared Core
CTA-EP-002-FC-0553,CTA-FC-0553,CTA-FC-0553,Active,KEEP-LCSW,Workbook 6,Boundaries & Exploitation,6,2,Boundary Crossings and Boundary Violations,Application Principle,Repeated Social Contact,What principle should guide the clinician’s decision?,"The concern is not the coffee itself. It is the developing pattern of routine social contact that is no longer connected to a therapeutic purpose. Frequent personal meetings may shift the relationship toward friendship, create conflicting expectations, increase dependency, weaken objectivity, and make treatment or termination more complicated.",,WB6-C2-Q007,CTA-MQB-0517,WB6-C2,,CTA Master Flashcard Library v1.0 shared-core record; reconciled to final LCSW Stage 5B workbook/rationale lineage.,"Reconciled August 7, 2026; recheck high-change law, BBS guidance, examination administration, NASW ethics, and federal overlays at Stage 5D/release.","August 7, 2026",1.0,2026-08-07,Synchronized,Shared Core
CTA-EP-002-FC-0554,CTA-FC-0554,CTA-FC-0554,Active,KEEP-LCSW,Workbook 6,Boundaries & Exploitation,6,2,Boundary Crossings and Boundary Violations,Application Principle,Client Consent and Professional Responsibility,What principle should guide the clinician’s decision?,"The request may have important clinical meaning and should be explored without shaming the client. However, the therapist must independently evaluate whether an additional social role would compromise the therapeutic relationship. Client consent does not eliminate professional power, attachment, dependency, or fear of losing treatment. The therapist remains responsible for maintaining appropriate boundaries.",Client initiation is not the same as professional permission. The strongest response usually: Maintains the boundary Explores the clinical meaning Protects the client from shame Preserves continuity of care,WB6-C2-Q008,CTA-MQB-0518,WB6-C2,,CTA Master Flashcard Library v1.0 shared-core record; reconciled to final LCSW Stage 5B workbook/rationale lineage.,"Reconciled August 7, 2026; recheck high-change law, BBS guidance, examination administration, NASW ethics, and federal overlays at Stage 5D/release.","August 7, 2026",1.0,2026-08-07,Synchronized,Shared Core
CTA-EP-002-FC-0555,CTA-FC-0555,CTA-FC-0555,Active,KEEP-LCSW,Workbook 6,Boundaries & Exploitation,6,2,Boundary Crossings and Boundary Violations,Application Principle,Repairing a Poorly Managed Crossing,What principle should guide the clinician’s decision?,"A poorly managed crossing may sometimes be repaired when the therapist responds honestly and keeps the process focused on the client. Appropriate repair may include acknowledging the confusion, clarifying roles, restoring expectations, assessing dependency, consulting, documenting accurately, and monitoring the treatment relationship. Referral may become necessary if objectivity or safety cannot be restored.","When a crossing has created confusion but has not become exploitative, look for: Acknowledge → Clarify → Restore → Consult → Document → Monitor",WB6-C2-Q009,CTA-MQB-0519,WB6-C2,,CTA Master Flashcard Library v1.0 shared-core record; reconciled to final LCSW Stage 5B workbook/rationale lineage.,"Reconciled August 7, 2026; recheck high-change law, BBS guidance, examination administration, NASW ethics, and federal overlays at Stage 5D/release.","August 7, 2026",1.0,2026-08-07,Synchronized,Shared Core
CTA-EP-002-FC-0556,CTA-FC-0556,CTA-FC-0556,Active,KEEP-LCSW,Workbook 6,Boundaries & Exploitation,6,2,Boundary Crossings and Boundary Violations,Distinction,Contextual Analysis vs. Direct Action,How should these concepts be separated on the exam?,"Some boundary issues - such as a limited self-disclosure, a session extension, or attendance at a cultural event - require analysis of purpose, client benefit, vulnerability, alternatives, transparency, and treatment impact. Conduct that exploits the client, seriously misuses professional power, causes significant harm, or is expressly prohibited should not be treated as a flexible judgment call. The therapist should stop the problematic conduct, assess client harm and safety, end the inappropriate secondary role, preserve records, protect continuity of care, and follow applicable professional procedures.","First classify the conduct: Possible crossing: Analyze and establish safeguards. Poorly managed crossing: Repair and monitor. Boundary erosion: Restore limits and assess objectivity. Violation or prohibited conduct: Stop, protect, and follow applicable procedures.",WB6-C2-Q010,CTA-MQB-0520,WB6-C2,,CTA Master Flashcard Library v1.0 shared-core record; reconciled to final LCSW Stage 5B workbook/rationale lineage.,"Reconciled August 7, 2026; recheck high-change law, BBS guidance, examination administration, NASW ethics, and federal overlays at Stage 5D/release.","August 7, 2026",1.0,2026-08-07,Synchronized,Shared Core
CTA-EP-002-FC-0557,CTA-FC-0557,CTA-FC-0557,Active,KEEP-LCSW,Workbook 6,Boundaries & Exploitation,6,2,Boundary Crossings and Boundary Violations,Application Principle,Client Vulnerability,What principle should guide the clinician’s decision?,"Client vulnerability can affect how freely a client responds to a therapist’s request or boundary change. A client experiencing trauma, crisis, dependency, isolation, or fear of losing treatment may feel unable to refuse even when the client appears to agree. The therapist should therefore consider whether the crossing could increase dependency, create pressure, interfere with autonomy, or expose the client to exploitation.",,WB6-C2-Q011,CTA-MQB-0521,WB6-C2,,CTA Master Flashcard Library v1.0 shared-core record; reconciled to final LCSW Stage 5B workbook/rationale lineage.,"Reconciled August 7, 2026; recheck high-change law, BBS guidance, examination administration, NASW ethics, and federal overlays at Stage 5D/release.","August 7, 2026",1.0,2026-08-07,Synchronized,Shared Core
CTA-EP-002-FC-0558,CTA-FC-0558,CTA-FC-0558,Active,KEEP-LCSW,Workbook 6,Boundaries & Exploitation,6,2,Boundary Crossings and Boundary Violations,Application Principle,Safer Alternatives,What principle should guide the clinician’s decision?,"A boundary crossing is more defensible when it is necessary to meet a legitimate client need and no clearly safer alternative is available. The therapist should consider whether the same therapeutic purpose could be achieved without creating additional roles, dependency, confidentiality risks, or role confusion. Choosing a less intrusive and less confusing option helps protect client welfare while preserving the therapeutic purpose of the relationship.",,WB6-C2-Q012,CTA-MQB-0522,WB6-C2,,CTA Master Flashcard Library v1.0 shared-core record; reconciled to final LCSW Stage 5B workbook/rationale lineage.,"Reconciled August 7, 2026; recheck high-change law, BBS guidance, examination administration, NASW ethics, and federal overlays at Stage 5D/release.","August 7, 2026",1.0,2026-08-07,Synchronized,Shared Core
CTA-EP-002-FC-0559,CTA-FC-0559,CTA-FC-0559,Active,KEEP-LCSW,Workbook 6,Boundaries & Exploitation,6,2,Boundary Crossings and Boundary Violations,Application Principle,Monitoring a Boundary Crossing,What principle should guide the clinician’s decision?,"Even a carefully considered crossing may have unexpected effects. The therapist should assess whether the client now expects additional social contact, whether confidentiality was affected, and whether the event altered the client’s understanding of the therapeutic relationship. Monitoring allows the therapist to identify and correct role confusion, dependency, or changing expectations before the concern becomes more serious.",A justified crossing is not a one-time decision that ends the analysis. Remember: Evaluate → Act carefully → Monitor → Reevaluate,WB6-C2-Q013,CTA-MQB-0523,WB6-C2,,CTA Master Flashcard Library v1.0 shared-core record; reconciled to final LCSW Stage 5B workbook/rationale lineage.,"Reconciled August 7, 2026; recheck high-change law, BBS guidance, examination administration, NASW ethics, and federal overlays at Stage 5D/release.","August 7, 2026",1.0,2026-08-07,Synchronized,Shared Core
CTA-EP-002-FC-0560,CTA-FC-0560,CTA-FC-0560,Active,KEEP-LCSW,Workbook 6,Boundaries & Exploitation,6,2,Boundary Crossings and Boundary Violations,Application Principle,Foreseeable Risk Before Actual Harm,What principle should guide the clinician’s decision?,"Professional boundaries are preventive. Repeated exceptions, concealment, emotional overinvolvement, and increasing special access are warning signs even before a client reports severe harm. The therapist should assess the pattern, clarify whose needs are being met, restore professional limits, evaluate client impact, seek consultation, and monitor whether objectivity and role clarity can be restored.",,WB6-C2-Q014,CTA-MQB-0524,WB6-C2,,CTA Master Flashcard Library v1.0 shared-core record; reconciled to final LCSW Stage 5B workbook/rationale lineage.,"Reconciled August 7, 2026; recheck high-change law, BBS guidance, examination administration, NASW ethics, and federal overlays at Stage 5D/release.","August 7, 2026",1.0,2026-08-07,Synchronized,Shared Core
CTA-EP-002-FC-0561,CTA-FC-0561,CTA-FC-0561,Active,KEEP-LCSW,Workbook 6,Boundaries & Exploitation,6,2,Boundary Crossings and Boundary Violations,Application Principle,Client-Initiated Romantic Contact,What principle should guide the clinician’s decision?,"The therapist remains responsible for maintaining the professional boundary regardless of who initiated the romantic contact. Attraction itself is not misconduct, but it must be managed through self-awareness, clear limits, consultation or supervision, and protection of client welfare. The therapist may explore the client’s feelings clinically without shaming or abandoning the client. The therapist should also monitor whether personal attraction is affecting professional objectivity or the ability to continue treatment appropriately.",When the question says: “The client initiated it” “The attraction is mutual” “Both are adults” “The client consented” do not be distracted. The clinician remains responsible for maintaining the boundary.,WB6-C2-Q015,CTA-MQB-0525,WB6-C2,,CTA Master Flashcard Library v1.0 shared-core record; reconciled to final LCSW Stage 5B workbook/rationale lineage.,"Reconciled August 7, 2026; recheck high-change law, BBS guidance, examination administration, NASW ethics, and federal overlays at Stage 5D/release.","August 7, 2026",1.0,2026-08-07,Synchronized,Shared Core
CTA-EP-002-FC-0562,CTA-FC-0562,CTA-FC-0562,Active,KEEP-LCSW,Workbook 6,Boundaries & Exploitation,6,2,Boundary Crossings and Boundary Violations,Application Principle,"Secrecy, Concealment, and Boundary Violation Risk",What principle should guide the clinician’s decision?,"The scenario contains multiple warning signs of a serious boundary problem: Unlimited special access Therapist-centered emotional support Secrecy Destruction or concealment of communications Fear of professional review The therapist should stop using the client for personal emotional needs, assess whether the client has been pressured or harmed, preserve accurate information, obtain appropriate supervisory or risk-management guidance, and restore professional limits. Continuity of care must also be protected.",Secrecy is not a protective measure. Secrecy usually signals: Impaired judgment + personal benefit + increased exploitation risk,WB6-C2-Q016,CTA-MQB-0526,WB6-C2,,CTA Master Flashcard Library v1.0 shared-core record; reconciled to final LCSW Stage 5B workbook/rationale lineage.,"Reconciled August 7, 2026; recheck high-change law, BBS guidance, examination administration, NASW ethics, and federal overlays at Stage 5D/release.","August 7, 2026",1.0,2026-08-07,Synchronized,Shared Core
CTA-EP-002-FC-0563,CTA-FC-0563,CTA-FC-0563,Active,KEEP-LCSW,Workbook 6,Boundaries & Exploitation,6,2,Boundary Crossings and Boundary Violations,Application Principle,"Crossing, Erosion, and Violation Analysis - Part 1 of 2",What principle should guide the clinician’s decision?,"The initial session extension served an urgent clinical purpose and may have been a professionally appropriate boundary crossing. However, that does not justify the later pattern. The later conduct includes: Repeated special access Social contact unrelated to treatment Therapist-centered self-disclosure Secrecy Increasing dependency Significant role confusion These facts suggest that a limited crossing has progressed into boundary erosion and potentially a boundary violation.",,WB6-C2-Q017,CTA-MQB-0527,WB6-C2,,CTA Master Flashcard Library v1.0 shared-core record; reconciled to final LCSW Stage 5B workbook/rationale lineage.,"Reconciled August 7, 2026; recheck high-change law, BBS guidance, examination administration, NASW ethics, and federal overlays at Stage 5D/release.","August 7, 2026",1.0,2026-08-07,Synchronized,Shared Core
CTA-EP-002-FC-0564,CTA-FC-0564,CTA-FC-0564,Active,KEEP-LCSW,Workbook 6,Boundaries & Exploitation,6,2,Boundary Crossings and Boundary Violations,Application Principle,"Crossing, Erosion, and Violation Analysis - Part 2 of 2","What additional rule, exception, or safeguard applies?","The therapist should stop the inappropriate personal conduct, assess client harm, restore professional roles, seek consultation or supervision, document accurately, protect continuity of care, and consider referral if objectivity cannot be restored.",Do not evaluate only the first action or the therapist’s original intention. Follow the progression: Appropriate crossing → repeated exceptions → personal involvement → secrecy → dependency → boundary violation risk FORMATTED QUESTION BANK,WB6-C2-Q017,CTA-MQB-0527,WB6-C2,,CTA Master Flashcard Library v1.0 shared-core record; reconciled to final LCSW Stage 5B workbook/rationale lineage.,"Reconciled August 7, 2026; recheck high-change law, BBS guidance, examination administration, NASW ethics, and federal overlays at Stage 5D/release.","August 7, 2026",1.0,2026-08-07,Synchronized,Shared Core
CTA-EP-002-FC-0565,CTA-FC-0565,CTA-FC-0565,Active,KEEP-LCSW,Workbook 6,Boundaries & Exploitation,6,3,Multiple and Dual Relationships,Application Principle,Multiple Relationships,What principle should guide the clinician’s decision?,"A multiple relationship exists when the therapist has more than one significant role with the same client. In this situation, the therapist is both the client’s treating clinician and employer. The employment relationship may create competing responsibilities, financial pressure, role confusion, and concern about whether the client feels free to disagree with the therapist or end either relationship.",,WB6-C3-Q001,CTA-MQB-0528,WB6-C3,,CTA Master Flashcard Library v1.0 shared-core record; reconciled to final LCSW Stage 5B workbook/rationale lineage.,"Reconciled August 7, 2026; recheck high-change law, BBS guidance, examination administration, NASW ethics, and federal overlays at Stage 5D/release.","August 7, 2026",1.0,2026-08-07,Synchronized,Shared Core
CTA-EP-002-FC-0566,CTA-FC-0566,CTA-FC-0566,Active,KEEP-LCSW,Workbook 6,Boundaries & Exploitation,6,3,Multiple and Dual Relationships,Distinction,Multiple Relationship vs. Boundary Crossing,How should these concepts be separated on the exam?,"A multiple relationship involves an additional role beyond psychotherapy, such as employer, friend, business partner, teacher, neighbor, or religious leader. A boundary crossing is a departure from customary professional practice that may remain within the therapeutic role. For example, attending one significant cultural event may be a crossing without necessarily creating an ongoing social relationship.","Ask: Did the therapist merely depart from ordinary practice, or did the therapist acquire another role with the client? Departure without another role → possible boundary crossing Another ongoing role → multiple relationship",WB6-C3-Q002,CTA-MQB-0529,WB6-C3,,CTA Master Flashcard Library v1.0 shared-core record; reconciled to final LCSW Stage 5B workbook/rationale lineage.,"Reconciled August 7, 2026; recheck high-change law, BBS guidance, examination administration, NASW ethics, and federal overlays at Stage 5D/release.","August 7, 2026",1.0,2026-08-07,Synchronized,Shared Core
CTA-EP-002-FC-0567,CTA-FC-0567,CTA-FC-0567,Active,KEEP-LCSW,Workbook 6,Boundaries & Exploitation,6,3,Multiple and Dual Relationships,Application Principle,Unavoidable Community Overlap,What principle should guide the clinician’s decision?,"Community overlap may be difficult to avoid in rural, religious, cultural, military, educational, or specialized communities. The existence of overlap does not automatically require refusal or referral. The therapist should assess whether the relationship can be managed without compromising confidentiality, objectivity, role clarity, or client welfare. Safeguards may include planning for public encounters, clarifying who will initiate contact, limiting unnecessary social interaction, documenting the discussion, seeking consultation, and monitoring the arrangement over time.","A common exam trap is: “Overlap is unavoidable, so either terminate immediately or ignore it.” The stronger response is usually: Assess → Discuss → Establish safeguards → Document → Monitor",WB6-C3-Q003,CTA-MQB-0530,WB6-C3,,CTA Master Flashcard Library v1.0 shared-core record; reconciled to final LCSW Stage 5B workbook/rationale lineage.,"Reconciled August 7, 2026; recheck high-change law, BBS guidance, examination administration, NASW ethics, and federal overlays at Stage 5D/release.","August 7, 2026",1.0,2026-08-07,Synchronized,Shared Core
CTA-EP-002-FC-0568,CTA-FC-0568,CTA-FC-0568,Active,KEEP-LCSW,Workbook 6,Boundaries & Exploitation,6,3,Multiple and Dual Relationships,Application Principle,Conflict of Interest,What principle should guide the clinician’s decision?,"A conflict of interest arises when the therapist’s personal, financial, or professional interests compete with the therapist’s obligation to prioritize the client’s welfare. If the therapist stands to gain financially from a particular treatment decision, referral, business arrangement, or continuation of services, professional judgment may be influenced by personal benefit rather than clinical need.",A multiple relationship describes the roles. A conflict of interest describes the competing interest that may interfere with professional responsibility.,WB6-C3-Q004,CTA-MQB-0531,WB6-C3,,CTA Master Flashcard Library v1.0 shared-core record; reconciled to final LCSW Stage 5B workbook/rationale lineage.,"Reconciled August 7, 2026; recheck high-change law, BBS guidance, examination administration, NASW ethics, and federal overlays at Stage 5D/release.","August 7, 2026",1.0,2026-08-07,Synchronized,Shared Core
CTA-EP-002-FC-0569,CTA-FC-0569,CTA-FC-0569,Active,KEEP-LCSW,Workbook 6,Boundaries & Exploitation,6,3,Multiple and Dual Relationships,Application Principle,Digital Multiple Relationships,What principle should guide the clinician’s decision?,"Connecting through a personal social-media account may expose private information, create role confusion, expand availability, publicly associate the therapist and client, and shift the relationship toward friendship. The therapist should follow a clear professional policy, maintain the therapeutic role, and explore the request clinically if it appears relevant to attachment, boundaries, expectations, or treatment.",,WB6-C3-Q006,CTA-MQB-0533,WB6-C3,,CTA Master Flashcard Library v1.0 shared-core record; reconciled to final LCSW Stage 5B workbook/rationale lineage.,"Reconciled August 7, 2026; recheck high-change law, BBS guidance, examination administration, NASW ethics, and federal overlays at Stage 5D/release.","August 7, 2026",1.0,2026-08-07,Synchronized,Shared Core
CTA-EP-002-FC-0570,CTA-FC-0570,CTA-FC-0570,Active,KEEP-LCSW,Workbook 6,Boundaries & Exploitation,6,3,Multiple and Dual Relationships,Application Principle,Avoidable Multiple Relationship,What principle should guide the clinician’s decision?,"The therapist would become both clinician and business partner. That additional role creates financial interests that may influence treatment decisions, continuation of care, communication, and termination. The client may also feel unable to refuse because of the therapist’s authority or fear that declining could affect therapy. Because the role is voluntarily created and primarily offers personal financial benefit, the risk of conflict and exploitation is substantial.",Avoidable secondary roles that primarily benefit the therapist are usually more concerning than incidental or unavoidable community overlap.,WB6-C3-Q007,CTA-MQB-0534,WB6-C3,,CTA Master Flashcard Library v1.0 shared-core record; reconciled to final LCSW Stage 5B workbook/rationale lineage.,"Reconciled August 7, 2026; recheck high-change law, BBS guidance, examination administration, NASW ethics, and federal overlays at Stage 5D/release.","August 7, 2026",1.0,2026-08-07,Synchronized,Shared Core
CTA-EP-002-FC-0571,CTA-FC-0571,CTA-FC-0571,Active,KEEP-LCSW,Workbook 6,Boundaries & Exploitation,6,3,Multiple and Dual Relationships,Application Principle,Client Consent and Professional Power,What principle should guide the clinician’s decision?,"Client consent is relevant but not controlling. Financial vulnerability, dependency, desire for approval, or fear of losing treatment may affect whether the client feels genuinely free to decline. The therapist would also become both clinician and employer, creating multiple roles and competing interests. Even fair wages do not eliminate concerns involving pressure, objectivity, confidentiality, treatment decisions, and difficulty ending either relationship.",,WB6-C3-Q008,CTA-MQB-0535,WB6-C3,,CTA Master Flashcard Library v1.0 shared-core record; reconciled to final LCSW Stage 5B workbook/rationale lineage.,"Reconciled August 7, 2026; recheck high-change law, BBS guidance, examination administration, NASW ethics, and federal overlays at Stage 5D/release.","August 7, 2026",1.0,2026-08-07,Synchronized,Shared Core
CTA-EP-002-FC-0572,CTA-FC-0572,CTA-FC-0572,Active,KEEP-LCSW,Workbook 6,Boundaries & Exploitation,6,3,Multiple and Dual Relationships,Application Principle,Former-Client Relationships,What principle should guide the clinician’s decision?,"Termination does not erase the therapist’s confidential knowledge, prior authority, emotional influence, or awareness of the client’s vulnerabilities. Dependency or attachment may also continue after treatment ends. The therapist should therefore evaluate the nature and duration of therapy, how recently it ended, whether the client may return to treatment, and whether the proposed relationship could exploit continuing influence or create harm.",Termination is not an immediate ethical reset. Ask what continues after therapy: Confidential knowledge Prior influence Emotional attachment Dependency Vulnerability Possibility of resumed treatment,WB6-C3-Q009,CTA-MQB-0536,WB6-C3,,CTA Master Flashcard Library v1.0 shared-core record; reconciled to final LCSW Stage 5B workbook/rationale lineage.,"Reconciled August 7, 2026; recheck high-change law, BBS guidance, examination administration, NASW ethics, and federal overlays at Stage 5D/release.","August 7, 2026",1.0,2026-08-07,Synchronized,Shared Core
CTA-EP-002-FC-0573,CTA-FC-0573,CTA-FC-0573,Active,KEEP-LCSW,Workbook 6,Boundaries & Exploitation,6,3,Multiple and Dual Relationships,Application Principle,Multiple-Relationship Decision-Making,What principle should guide the clinician’s decision?,"The overlap is difficult to avoid and declining treatment could significantly limit the client’s access to care. The therapist should therefore determine whether the risks can be responsibly managed. A comprehensive response includes identifying both roles, evaluating confidentiality, power, objectivity, and conflicting loyalties, planning for public contact, limiting unnecessary personal interaction, documenting the safeguards, seeking consultation when useful, and monitoring the arrangement over time. Referral becomes appropriate when confidentiality cannot be protected, objectivity cannot be maintained, roles become incompatible, or the client feels pressured or confused.","For unavoidable multiple relationships, remember: Unavoidable does not mean harmless - but it also does not automatically require referral. Use: Assess → Discuss → Safeguard → Document → Monitor → Refer if unmanageable","WB6-C3-Q010, WB6-C3-Q017","CTA-MQB-0537, CTA-MQB-0544",WB6-C3,,CTA Master Flashcard Library v1.0 shared-core record; reconciled to final LCSW Stage 5B workbook/rationale lineage.,"Reconciled August 7, 2026; recheck high-change law, BBS guidance, examination administration, NASW ethics, and federal overlays at Stage 5D/release.","August 7, 2026",1.0,2026-08-07,Synchronized,Shared Core
CTA-EP-002-FC-0574,CTA-FC-0574,CTA-FC-0574,Active,KEEP-LCSW,Workbook 6,Boundaries & Exploitation,6,3,Multiple and Dual Relationships,Application Principle,California Multiple-Relationship Rule,What principle should guide the clinician’s decision?,"California does not impose a blanket prohibition on every multiple or dual relationship. Some overlap may be incidental, unavoidable, or manageable with appropriate safeguards. The therapist should evaluate whether the additional role creates impaired objectivity, confidentiality problems, conflicting loyalties, pressure, dependency, harm, exploitation, or conduct that falls within a specific disciplinary rule.","Do not invent a rule that says: “All dual relationships are prohibited.” Instead, determine whether the overlap is manageable, conflicting, exploitative, or expressly prohibited.",WB6-C3-Q011,CTA-MQB-0538,WB6-C3,,CTA Master Flashcard Library v1.0 shared-core record; reconciled to final LCSW Stage 5B workbook/rationale lineage.,"Reconciled August 7, 2026; recheck high-change law, BBS guidance, examination administration, NASW ethics, and federal overlays at Stage 5D/release.","August 7, 2026",1.0,2026-08-07,Synchronized,Shared Core
CTA-EP-002-FC-0575,CTA-FC-0575,CTA-FC-0575,Active,KEEP-LCSW,Workbook 6,Boundaries & Exploitation,6,3,Multiple and Dual Relationships,Application Principle,Conflicting Loyalties,What principle should guide the clinician’s decision?,"The therapist’s treatment role requires support, confidentiality, and attention to the client’s clinical welfare. The instructor role may require evaluation, criticism, grading, or decisions affecting the client’s advancement. These competing responsibilities may create role confusion, pressure, divided loyalties, and concern that information learned in therapy could influence the therapist’s academic judgment.",,WB6-C3-Q012,CTA-MQB-0539,WB6-C3,,CTA Master Flashcard Library v1.0 shared-core record; reconciled to final LCSW Stage 5B workbook/rationale lineage.,"Reconciled August 7, 2026; recheck high-change law, BBS guidance, examination administration, NASW ethics, and federal overlays at Stage 5D/release.","August 7, 2026",1.0,2026-08-07,Synchronized,Shared Core
CTA-EP-002-FC-0576,CTA-FC-0576,CTA-FC-0576,Active,KEEP-LCSW,Workbook 6,Boundaries & Exploitation,6,3,Multiple and Dual Relationships,Application Principle,Client Pressure,What principle should guide the clinician’s decision?,"The client’s statement suggests that the therapist’s professional authority affected the client’s ability to decline. The promotional role primarily benefits the therapist and may create pressure, indebtedness, or fear that refusal could affect treatment. The therapist should respond without defensiveness, remove the pressure, clarify that care is not contingent on participation, and assess whether the arrangement affected trust, autonomy, or treatment.",,WB6-C3-Q013,CTA-MQB-0540,WB6-C3,,CTA Master Flashcard Library v1.0 shared-core record; reconciled to final LCSW Stage 5B workbook/rationale lineage.,"Reconciled August 7, 2026; recheck high-change law, BBS guidance, examination administration, NASW ethics, and federal overlays at Stage 5D/release.","August 7, 2026",1.0,2026-08-07,Synchronized,Shared Core
CTA-EP-002-FC-0577,CTA-FC-0577,CTA-FC-0577,Active,KEEP-LCSW,Workbook 6,Boundaries & Exploitation,6,3,Multiple and Dual Relationships,Risk Management,Reevaluating Safeguards,What risk-management principle should guide the response?,"Safeguards should be reevaluated when circumstances reveal that the existing plan is inadequate. The therapist should explore the client’s experience, determine whether private information was exposed, and revise the approach for future encounters. Ongoing monitoring is essential because even a thoughtfully designed plan may need adjustment as relationships, settings, or client preferences change.",Documentation and planning are not one-time permission slips. Use: Plan → Monitor → Discuss → Revise,WB6-C3-Q014,CTA-MQB-0541,WB6-C3,,CTA Master Flashcard Library v1.0 shared-core record; reconciled to final LCSW Stage 5B workbook/rationale lineage.,"Reconciled August 7, 2026; recheck high-change law, BBS guidance, examination administration, NASW ethics, and federal overlays at Stage 5D/release.","August 7, 2026",1.0,2026-08-07,Synchronized,Shared Core
CTA-EP-002-FC-0578,CTA-FC-0578,CTA-FC-0578,Active,KEEP-LCSW,Workbook 6,Boundaries & Exploitation,6,3,Multiple and Dual Relationships,Application Principle,When Referral Is Appropriate,What principle should guide the clinician’s decision?,"Referral becomes appropriate when the therapist cannot maintain objectivity, protect confidentiality, or manage conflicting obligations. The availability of a qualified alternative makes transfer more feasible. The therapist should explain the concern without blaming the client, provide reasonable transition support, avoid abandonment, and maintain confidentiality throughout the process.",Referral is usually strongest when: Objectivity cannot be restored Confidentiality cannot reasonably be protected Roles create incompatible duties The client feels pressured or confused A qualified alternative is available,WB6-C3-Q015,CTA-MQB-0542,WB6-C3,,CTA Master Flashcard Library v1.0 shared-core record; reconciled to final LCSW Stage 5B workbook/rationale lineage.,"Reconciled August 7, 2026; recheck high-change law, BBS guidance, examination administration, NASW ethics, and federal overlays at Stage 5D/release.","August 7, 2026",1.0,2026-08-07,Synchronized,Shared Core
CTA-EP-002-FC-0579,CTA-FC-0579,CTA-FC-0579,Active,KEEP-LCSW,Workbook 6,Boundaries & Exploitation,6,3,Multiple and Dual Relationships,Key Concept,Manageable Overlap Becoming Unmanageable,What is the key principle to remember?,"A multiple relationship that was initially manageable may become riskier over time. The therapist should not rely solely on the original decision. The therapist should assess the emerging expectations, restore professional limits, address public disclosures, evaluate objectivity and dependency, seek consultation when useful, and determine whether safeguards remain sufficient. Referral may be necessary if the concerns cannot be managed.",A frequent exam trap is focusing only on whether the original decision was reasonable. Ask: What is happening now?,WB6-C3-Q016,CTA-MQB-0543,WB6-C3,,CTA Master Flashcard Library v1.0 shared-core record; reconciled to final LCSW Stage 5B workbook/rationale lineage.,"Reconciled August 7, 2026; recheck high-change law, BBS guidance, examination administration, NASW ethics, and federal overlays at Stage 5D/release.","August 7, 2026",1.0,2026-08-07,Synchronized,Shared Core
CTA-EP-002-FC-0580,CTA-FC-0580,CTA-FC-0580,Active,KEEP-LCSW,Workbook 6,Boundaries & Exploitation,6,4,"Gifts, Bartering, and Financial Relationships",Application Principle,Evaluating Client Gifts - Part 1 of 2,What principle should guide the clinician’s decision?,"Gifts are not automatically appropriate or inappropriate. The therapist should evaluate the gift in context, including: Its financial and emotional value The client’s cultural meaning The client’s financial circumstances Whether the gift is isolated or part of a pattern Whether acceptance could create obligation, favoritism, or an expectation of special treatment How accepting or declining might affect the therapeutic relationship A modest and culturally meaningful gift may sometimes be accepted when it is freely offered, affordable to the client, unlikely to influence treatment, and consistent with applicable organizational policies.",,WB6-C4-Q001,CTA-MQB-0545,WB6-C4,,CTA Master Flashcard Library v1.0 shared-core record; reconciled to final LCSW Stage 5B workbook/rationale lineage.,"Reconciled August 7, 2026; recheck high-change law, BBS guidance, examination administration, NASW ethics, and federal overlays at Stage 5D/release.","August 7, 2026",1.0,2026-08-07,Synchronized,Shared Core
CTA-EP-002-FC-0581,CTA-FC-0581,CTA-FC-0581,Active,KEEP-LCSW,Workbook 6,Boundaries & Exploitation,6,4,"Gifts, Bartering, and Financial Relationships",Application Principle,Evaluating Client Gifts - Part 2 of 2,"What additional rule, exception, or safeguard applies?",The decision should remain client-centered and professionally defensible.,Gift questions rarely have an automatic accept or reject answer. Use: VALUE → MEANING → PATTERN → IMPACT,WB6-C4-Q001,CTA-MQB-0545,WB6-C4,,CTA Master Flashcard Library v1.0 shared-core record; reconciled to final LCSW Stage 5B workbook/rationale lineage.,"Reconciled August 7, 2026; recheck high-change law, BBS guidance, examination administration, NASW ethics, and federal overlays at Stage 5D/release.","August 7, 2026",1.0,2026-08-07,Synchronized,Shared Core
CTA-EP-002-FC-0582,CTA-FC-0582,CTA-FC-0582,Active,KEEP-LCSW,Workbook 6,Boundaries & Exploitation,6,4,"Gifts, Bartering, and Financial Relationships",Key Concept,California Fee Disclosure,What is the key principle to remember?,"The workbook identifies failure to disclose the fee or the basis for calculating the fee before treatment begins as a California unprofessional-conduct concern. Clients should understand the financial terms of treatment before services start so they can make informed decisions about participation. Relevant information may include the session fee, how charges are calculated, payment expectations, cancellation policies, additional charges, insurance billing, and how future fee changes will be communicated.","When a question states that the fee was explained after treatment began, recognize a direct California-law issue. Do not treat it merely as a general communication problem.",WB6-C4-Q002,CTA-MQB-0546,WB6-C4,,CTA Master Flashcard Library v1.0 shared-core record; reconciled to final LCSW Stage 5B workbook/rationale lineage.,"Reconciled August 7, 2026; recheck high-change law, BBS guidance, examination administration, NASW ethics, and federal overlays at Stage 5D/release.","August 7, 2026",1.0,2026-08-07,Synchronized,Shared Core
CTA-EP-002-FC-0583,CTA-FC-0583,CTA-FC-0583,Active,KEEP-LCSW,Workbook 6,Boundaries & Exploitation,6,4,"Gifts, Bartering, and Financial Relationships",Application Principle,Referral Compensation,What principle should guide the clinician’s decision?,"The payment is tied directly to sending a professional client rather than to legitimate services actually performed. The workbook identifies paying, accepting, or soliciting monetary or nonmonetary compensation for professional client referrals as a California unprofessional-conduct concern when the compensation is for the referral itself. The rule helps prevent financial incentives from influencing referral decisions that should instead be based on client need, provider competence, accessibility, and continuity of care.","Distinguish between: Payment for legitimate professional or marketing services, and Payment merely for sending or receiving a client The second situation creates the direct California referral-compensation concern.",WB6-C4-Q003,CTA-MQB-0547,WB6-C4,,CTA Master Flashcard Library v1.0 shared-core record; reconciled to final LCSW Stage 5B workbook/rationale lineage.,"Reconciled August 7, 2026; recheck high-change law, BBS guidance, examination administration, NASW ethics, and federal overlays at Stage 5D/release.","August 7, 2026",1.0,2026-08-07,Synchronized,Shared Core
CTA-EP-002-FC-0584,CTA-FC-0584,CTA-FC-0584,Active,KEEP-LCSW,Workbook 6,Boundaries & Exploitation,6,4,"Gifts, Bartering, and Financial Relationships",Application Principle,Expensive Client Gifts,What principle should guide the clinician’s decision?,"The gift’s high value, the client’s financial hardship, and the emotionally urgent language all increase concern. Acceptance could reinforce dependency, create a sense of obligation, affect treatment expectations, or allow the therapist to benefit materially from the client’s vulnerability. The therapist should explore what the gift represents, acknowledge the client’s gratitude, and decline it without shaming or rejecting the client. The meaning of the gift can still be addressed therapeutically even when the item is not accepted.","Do not evaluate a gift by price alone - but when the gift is both expensive and financially burdensome, sensitive refusal is usually the stronger response.",WB6-C4-Q004,CTA-MQB-0548,WB6-C4,,CTA Master Flashcard Library v1.0 shared-core record; reconciled to final LCSW Stage 5B workbook/rationale lineage.,"Reconciled August 7, 2026; recheck high-change law, BBS guidance, examination administration, NASW ethics, and federal overlays at Stage 5D/release.","August 7, 2026",1.0,2026-08-07,Synchronized,Shared Core
CTA-EP-002-FC-0585,CTA-FC-0585,CTA-FC-0585,Active,KEEP-LCSW,Workbook 6,Boundaries & Exploitation,6,4,"Gifts, Bartering, and Financial Relationships",Application Principle,Reduced-Fee Arrangements,What principle should guide the clinician’s decision?,"A reduced-fee or sliding-scale arrangement may appropriately support access to care. It should be understandable, financially sustainable, consistently administered, documented, and periodically reviewed. The therapist should also evaluate whether personal attachment or a rescue impulse is influencing the decision. A reasonable accommodation is not automatically a boundary problem, but secrecy and favoritism may create confusion or resentment and impair professional judgment.",,WB6-C4-Q005,CTA-MQB-0549,WB6-C4,,CTA Master Flashcard Library v1.0 shared-core record; reconciled to final LCSW Stage 5B workbook/rationale lineage.,"Reconciled August 7, 2026; recheck high-change law, BBS guidance, examination administration, NASW ethics, and federal overlays at Stage 5D/release.","August 7, 2026",1.0,2026-08-07,Synchronized,Shared Core
CTA-EP-002-FC-0586,CTA-FC-0586,CTA-FC-0586,Active,KEEP-LCSW,Workbook 6,Boundaries & Exploitation,6,4,"Gifts, Bartering, and Financial Relationships",Application Principle,Bartering Risk Assessment,What principle should guide the clinician’s decision?,"Bartering may make the therapist a clinician and also a customer, employer, debtor, or evaluator of the client’s work. Disagreement about quality, value, deadlines, or satisfaction may then interfere with treatment and make termination more difficult. The therapist should examine fairness, client vulnerability, realistic alternatives, possible coercion, confidentiality, and whether the arrangement primarily benefits the client or the therapist. Bartering is not automatically prohibited, but it requires careful analysis.","For bartering questions, ask: Is the exchange fair, voluntary, easy to value, and unlikely to interfere with treatment?",WB6-C4-Q006,CTA-MQB-0550,WB6-C4,,CTA Master Flashcard Library v1.0 shared-core record; reconciled to final LCSW Stage 5B workbook/rationale lineage.,"Reconciled August 7, 2026; recheck high-change law, BBS guidance, examination administration, NASW ethics, and federal overlays at Stage 5D/release.","August 7, 2026",1.0,2026-08-07,Synchronized,Shared Core
CTA-EP-002-FC-0587,CTA-FC-0587,CTA-FC-0587,Active,KEEP-LCSW,Workbook 6,Boundaries & Exploitation,6,4,"Gifts, Bartering, and Financial Relationships",Application Principle,Bartering and Multiple Roles,What principle should guide the clinician’s decision?,"The therapist would become both the client’s clinician and customer. The therapist may need to evaluate the client’s work, negotiate materials and deadlines, or address dissatisfaction - all of which could affect the clinical relationship. The exchange may also be difficult to value fairly. The client may feel pressure to accept because of financial need or fear that refusal could affect treatment. Safer alternatives, including a payment plan, reduced fee, community resources, or affordable referral, should be considered.",,WB6-C4-Q007,CTA-MQB-0551,WB6-C4,,CTA Master Flashcard Library v1.0 shared-core record; reconciled to final LCSW Stage 5B workbook/rationale lineage.,"Reconciled August 7, 2026; recheck high-change law, BBS guidance, examination administration, NASW ethics, and federal overlays at Stage 5D/release.","August 7, 2026",1.0,2026-08-07,Synchronized,Shared Core
CTA-EP-002-FC-0588,CTA-FC-0588,CTA-FC-0588,Active,KEEP-LCSW,Workbook 6,Boundaries & Exploitation,6,4,"Gifts, Bartering, and Financial Relationships",Application Principle,Loans and Financial Exploitation,What principle should guide the clinician’s decision?,"Borrowing from a current client places the therapist’s personal financial interests directly inside the therapeutic relationship. The client may feel unable to decline, may hope the loan will create special status, or may fear that refusal will affect treatment. The arrangement also creates creditor-debtor roles, emotional indebtedness, divided loyalties, and substantial risk of exploitation and impaired judgment. The client’s financial ability to lend does not resolve these concerns.",When a therapist requests: Money A loan An investment Free labor A personal financial favor ask whether professional influence is being used for clinician benefit.,WB6-C4-Q008,CTA-MQB-0552,WB6-C4,,CTA Master Flashcard Library v1.0 shared-core record; reconciled to final LCSW Stage 5B workbook/rationale lineage.,"Reconciled August 7, 2026; recheck high-change law, BBS guidance, examination administration, NASW ethics, and federal overlays at Stage 5D/release.","August 7, 2026",1.0,2026-08-07,Synchronized,Shared Core
CTA-EP-002-FC-0589,CTA-FC-0589,CTA-FC-0589,Active,KEEP-LCSW,Workbook 6,Boundaries & Exploitation,6,4,"Gifts, Bartering, and Financial Relationships",Application Principle,Financial Exploitation Through Treatment Decisions,What principle should guide the clinician’s decision?,"Continuing ineffective treatment primarily to preserve income places the therapist’s financial interest above the client’s clinical needs. The therapist should evaluate treatment effectiveness, discuss progress and alternatives honestly, and modify, conclude, or refer treatment when appropriate. The central exam question is: Would the therapist make the same clinical recommendation without the financial benefit? If the answer may be no, a serious conflict-of-interest or exploitation concern exists.",Watch for treatment decisions influenced by: Income Debt Personal business interests Product sales Continued access to client labor or services Financial benefit should not determine what the therapist recommends clinically.,WB6-C4-Q009,CTA-MQB-0553,WB6-C4,,CTA Master Flashcard Library v1.0 shared-core record; reconciled to final LCSW Stage 5B workbook/rationale lineage.,"Reconciled August 7, 2026; recheck high-change law, BBS guidance, examination administration, NASW ethics, and federal overlays at Stage 5D/release.","August 7, 2026",1.0,2026-08-07,Synchronized,Shared Core
CTA-EP-002-FC-0590,CTA-FC-0590,CTA-FC-0590,Active,ADAPT-LCSW,Workbook 6,Boundaries & Exploitation,6,4,"Gifts, Bartering, and Financial Relationships",Application Principle,California Financial Rules - Part 1 of 2,What principle should guide the clinician’s decision?,California law requires disclosure of the fee or basis for calculating the fee before treatment begins and prohibits compensation for the referral of professional clients. Compensation must relate to professional services actually provided; the label placed on the payment does not control the analysis.,"Separate fee disclosure, referral compensation, and payment for actual professional services.",WB6-C4-Q010,CTA-MQB-0554,WB6-C4,,CTA Master Flashcard Library v1.0 shared-core record; reconciled to final LCSW Stage 5B workbook/rationale lineage.,"Reconciled August 7, 2026; recheck high-change law, BBS guidance, examination administration, NASW ethics, and federal overlays at Stage 5D/release.","August 7, 2026",1.0,2026-08-07,Synchronized,Shared Core
CTA-EP-002-FC-0591,CTA-FC-0591,CTA-FC-0591,Active,KEEP-LCSW,Workbook 6,Boundaries & Exploitation,6,4,"Gifts, Bartering, and Financial Relationships",Application Principle,California Financial Rules - Part 2 of 2,"What additional rule, exception, or safeguard applies?",The attached workbook makes the same distinction between legitimate services and payment merely for a referral.,"When a California financial question appears, separate the issues: Was the fee or fee basis disclosed before treatment began? Is the payment for a legitimate service - or merely for sending a client? Is the financial conduct honest, transparent, and free from exploitation?",WB6-C4-Q010,CTA-MQB-0554,WB6-C4,,CTA Master Flashcard Library v1.0 shared-core record; reconciled to final LCSW Stage 5B workbook/rationale lineage.,"Reconciled August 7, 2026; recheck high-change law, BBS guidance, examination administration, NASW ethics, and federal overlays at Stage 5D/release.","August 7, 2026",1.0,2026-08-07,Synchronized,Shared Core
CTA-EP-002-FC-0592,CTA-FC-0592,CTA-FC-0592,Active,KEEP-LCSW,Workbook 6,Boundaries & Exploitation,6,4,"Gifts, Bartering, and Financial Relationships",Application Principle,Gift Meaning and Treatment Influence,What principle should guide the clinician’s decision?,"The financial value of a gift is only one factor. Even an inexpensive item may carry significant relational meaning or create expectations involving favoritism, exclusivity, special access, or altered treatment decisions. The therapist should explore what the gift means to the client and clarify that accepting or declining it will not create a special therapeutic status. The decision should focus on client welfare, role clarity, and the effect on treatment.",Do not assume: Small gift = no ethical concern Ask what the gift represents and what the client expects in return.,WB6-C4-Q011,CTA-MQB-0555,WB6-C4,,CTA Master Flashcard Library v1.0 shared-core record; reconciled to final LCSW Stage 5B workbook/rationale lineage.,"Reconciled August 7, 2026; recheck high-change law, BBS guidance, examination administration, NASW ethics, and federal overlays at Stage 5D/release.","August 7, 2026",1.0,2026-08-07,Synchronized,Shared Core
CTA-EP-002-FC-0593,CTA-FC-0593,CTA-FC-0593,Active,KEEP-LCSW,Workbook 6,Boundaries & Exploitation,6,4,"Gifts, Bartering, and Financial Relationships",Application Principle,Repeated and Escalating Gifts,What principle should guide the clinician’s decision?,"Repeated and escalating gifts create more concern than a single modest gesture. The pattern may reflect increasing attachment, dependency, an attempt to influence treatment, fear of rejection, or an expectation of reciprocity. The therapist should discuss the pattern respectfully, assess its effect on treatment, clarify boundaries, and determine whether continued acceptance would create obligation or impair objectivity.",,WB6-C4-Q012,CTA-MQB-0556,WB6-C4,,CTA Master Flashcard Library v1.0 shared-core record; reconciled to final LCSW Stage 5B workbook/rationale lineage.,"Reconciled August 7, 2026; recheck high-change law, BBS guidance, examination administration, NASW ethics, and federal overlays at Stage 5D/release.","August 7, 2026",1.0,2026-08-07,Synchronized,Shared Core
CTA-EP-002-FC-0594,CTA-FC-0594,CTA-FC-0594,Active,KEEP-LCSW,Workbook 6,Boundaries & Exploitation,6,4,"Gifts, Bartering, and Financial Relationships",Application Principle,Product Sales and Financial Conflict,What principle should guide the clinician’s decision?,"The therapist receives personal financial benefit when clients purchase the recommended products. This creates a conflict between the therapist’s duty to provide objective clinical guidance and the therapist’s interest in earning commissions. Clients may also feel pressured to purchase because of the therapist’s authority, dependency, or belief that refusal could affect treatment. The therapist should avoid allowing personal financial interests to influence clinical care.","When a therapist earns money from something recommended to clients, ask: Would the same recommendation be made without the financial benefit?",WB6-C4-Q013,CTA-MQB-0557,WB6-C4,,CTA Master Flashcard Library v1.0 shared-core record; reconciled to final LCSW Stage 5B workbook/rationale lineage.,"Reconciled August 7, 2026; recheck high-change law, BBS guidance, examination administration, NASW ethics, and federal overlays at Stage 5D/release.","August 7, 2026",1.0,2026-08-07,Synchronized,Shared Core
CTA-EP-002-FC-0595,CTA-FC-0595,CTA-FC-0595,Active,KEEP-LCSW,Workbook 6,Boundaries & Exploitation,6,4,"Gifts, Bartering, and Financial Relationships",Application Principle,Employment and Financial Multiple Relationships,What principle should guide the clinician’s decision?,"The therapist becomes the client’s clinician, employer, customer, and creditor. A disagreement about work quality, scheduling, payment, or childcare may directly affect treatment. The client may also feel unable to refuse the arrangement or complain about employment conditions because the therapist controls access to care and the fee. Safer financial alternatives should be considered.",,WB6-C4-Q014,CTA-MQB-0558,WB6-C4,,CTA Master Flashcard Library v1.0 shared-core record; reconciled to final LCSW Stage 5B workbook/rationale lineage.,"Reconciled August 7, 2026; recheck high-change law, BBS guidance, examination administration, NASW ethics, and federal overlays at Stage 5D/release.","August 7, 2026",1.0,2026-08-07,Synchronized,Shared Core
CTA-EP-002-FC-0596,CTA-FC-0596,CTA-FC-0596,Active,KEEP-LCSW,Workbook 6,Boundaries & Exploitation,6,4,"Gifts, Bartering, and Financial Relationships",Application Principle,Fraudulent or Deceptive Billing,What principle should guide the clinician’s decision?,"The therapist has intentionally misrepresented services and created false records to obtain payment. This is not a contextual gift or fee-negotiation question; it involves deliberate deception and possible financial exploitation. The therapist must stop the conduct, correct inaccurate billing and records through appropriate procedures, assess client impact, and follow applicable organizational, professional, and legal requirements.","Distinguish between: Unclear fee communication: Clarify and correct. Intentional deceptive billing: Stop, correct, and address as serious misconduct.",WB6-C4-Q015,CTA-MQB-0559,WB6-C4,,CTA Master Flashcard Library v1.0 shared-core record; reconciled to final LCSW Stage 5B workbook/rationale lineage.,"Reconciled August 7, 2026; recheck high-change law, BBS guidance, examination administration, NASW ethics, and federal overlays at Stage 5D/release.","August 7, 2026",1.0,2026-08-07,Synchronized,Shared Core
CTA-EP-002-FC-0597,CTA-FC-0597,CTA-FC-0597,Active,KEEP-LCSW,Workbook 6,Boundaries & Exploitation,6,4,"Gifts, Bartering, and Financial Relationships",Distinction,Legitimate Services vs. Referral Compensation,How should these concepts be separated on the exam?,Payment for legitimate professional services actually provided - such as documented consultation - is analytically different from compensation tied solely to referring a client. The substance of the arrangement controls. Calling a referral bonus “consultation income” does not change its purpose when no corresponding professional service was performed.,Ask: What service was actually provided in exchange for the payment? No legitimate service + payment tied to a client referral = direct concern.,WB6-C4-Q016,CTA-MQB-0560,WB6-C4,,CTA Master Flashcard Library v1.0 shared-core record; reconciled to final LCSW Stage 5B workbook/rationale lineage.,"Reconciled August 7, 2026; recheck high-change law, BBS guidance, examination administration, NASW ethics, and federal overlays at Stage 5D/release.","August 7, 2026",1.0,2026-08-07,Synchronized,Shared Core
CTA-EP-002-FC-0598,CTA-FC-0598,CTA-FC-0598,Active,KEEP-LCSW,Workbook 6,Boundaries & Exploitation,6,4,"Gifts, Bartering, and Financial Relationships",Application Principle,"Gifts, Bartering, and Financial Relationships",What principle should guide the clinician’s decision?,"The scenario contains a pattern of therapist-centered financial conduct: Expensive gifts from a vulnerable client Employment and bartering roles Commission-based recommendations Financially motivated continuation of ineffective treatment Secrecy and avoidance of professional review Together, these facts suggest that the therapist’s personal financial interests are displacing client welfare and professional judgment. The therapist should stop the exploitative arrangements, assess client impact, correct inaccurate or unfair financial practices, restore appropriate boundaries, seek professional guidance, preserve accurate records, and protect continuity of care.","For complex financial-boundary questions, use: ARRANGEMENT → POWER → BENEFIT → CONFLICT → CLIENT IMPACT → CALIFORNIA RULE Ask: What financial arrangement exists? Could the client freely decline? Who primarily benefits? Could money influence clinical judgment? How is treatment affected? Does a direct fee, referral, fraud, or exploitation rule apply? FORMATTED QUESTION BANK",WB6-C4-Q017,CTA-MQB-0561,WB6-C4,,CTA Master Flashcard Library v1.0 shared-core record; reconciled to final LCSW Stage 5B workbook/rationale lineage.,"Reconciled August 7, 2026; recheck high-change law, BBS guidance, examination administration, NASW ethics, and federal overlays at Stage 5D/release.","August 7, 2026",1.0,2026-08-07,Synchronized,Shared Core
CTA-EP-002-FC-0599,CTA-FC-0599,CTA-FC-0599,Active,KEEP-LCSW,Workbook 6,Boundaries & Exploitation,6,5,Sexual Misconduct and Client Exploitation,Application Principle,Sexual Conduct With a Current Client,What principle should guide the clinician’s decision?,"The therapist is responsible for maintaining the professional boundary regardless of the client’s apparent willingness, initiation, or stated consent. The therapeutic relationship involves professional authority, access to confidential information, and knowledge of the client’s vulnerabilities. Sexual conduct with a current client misuses that professional relationship and places the therapist’s personal gratification above client welfare. It is not treated as an ordinary boundary crossing that can be justified through contextual analysis.","When the question involves sexual conduct with a current client, do not choose an answer that merely recommends: Risk-benefit analysis Client consent Documentation A waiver Moving the conduct outside therapy The therapist must maintain the boundary and not engage in the relationship.",WB6-C5-Q001,CTA-MQB-0562,WB6-C5,,CTA Master Flashcard Library v1.0 shared-core record; reconciled to final LCSW Stage 5B workbook/rationale lineage.,"Reconciled August 7, 2026; recheck high-change law, BBS guidance, examination administration, NASW ethics, and federal overlays at Stage 5D/release.","August 7, 2026",1.0,2026-08-07,Synchronized,Shared Core
CTA-EP-002-FC-0600,CTA-FC-0600,CTA-FC-0600,Active,KEEP-LCSW,Workbook 6,Boundaries & Exploitation,6,5,Sexual Misconduct and Client Exploitation,Distinction,Attraction vs. Misconduct,How should these concepts be separated on the exam?,"Experiencing attraction is an internal reaction and is not, by itself, professional misconduct. The ethical issue is how the therapist manages the feeling. The therapist should maintain appropriate boundaries, avoid unnecessary intimacy or self-disclosure, seek consultation or supervision, and assess whether the attraction is affecting clinical judgment. Transfer may be considered if objectivity cannot be maintained, but it is not automatically required merely because attraction exists.",Remember: A feeling requires management. A behavior requires accountability. Attraction usually calls for: Self-awareness Clear boundaries Consultation or supervision Monitoring of objectivity Transfer only when clinically necessary,WB6-C5-Q002,CTA-MQB-0563,WB6-C5,,CTA Master Flashcard Library v1.0 shared-core record; reconciled to final LCSW Stage 5B workbook/rationale lineage.,"Reconciled August 7, 2026; recheck high-change law, BBS guidance, examination administration, NASW ethics, and federal overlays at Stage 5D/release.","August 7, 2026",1.0,2026-08-07,Synchronized,Shared Core
CTA-EP-002-FC-0601,CTA-FC-0601,CTA-FC-0601,Active,KEEP-LCSW,Workbook 6,Boundaries & Exploitation,6,5,Sexual Misconduct and Client Exploitation,Key Concept,Former-Client Two-Year Restriction,What is the key principle to remember?,"The relationship began within two years after termination. Under the California rule described in the workbook, sexual relations with a former client during that period constitute unprofessional conduct. Client initiation, the therapist’s belief that dependency has ended, or documentation of mutual consent does not remove the restriction. Termination does not immediately erase confidential knowledge, prior influence, emotional attachment, or the professional power difference.","When a sexual relationship with a former client appears, check the timeline first: Less than two years after termination → direct California unprofessional-conduct concern After more than two years, do not automatically assume the relationship is ethical. Continuing influence, dependency, vulnerability, confidential knowledge, and exploitation must still be evaluated.",WB6-C5-Q003,CTA-MQB-0564,WB6-C5,,CTA Master Flashcard Library v1.0 shared-core record; reconciled to final LCSW Stage 5B workbook/rationale lineage.,"Reconciled August 7, 2026; recheck high-change law, BBS guidance, examination administration, NASW ethics, and federal overlays at Stage 5D/release.","August 7, 2026",1.0,2026-08-07,Synchronized,Shared Core
CTA-EP-002-FC-0602,CTA-FC-0602,CTA-FC-0602,Active,KEEP-LCSW,Workbook 6,Boundaries & Exploitation,6,5,Sexual Misconduct and Client Exploitation,Application Principle,Sexualized Communication Without Physical Contact,What principle should guide the clinician’s decision?,"Sexual misconduct is not limited to completed physical contact. Sexual propositions, suggestive messages, romantic pursuit, and other sexualized communication may misuse professional influence and alter the therapeutic relationship. The therapist should stop the conduct, assess its effect on the client, restore professional limits, preserve accurate records, and obtain appropriate supervisory, legal, or risk-management guidance. California identifies soliciting sexual relations with a client and sexual misconduct involving a client as forms of unprofessional conduct.","Do not be distracted by: “No physical contact occurred.” Look for solicitation, grooming, sexualized messaging, romantic pursuit, and misuse of professional influence.",WB6-C5-Q004,CTA-MQB-0565,WB6-C5,,CTA Master Flashcard Library v1.0 shared-core record; reconciled to final LCSW Stage 5B workbook/rationale lineage.,"Reconciled August 7, 2026; recheck high-change law, BBS guidance, examination administration, NASW ethics, and federal overlays at Stage 5D/release.","August 7, 2026",1.0,2026-08-07,Synchronized,Shared Core
CTA-EP-002-FC-0603,CTA-FC-0603,CTA-FC-0603,Active,KEEP-LCSW,Workbook 6,Boundaries & Exploitation,6,5,Sexual Misconduct and Client Exploitation,Application Principle,Grooming and Boundary Erosion,What principle should guide the clinician’s decision?,"Sexual exploitation may develop gradually rather than beginning with an overt sexual act. Special treatment, increasing intimacy, emotional exclusivity, secret communication, and discussion of a future romantic relationship are significant grooming warning signs. The therapist should stop the sexualized and secretive conduct, maintain clear professional limits, assess the client’s welfare, and obtain appropriate professional guidance. Waiting for physical contact would ignore a serious developing pattern.",Watch for this progression: Special treatment → personal disclosure → secrecy → exclusivity → romantic planning → sexual conduct The exam may test whether the therapist recognizes the pattern before physical contact occurs.,WB6-C5-Q005,CTA-MQB-0566,WB6-C5,,CTA Master Flashcard Library v1.0 shared-core record; reconciled to final LCSW Stage 5B workbook/rationale lineage.,"Reconciled August 7, 2026; recheck high-change law, BBS guidance, examination administration, NASW ethics, and federal overlays at Stage 5D/release.","August 7, 2026",1.0,2026-08-07,Synchronized,Shared Core
CTA-EP-002-FC-0604,CTA-FC-0604,CTA-FC-0604,Active,KEEP-LCSW,Workbook 6,Boundaries & Exploitation,6,5,Sexual Misconduct and Client Exploitation,Application Principle,Client-Initiated Sexual Contact,What principle should guide the clinician’s decision?,"The therapist must not reciprocate the sexual contact. The therapist should restore the professional boundary, assess the client’s experience, and explore the clinical meaning when appropriate without blaming, humiliating, or abruptly abandoning the client. Because the therapist also experiences attraction, consultation or supervision is appropriate to evaluate objectivity and determine whether treatment can continue competently. The client’s initiation does not remove the therapist’s professional responsibility.",The strongest response usually does all three: Stops the contact Protects the client from shame or abandonment Manages the therapist’s reaction professionally,WB6-C5-Q006,CTA-MQB-0567,WB6-C5,,CTA Master Flashcard Library v1.0 shared-core record; reconciled to final LCSW Stage 5B workbook/rationale lineage.,"Reconciled August 7, 2026; recheck high-change law, BBS guidance, examination administration, NASW ethics, and federal overlays at Stage 5D/release.","August 7, 2026",1.0,2026-08-07,Synchronized,Shared Core
CTA-EP-002-FC-0605,CTA-FC-0605,CTA-FC-0605,Active,KEEP-LCSW,Workbook 6,Boundaries & Exploitation,6,5,Sexual Misconduct and Client Exploitation,Legal Rule,Prior-Therapist Sexual Behavior and the Required Booklet,"What legal rule, authority, or timing requirement applies?","California requires a therapist who becomes aware that a client alleges sexual behavior with a previous psychotherapist during prior treatment to provide the Therapy Never Includes Sexual Behavior booklet and discuss it with the client. Failure to provide or discuss the booklet constitutes unprofessional conduct. The therapist should also respond without blame, assess the client’s present emotional and safety needs, explain available options, protect confidentiality unless an exception applies, and document the disclosure and response. The client should be supported in making informed choices rather than pressured to take a particular action.","When a client reports sexual behavior with a previous psychotherapist, immediately think: Provide + Discuss the Booklet Do not replace that duty with investigation, confrontation, forced reporting, or consultation alone.",WB6-C5-Q007,CTA-MQB-0568,WB6-C5,,CTA Master Flashcard Library v1.0 shared-core record; reconciled to final LCSW Stage 5B workbook/rationale lineage.,"Reconciled August 7, 2026; recheck high-change law, BBS guidance, examination administration, NASW ethics, and federal overlays at Stage 5D/release.","August 7, 2026",1.0,2026-08-07,Synchronized,Shared Core
CTA-EP-002-FC-0606,CTA-FC-0606,CTA-FC-0606,Active,KEEP-LCSW,Workbook 6,Boundaries & Exploitation,6,5,Sexual Misconduct and Client Exploitation,Application Principle,Former Client After Two Years,What principle should guide the clinician’s decision?,"California specifically identifies sexual relations with a former client within two years after termination as unprofessional conduct. The passage of more than two years means that particular time-based prohibition no longer decides the entire question, but it does not automatically establish that the later relationship is ethical. The therapist must still consider the nature and duration of treatment, the client’s former and current vulnerability, continuing attachment or dependency, the therapist’s confidential knowledge, the possibility of resumed treatment, and whether the proposed relationship would exploit prior professional influence.",Remember: Within two years = direct California prohibition.After two years = not automatically ethical.,WB6-C5-Q008,CTA-MQB-0569,WB6-C5,,CTA Master Flashcard Library v1.0 shared-core record; reconciled to final LCSW Stage 5B workbook/rationale lineage.,"Reconciled August 7, 2026; recheck high-change law, BBS guidance, examination administration, NASW ethics, and federal overlays at Stage 5D/release.","August 7, 2026",1.0,2026-08-07,Synchronized,Shared Core
CTA-EP-002-FC-0607,CTA-FC-0607,CTA-FC-0607,Active,KEEP-LCSW,Workbook 6,Boundaries & Exploitation,6,5,Sexual Misconduct and Client Exploitation,Application Principle,Sexual Solicitation,What principle should guide the clinician’s decision?,"The therapist has introduced a proposed sexual relationship into current treatment and is using the prospect of termination to facilitate personal sexual access. This sexualizes therapy, may manipulate attachment, and may encourage the client to view termination as a pathway to a romantic relationship. California identifies soliciting sexual relations with a client as unprofessional conduct. Completed sexual contact or client acceptance is not required before the concern exists.","Sexual misconduct questions may test the therapist’s proposal, not merely the completed act. Look for: Solicitation Romantic promises Future-dating plans Sexualized messages Encouragement of secrecy",WB6-C5-Q009,CTA-MQB-0570,WB6-C5,,CTA Master Flashcard Library v1.0 shared-core record; reconciled to final LCSW Stage 5B workbook/rationale lineage.,"Reconciled August 7, 2026; recheck high-change law, BBS guidance, examination administration, NASW ethics, and federal overlays at Stage 5D/release.","August 7, 2026",1.0,2026-08-07,Synchronized,Shared Core
CTA-EP-002-FC-0608,CTA-FC-0608,CTA-FC-0608,Active,KEEP-LCSW,Workbook 6,Boundaries & Exploitation,6,5,Sexual Misconduct and Client Exploitation,Application Principle,Termination Does Not Immediately Remove the Boundary,What principle should guide the clinician’s decision?,"California identifies sexual relations with a former client within two years after termination as unprofessional conduct. Ending therapy immediately before beginning the relationship does not avoid the restriction. Termination also does not instantly erase the therapist’s confidential knowledge, professional influence, awareness of client vulnerabilities, or the client’s attachment and dependency. Using termination as a bridge to sexual involvement represents a serious misuse of the prior therapeutic relationship.","When the therapist terminates treatment so that dating or sexual conduct can begin, recognize the trap: Termination is not an immediate reset.",WB6-C5-Q010,CTA-MQB-0571,WB6-C5,,CTA Master Flashcard Library v1.0 shared-core record; reconciled to final LCSW Stage 5B workbook/rationale lineage.,"Reconciled August 7, 2026; recheck high-change law, BBS guidance, examination administration, NASW ethics, and federal overlays at Stage 5D/release.","August 7, 2026",1.0,2026-08-07,Synchronized,Shared Core
CTA-EP-002-FC-0609,CTA-FC-0609,CTA-FC-0609,Active,KEEP-LCSW,Workbook 6,Boundaries & Exploitation,6,5,Sexual Misconduct and Client Exploitation,Application Principle,Client Exploitation,What principle should guide the clinician’s decision?,"Exploitation occurs when the therapist uses the professional relationship to obtain personal benefit from the client. Asking the client to provide affection, reassurance, or emotional support reverses the therapeutic roles and places the therapist’s needs above the client’s welfare. The client may feel pressured to care for the therapist, avoid disagreement, or maintain special closeness to preserve the therapeutic relationship.",Ask: Is the client receiving therapy - or being used to meet the therapist’s needs?,WB6-C5-Q011,CTA-MQB-0572,WB6-C5,,CTA Master Flashcard Library v1.0 shared-core record; reconciled to final LCSW Stage 5B workbook/rationale lineage.,"Reconciled August 7, 2026; recheck high-change law, BBS guidance, examination administration, NASW ethics, and federal overlays at Stage 5D/release.","August 7, 2026",1.0,2026-08-07,Synchronized,Shared Core
CTA-EP-002-FC-0610,CTA-FC-0610,CTA-FC-0610,Active,KEEP-LCSW,Workbook 6,Boundaries & Exploitation,6,5,Sexual Misconduct and Client Exploitation,Application Principle,Consent and Professional Power,What principle should guide the clinician’s decision?,"The therapist holds professional authority and has access to highly personal information about the client’s history, emotional needs, fears, attachment patterns, and vulnerabilities. These factors may influence the client’s ability to refuse or accurately evaluate the consequences of the relationship. The therapist - not the client - has the professional duty to prevent sexual exploitation and maintain the boundary.",,WB6-C5-Q012,CTA-MQB-0573,WB6-C5,,CTA Master Flashcard Library v1.0 shared-core record; reconciled to final LCSW Stage 5B workbook/rationale lineage.,"Reconciled August 7, 2026; recheck high-change law, BBS guidance, examination administration, NASW ethics, and federal overlays at Stage 5D/release.","August 7, 2026",1.0,2026-08-07,Synchronized,Shared Core
CTA-EP-002-FC-0611,CTA-FC-0611,CTA-FC-0611,Active,KEEP-LCSW,Workbook 6,Boundaries & Exploitation,6,5,Sexual Misconduct and Client Exploitation,Application Principle,Therapy Never Includes Sexual Behavior Booklet,What principle should guide the clinician’s decision?,"The workbook explains that when a therapist becomes aware that a client alleges sexual behavior with a previous psychotherapist, the therapist must provide and discuss the booklet with the client. The therapist should also respond supportively, explain available options without pressuring the client, protect confidentiality, and document the response appropriately.",Remember the trigger: Client alleges sexual behavior with a previous psychotherapist → Provide and discuss the booklet.,WB6-C5-Q013,CTA-MQB-0574,WB6-C5,,CTA Master Flashcard Library v1.0 shared-core record; reconciled to final LCSW Stage 5B workbook/rationale lineage.,"Reconciled August 7, 2026; recheck high-change law, BBS guidance, examination administration, NASW ethics, and federal overlays at Stage 5D/release.","August 7, 2026",1.0,2026-08-07,Synchronized,Shared Core
CTA-EP-002-FC-0612,CTA-FC-0612,CTA-FC-0612,Active,KEEP-LCSW,Workbook 6,Boundaries & Exploitation,6,5,Sexual Misconduct and Client Exploitation,Application Principle,Sexualized Self-Disclosure,What principle should guide the clinician’s decision?,"The therapist’s disclosure places personal sexual interests inside the treatment relationship and pressures the client to respond to the therapist’s needs. It may create confusion, shame, excitement, fear, dependency, or concern that treatment depends on reciprocating the therapist’s attraction. This is not ordinary therapeutic self-disclosure. The therapist is seeking personal validation and sexualizing the professional relationship.",Therapeutic self-disclosure should benefit the client. When disclosure seeks: Reassurance Attraction Affection Sexual validation Permission for intimacy it is serving the therapist rather than treatment.,WB6-C5-Q014,CTA-MQB-0575,WB6-C5,,CTA Master Flashcard Library v1.0 shared-core record; reconciled to final LCSW Stage 5B workbook/rationale lineage.,"Reconciled August 7, 2026; recheck high-change law, BBS guidance, examination administration, NASW ethics, and federal overlays at Stage 5D/release.","August 7, 2026",1.0,2026-08-07,Synchronized,Shared Core
CTA-EP-002-FC-0613,CTA-FC-0613,CTA-FC-0613,Active,KEEP-LCSW,Workbook 6,Boundaries & Exploitation,6,5,Sexual Misconduct and Client Exploitation,Risk Management,Responding After a Sexual Boundary Breach,What risk-management principle should guide the response?,"The first priority is to stop the misconduct and protect the client. The therapist must assess the client’s emotional and clinical needs, avoid further exploitation, preserve records, and obtain appropriate legal, supervisory, and risk-management guidance. The therapist must not conceal the conduct, destroy evidence, pressure the client, seek reassurance, or abandon the client without attention to continuity of care.","After serious misconduct, look for the response that includes: Stop → Protect → Assess → Preserve → Seek guidance → Maintain continuity Never choose concealment, deletion, coercion, or retaliation.",WB6-C5-Q015,CTA-MQB-0576,WB6-C5,,CTA Master Flashcard Library v1.0 shared-core record; reconciled to final LCSW Stage 5B workbook/rationale lineage.,"Reconciled August 7, 2026; recheck high-change law, BBS guidance, examination administration, NASW ethics, and federal overlays at Stage 5D/release.","August 7, 2026",1.0,2026-08-07,Synchronized,Shared Core
CTA-EP-002-FC-0614,CTA-FC-0614,CTA-FC-0614,Active,KEEP-LCSW,Workbook 6,Boundaries & Exploitation,6,5,Sexual Misconduct and Client Exploitation,Application Principle,Former Client After the Two-Year Period,What principle should guide the clinician’s decision?,"Passing the two-year mark does not automatically make a sexual relationship with a former client ethical. The therapist must still consider the duration and intensity of treatment, the client’s vulnerability, ongoing dependency, confidential knowledge, emotional influence, and the possibility of exploitation. Here, the client continues seeking the therapist’s approval and remains emotionally dependent. Those facts strongly suggest that the prior professional power relationship has not meaningfully ended.","After two years, ask: How intensive was treatment? How vulnerable was the client? Does dependency remain? Does the therapist still hold unusual emotional influence? Could confidential knowledge be used in the new relationship?",WB6-C5-Q016,CTA-MQB-0577,WB6-C5,,CTA Master Flashcard Library v1.0 shared-core record; reconciled to final LCSW Stage 5B workbook/rationale lineage.,"Reconciled August 7, 2026; recheck high-change law, BBS guidance, examination administration, NASW ethics, and federal overlays at Stage 5D/release.","August 7, 2026",1.0,2026-08-07,Synchronized,Shared Core
CTA-EP-002-FC-0615,CTA-FC-0615,CTA-FC-0615,Active,KEEP-LCSW,Workbook 6,Boundaries & Exploitation,6,5,Sexual Misconduct and Client Exploitation,Application Principle,"Sexual Grooming, Solicitation, and Exploitation",What principle should guide the clinician’s decision?,"The conduct shows a progressive pattern: Special access Personal emotional involvement Romantic messaging Promise of a future sexual relationship Termination used as a pathway to sexual contact Sexual involvement within two years Destruction or concealment of communications The therapist should stop the conduct, assess the former client’s safety and treatment needs, preserve remaining records, seek appropriate legal and professional guidance, avoid pressure or retaliation, and protect continuity of care.","For integrated sexual-misconduct questions, follow the entire pattern: Special treatment → Secrecy → Emotional intimacy → Sexualization → Solicitation → Termination → Sexual conduct → Concealment Do not evaluate only the final act.",WB6-C5-Q017,CTA-MQB-0578,WB6-C5,,CTA Master Flashcard Library v1.0 shared-core record; reconciled to final LCSW Stage 5B workbook/rationale lineage.,"Reconciled August 7, 2026; recheck high-change law, BBS guidance, examination administration, NASW ethics, and federal overlays at Stage 5D/release.","August 7, 2026",1.0,2026-08-07,Synchronized,Shared Core
CTA-EP-002-FC-0616,CTA-FC-0616,CTA-FC-0616,Active,KEEP-LCSW,Workbook 7,Cultural Humility & Bias,7,1,Cultural Humility and Culturally Responsive Practice,Application Principle,Cultural Humility,What principle should guide the clinician’s decision?,"Cultural humility is a lifelong process rather than a final level of expertise. It requires clinicians to examine their assumptions, remain open to client feedback, recognize that their knowledge is incomplete, and approach differences with respectful curiosity. It also includes awareness of professional power and a willingness to learn when a client’s identity, values, communication style, or lived experience differs from the clinician’s own.","Cultural humility does not mean: “I know everything about your culture.” It means: “I recognize what I may not understand, and I will respond responsibly.”",WB7-C1-Q001,CTA-MQB-0579,WB7-C1,,CTA Master Flashcard Library v1.0 shared-core record; reconciled to final LCSW Stage 5B workbook/rationale lineage.,"Reconciled August 7, 2026; recheck high-change law, BBS guidance, examination administration, NASW ethics, and federal overlays at Stage 5D/release.","August 7, 2026",1.0,2026-08-07,Synchronized,Shared Core
CTA-EP-002-FC-0617,CTA-FC-0617,CTA-FC-0617,Active,KEEP-LCSW,Workbook 7,Cultural Humility & Bias,7,1,Cultural Humility and Culturally Responsive Practice,Distinction,Cultural Competence vs. Cultural Humility,How should these concepts be separated on the exam?,"Cultural competence focuses on building the knowledge, training, experience, and clinical skills needed to serve diverse clients effectively. Cultural humility focuses on how clinicians approach what they do not know. It emphasizes self-awareness, recognition of limitations, openness to client feedback, and avoidance of assuming expertise in another person’s lived experience. Clinicians need both. Knowledge without humility may lead to stereotyping, while humility without competence may leave the clinician unable to provide effective care.",Remember: Competence: What must the clinician know or learn? Humility: How does the clinician approach what is not known?,WB7-C1-Q002,CTA-MQB-0580,WB7-C1,,CTA Master Flashcard Library v1.0 shared-core record; reconciled to final LCSW Stage 5B workbook/rationale lineage.,"Reconciled August 7, 2026; recheck high-change law, BBS guidance, examination administration, NASW ethics, and federal overlays at Stage 5D/release.","August 7, 2026",1.0,2026-08-07,Synchronized,Shared Core
CTA-EP-002-FC-0618,CTA-FC-0618,CTA-FC-0618,Active,KEEP-LCSW,Workbook 7,Cultural Humility & Bias,7,1,Cultural Humility and Culturally Responsive Practice,Application Principle,Client Expertise and Professional Responsibility,What principle should guide the clinician’s decision?,"The client is an important source of information about personal identity, values, family meanings, spiritual beliefs, and lived experience. The therapist should listen carefully and ask respectful questions relevant to assessment and treatment. However, the client should not carry the full burden of educating the therapist about an entire cultural group. The therapist remains responsible for developing competence through reliable resources, consultation, supervision, or training when needed.","When the client knows more about the lived experience but the therapist holds professional responsibility, choose the answer that combines: Ask the client + seek independent learning + retain clinical responsibility",WB7-C1-Q003,CTA-MQB-0581,WB7-C1,,CTA Master Flashcard Library v1.0 shared-core record; reconciled to final LCSW Stage 5B workbook/rationale lineage.,"Reconciled August 7, 2026; recheck high-change law, BBS guidance, examination administration, NASW ethics, and federal overlays at Stage 5D/release.","August 7, 2026",1.0,2026-08-07,Synchronized,Shared Core
CTA-EP-002-FC-0619,CTA-FC-0619,CTA-FC-0619,Active,KEEP-LCSW,Workbook 7,Cultural Humility & Bias,7,1,Cultural Humility and Culturally Responsive Practice,Key Concept,Clinician Self-Reflection,What is the key principle to remember?,"Cultural humility requires the therapist to examine whether personal values or assumptions are shaping clinical judgment. The therapist should not automatically interpret family involvement as dependence or lack of autonomy. The therapist should also explore the client’s perspective, including what role the family plays, what support the client wants, and how participation could be structured while protecting confidentiality, consent, and treatment goals.","When the therapist reacts strongly to a client’s cultural or family preference, ask: Is the therapist interpreting the client through the therapist’s own values?",WB7-C1-Q004,CTA-MQB-0582,WB7-C1,,CTA Master Flashcard Library v1.0 shared-core record; reconciled to final LCSW Stage 5B workbook/rationale lineage.,"Reconciled August 7, 2026; recheck high-change law, BBS guidance, examination administration, NASW ethics, and federal overlays at Stage 5D/release.","August 7, 2026",1.0,2026-08-07,Synchronized,Shared Core
CTA-EP-002-FC-0620,CTA-FC-0620,CTA-FC-0620,Active,KEEP-LCSW,Workbook 7,Cultural Humility & Bias,7,1,Cultural Humility and Culturally Responsive Practice,Application Principle,Respectful Curiosity,What principle should guide the clinician’s decision?,"“Does this belief or practice have a particular meaning for you or your family?” This question invites the client to describe personal meaning without assuming that the client represents an entire cultural group. It is clinically relevant, open-ended, and focused on the individual client’s experience. Respectful curiosity helps the therapist gather information while preserving dignity and avoiding stereotypes.",Strong cultural questions usually ask: “What does this mean to you?” Weak questions assume: “This must mean the same thing for everyone in your group.”,WB7-C1-Q005,CTA-MQB-0583,WB7-C1,,CTA Master Flashcard Library v1.0 shared-core record; reconciled to final LCSW Stage 5B workbook/rationale lineage.,"Reconciled August 7, 2026; recheck high-change law, BBS guidance, examination administration, NASW ethics, and federal overlays at Stage 5D/release.","August 7, 2026",1.0,2026-08-07,Synchronized,Shared Core
CTA-EP-002-FC-0621,CTA-FC-0621,CTA-FC-0621,Active,KEEP-LCSW,Workbook 7,Cultural Humility & Bias,7,1,Cultural Humility and Culturally Responsive Practice,Distinction,Adaptation vs. Lowering Standards,How should these concepts be separated on the exam?,"Culturally responsive care may require modifying language, examples, pacing, communication style, or materials so that treatment is understandable and relevant to the client. The therapist is not eliminating important information or reducing the quality of care. The professional standards involving assessment, informed consent, competence, confidentiality, and client safety remain intact.",Remember: Change the method - not the professional responsibility.,WB7-C1-Q006,CTA-MQB-0584,WB7-C1,,CTA Master Flashcard Library v1.0 shared-core record; reconciled to final LCSW Stage 5B workbook/rationale lineage.,"Reconciled August 7, 2026; recheck high-change law, BBS guidance, examination administration, NASW ethics, and federal overlays at Stage 5D/release.","August 7, 2026",1.0,2026-08-07,Synchronized,Shared Core
CTA-EP-002-FC-0622,CTA-FC-0622,CTA-FC-0622,Active,KEEP-LCSW,Workbook 7,Cultural Humility & Bias,7,1,Cultural Humility and Culturally Responsive Practice,Distinction,Cultural Difference vs. Pathology,How should these concepts be separated on the exam?,"Limited eye contact is observable, but resistance and dishonesty are interpretations. The therapist should gather information before assigning clinical meaning to the behavior. Eye contact may be influenced by culture, family norms, anxiety, trauma, neurodivergence, respect for authority, or personal preference. The therapist should assess meaning, context, distress, impairment, and other relevant evidence.",Separate: Fact: The client rarely makes direct eye contact. Interpretation: The client is resistant or dishonest. Interpretations require assessment and evidence.,WB7-C1-Q007,CTA-MQB-0585,WB7-C1,,CTA Master Flashcard Library v1.0 shared-core record; reconciled to final LCSW Stage 5B workbook/rationale lineage.,"Reconciled August 7, 2026; recheck high-change law, BBS guidance, examination administration, NASW ethics, and federal overlays at Stage 5D/release.","August 7, 2026",1.0,2026-08-07,Synchronized,Shared Core
CTA-EP-002-FC-0623,CTA-FC-0623,CTA-FC-0623,Active,KEEP-LCSW,Workbook 7,Cultural Humility & Bias,7,1,Cultural Humility and Culturally Responsive Practice,Application Principle,Responding to a Cultural Mistake,What principle should guide the clinician’s decision?,"Cultural humility includes openness to correction and willingness to repair mistakes. The therapist should listen without defensiveness, acknowledge the impact, correct the behavior, and assess whether the repeated error affected trust or the therapeutic relationship. An apology and changed behavior are more meaningful than focusing only on the therapist’s intention.",Use: Listen → Acknowledge → Repair → Learn Do not ask the client to reassure the therapist.,WB7-C1-Q008,CTA-MQB-0586,WB7-C1,,CTA Master Flashcard Library v1.0 shared-core record; reconciled to final LCSW Stage 5B workbook/rationale lineage.,"Reconciled August 7, 2026; recheck high-change law, BBS guidance, examination administration, NASW ethics, and federal overlays at Stage 5D/release.","August 7, 2026",1.0,2026-08-07,Synchronized,Shared Core
CTA-EP-002-FC-0624,CTA-FC-0624,CTA-FC-0624,Active,KEEP-LCSW,Workbook 7,Cultural Humility & Bias,7,1,Cultural Humility and Culturally Responsive Practice,Application Principle,Consultation and Client Perspective,What principle should guide the clinician’s decision?,"The client is the best source of information about personal experience, meaning, distress, and functioning. Consultation may add professional knowledge and help the therapist distinguish cultural, spiritual, and clinical explanations. The strongest approach combines the client’s perspective with appropriate professional support. Consultation should strengthen individualized assessment rather than replace direct communication with the client.",Consultation should add perspective - not substitute for asking the client.,WB7-C1-Q009,CTA-MQB-0587,WB7-C1,,CTA Master Flashcard Library v1.0 shared-core record; reconciled to final LCSW Stage 5B workbook/rationale lineage.,"Reconciled August 7, 2026; recheck high-change law, BBS guidance, examination administration, NASW ethics, and federal overlays at Stage 5D/release.","August 7, 2026",1.0,2026-08-07,Synchronized,Shared Core
CTA-EP-002-FC-0625,CTA-FC-0625,CTA-FC-0625,Active,KEEP-LCSW,Workbook 7,Cultural Humility & Bias,7,1,Cultural Humility and Culturally Responsive Practice,Distinction,Cultural Difference and Referral,How should these concepts be separated on the exam?,"Difference in identity or limited familiarity does not automatically require referral. When the therapist can develop the necessary knowledge and skill within a clinically appropriate period, continued treatment with consultation, education, and careful monitoring may be appropriate. The therapist must remain alert to whether the limitation is affecting assessment, communication, trust, or client welfare. Referral becomes more appropriate if competence cannot be developed in time or continued treatment would place the client at risk.",Use this distinction: Difference does not require referral. Lack of competence may. Ask whether the required competence can be developed safely and promptly.,WB7-C1-Q010,CTA-MQB-0588,WB7-C1,,CTA Master Flashcard Library v1.0 shared-core record; reconciled to final LCSW Stage 5B workbook/rationale lineage.,"Reconciled August 7, 2026; recheck high-change law, BBS guidance, examination administration, NASW ethics, and federal overlays at Stage 5D/release.","August 7, 2026",1.0,2026-08-07,Synchronized,Shared Core
CTA-EP-002-FC-0626,CTA-FC-0626,CTA-FC-0626,Active,KEEP-LCSW,Workbook 7,Cultural Humility & Bias,7,1,Cultural Humility and Culturally Responsive Practice,Application Principle,General Cultural Knowledge,What principle should guide the clinician’s decision?,"General cultural knowledge may help the therapist identify relevant areas to explore, such as family roles, communication, spirituality, help-seeking, or treatment expectations. However, it should guide questions rather than supply conclusions. Clients who share a cultural identity may differ substantially in values, experiences, level of identification, family relationships, and treatment preferences.",Remember: Use cultural knowledge to develop questions - not conclusions.,WB7-C1-Q011,CTA-MQB-0589,WB7-C1,,CTA Master Flashcard Library v1.0 shared-core record; reconciled to final LCSW Stage 5B workbook/rationale lineage.,"Reconciled August 7, 2026; recheck high-change law, BBS guidance, examination administration, NASW ethics, and federal overlays at Stage 5D/release.","August 7, 2026",1.0,2026-08-07,Synchronized,Shared Core
CTA-EP-002-FC-0627,CTA-FC-0627,CTA-FC-0627,Active,KEEP-LCSW,Workbook 7,Cultural Humility & Bias,7,1,Cultural Humility and Culturally Responsive Practice,Application Principle,Individual Variation Within Cultural Groups,What principle should guide the clinician’s decision?,"Shared identity does not mean shared beliefs, experiences, values, or treatment preferences. One client may experience the identity as central, while another may feel only loosely connected to it. Culturally responsive care requires individualized assessment of what the identity means to each client and whether it is relevant to the presenting concern.",,WB7-C1-Q012,CTA-MQB-0590,WB7-C1,,CTA Master Flashcard Library v1.0 shared-core record; reconciled to final LCSW Stage 5B workbook/rationale lineage.,"Reconciled August 7, 2026; recheck high-change law, BBS guidance, examination administration, NASW ethics, and federal overlays at Stage 5D/release.","August 7, 2026",1.0,2026-08-07,Synchronized,Shared Core
CTA-EP-002-FC-0628,CTA-FC-0628,CTA-FC-0628,Active,KEEP-LCSW,Workbook 7,Cultural Humility & Bias,7,1,Cultural Humility and Culturally Responsive Practice,Distinction,Cultural Mistake vs. Statutory Misconduct,How should these concepts be separated on the exam?,"California does not classify every cultural misunderstanding or incorrect assumption as a separate statutory violation. Many mistakes can be addressed through acknowledgment, correction, education, consultation, and repair. The concern becomes more serious when the therapist repeatedly disregards relevant information, practices beyond competence, provides grossly inadequate care, acts dishonestly, or intentionally or recklessly harms the client.",Distinguish between: Mistake recognized and repaired Repeated disregard or harmful incompetence Do not automatically classify every cultural error as illegal - but do not minimize conduct that causes serious harm.,WB7-C1-Q013,CTA-MQB-0591,WB7-C1,,CTA Master Flashcard Library v1.0 shared-core record; reconciled to final LCSW Stage 5B workbook/rationale lineage.,"Reconciled August 7, 2026; recheck high-change law, BBS guidance, examination administration, NASW ethics, and federal overlays at Stage 5D/release.","August 7, 2026",1.0,2026-08-07,Synchronized,Shared Core
CTA-EP-002-FC-0629,CTA-FC-0629,CTA-FC-0629,Active,KEEP-LCSW,Workbook 7,Cultural Humility & Bias,7,1,Cultural Humility and Culturally Responsive Practice,Application Principle,Family Involvement and Cultural Responsiveness,What principle should guide the clinician’s decision?,"The therapist should respect the client’s preference without assuming that family participation is automatically helpful or harmful. Appropriate involvement requires clarification of who will participate, what information may be shared, and what role each person will have. The therapist should also assess whether the client feels free to change the arrangement, whether relatives are exerting pressure, and whether participation supports treatment goals while protecting confidentiality and autonomy.",Family involvement questions usually require: Client preference + permission + role clarity + confidentiality + monitoring,WB7-C1-Q014,CTA-MQB-0592,WB7-C1,,CTA Master Flashcard Library v1.0 shared-core record; reconciled to final LCSW Stage 5B workbook/rationale lineage.,"Reconciled August 7, 2026; recheck high-change law, BBS guidance, examination administration, NASW ethics, and federal overlays at Stage 5D/release.","August 7, 2026",1.0,2026-08-07,Synchronized,Shared Core
CTA-EP-002-FC-0630,CTA-FC-0630,CTA-FC-0630,Active,KEEP-LCSW,Workbook 7,Cultural Humility & Bias,7,1,Cultural Humility and Culturally Responsive Practice,Application Principle,Repeated Cultural Disregard and Client Harm,What principle should guide the clinician’s decision?,"The concern is not simply that the therapist made an initial mistake. The therapist repeatedly ignores clinically relevant information, labels the client without adequate assessment, and continues an ineffective approach despite worsening distress. This pattern may affect competence, clinical judgment, treatment effectiveness, and client welfare. The therapist should reassess the treatment, explore the client’s perspective, correct unsupported documentation, seek consultation or education, and modify or refer when necessary.",Look for escalation: Misunderstanding → correction offered → therapist refuses to learn → harm increases Repeated disregard is more serious than a single repairable error.,WB7-C1-Q015,CTA-MQB-0593,WB7-C1,,CTA Master Flashcard Library v1.0 shared-core record; reconciled to final LCSW Stage 5B workbook/rationale lineage.,"Reconciled August 7, 2026; recheck high-change law, BBS guidance, examination administration, NASW ethics, and federal overlays at Stage 5D/release.","August 7, 2026",1.0,2026-08-07,Synchronized,Shared Core
CTA-EP-002-FC-0631,CTA-FC-0631,CTA-FC-0631,Active,KEEP-LCSW,Workbook 7,Cultural Humility & Bias,7,1,Cultural Humility and Culturally Responsive Practice,Application Principle,Referral When Competence Cannot Be Developed in Time,What principle should guide the clinician’s decision?,"Referral is appropriate when the necessary competence cannot be developed within a clinically appropriate period and continuing treatment may harm the client. The therapist should explain the recommendation respectfully, provide suitable referral options, support the transition, share information only with proper authorization or another lawful basis, and avoid abandonment.",Use the competence timeline: Can competence be developed promptly? Continue with support. Can it not be developed safely or in time? Refer appropriately.,WB7-C1-Q016,CTA-MQB-0594,WB7-C1,,CTA Master Flashcard Library v1.0 shared-core record; reconciled to final LCSW Stage 5B workbook/rationale lineage.,"Reconciled August 7, 2026; recheck high-change law, BBS guidance, examination administration, NASW ethics, and federal overlays at Stage 5D/release.","August 7, 2026",1.0,2026-08-07,Synchronized,Shared Core
CTA-EP-002-FC-0632,CTA-FC-0632,CTA-FC-0632,Active,KEEP-LCSW,Workbook 7,Cultural Humility & Bias,7,1,Cultural Humility and Culturally Responsive Practice,Application Principle,Cultural Humility Decision-Making - Part 1 of 2,What principle should guide the clinician’s decision?,The therapist has treated an interpretation as a fact without sufficient assessment. The strongest response combines cultural humility with competent clinical practice.,,WB7-C1-Q017,CTA-MQB-0595,WB7-C1,,CTA Master Flashcard Library v1.0 shared-core record; reconciled to final LCSW Stage 5B workbook/rationale lineage.,"Reconciled August 7, 2026; recheck high-change law, BBS guidance, examination administration, NASW ethics, and federal overlays at Stage 5D/release.","August 7, 2026",1.0,2026-08-07,Synchronized,Shared Core
CTA-EP-002-FC-0633,CTA-FC-0633,CTA-FC-0633,Active,KEEP-LCSW,Workbook 7,Cultural Humility & Bias,7,1,Cultural Humility and Culturally Responsive Practice,Application Principle,Cultural Humility Decision-Making - Part 2 of 2,"What additional rule, exception, or safeguard applies?","The therapist should: Listen without defensiveness Ask what the experiences mean to the client Assess cultural and spiritual context Evaluate distress, impairment, safety, duration, and other symptoms Consider alternative explanations Obtain consultation or education when needed Revise unsupported conclusions or documentation Repair the therapeutic relationship Monitor whether competent and fair treatment can continue Cultural context should not automatically rule out a clinical condition, but unfamiliar spiritual experiences should not be pathologized without individualized assessment.","For difficult cultural-assessment questions, use: Meaning → Context → Distress → Impairment → Alternatives → Consultation → Correction",WB7-C1-Q017,CTA-MQB-0595,WB7-C1,,CTA Master Flashcard Library v1.0 shared-core record; reconciled to final LCSW Stage 5B workbook/rationale lineage.,"Reconciled August 7, 2026; recheck high-change law, BBS guidance, examination administration, NASW ethics, and federal overlays at Stage 5D/release.","August 7, 2026",1.0,2026-08-07,Synchronized,Shared Core
CTA-EP-002-FC-0634,CTA-FC-0634,CTA-FC-0634,Active,KEEP-LCSW,Workbook 7,Cultural Humility & Bias,7,2,"Bias, Assumptions, and Ethical Decision-Making",Application Principle,Bias and Professional Conduct,What principle should guide the clinician’s decision?,"Clinicians may experience automatic reactions, assumptions, or preferences. The existence of an internal reaction does not by itself establish unethical conduct. The professional concern arises when bias influences assessment, diagnosis, risk evaluation, treatment, documentation, referral, or access to services without sufficient evidence or corrective action. Clinicians remain responsible for examining how their reactions may affect client welfare.",Remember: A thought requires awareness. A professional decision requires evidence.,WB7-C2-Q001,CTA-MQB-0596,WB7-C2,,CTA Master Flashcard Library v1.0 shared-core record; reconciled to final LCSW Stage 5B workbook/rationale lineage.,"Reconciled August 7, 2026; recheck high-change law, BBS guidance, examination administration, NASW ethics, and federal overlays at Stage 5D/release.","August 7, 2026",1.0,2026-08-07,Synchronized,Shared Core
CTA-EP-002-FC-0635,CTA-FC-0635,CTA-FC-0635,Active,KEEP-LCSW,Workbook 7,Cultural Humility & Bias,7,2,"Bias, Assumptions, and Ethical Decision-Making",Application Principle,Confirmation Bias,What principle should guide the clinician’s decision?,"Confirmation bias occurs when a clinician gives greater weight to information supporting an existing belief and minimizes or ignores information that challenges it. In this situation, the therapist’s early label begins directing later interpretation. Evidence consistent with manipulation is emphasized, while information suggesting trauma and fear is discounted.","When an early label appears, ask: What supports it? What contradicts it? What information has been ignored? What alternative explanations fit?",WB7-C2-Q002,CTA-MQB-0597,WB7-C2,,CTA Master Flashcard Library v1.0 shared-core record; reconciled to final LCSW Stage 5B workbook/rationale lineage.,"Reconciled August 7, 2026; recheck high-change law, BBS guidance, examination administration, NASW ethics, and federal overlays at Stage 5D/release.","August 7, 2026",1.0,2026-08-07,Synchronized,Shared Core
CTA-EP-002-FC-0636,CTA-FC-0636,CTA-FC-0636,Active,KEEP-LCSW,Workbook 7,Cultural Humility & Bias,7,2,"Bias, Assumptions, and Ethical Decision-Making",Application Principle,Unsupported Assumptions and Access Barriers,What principle should guide the clinician’s decision?,"Missed appointments are observable facts, but lack of motivation is an interpretation. Attendance may be affected by transportation, work schedules, childcare, finances, housing instability, disability, language, technology, or fear related to stigma or discrimination. The therapist should ask respectful questions, assess the barriers, and determine whether services can be made more accessible before labeling the client or taking major action.","Separate the fact from the interpretation: Fact: The client missed several appointments. Assumption: The client does not value treatment. Before acting on the assumption, investigate possible barriers.",WB7-C2-Q003,CTA-MQB-0598,WB7-C2,,CTA Master Flashcard Library v1.0 shared-core record; reconciled to final LCSW Stage 5B workbook/rationale lineage.,"Reconciled August 7, 2026; recheck high-change law, BBS guidance, examination administration, NASW ethics, and federal overlays at Stage 5D/release.","August 7, 2026",1.0,2026-08-07,Synchronized,Shared Core
CTA-EP-002-FC-0637,CTA-FC-0637,CTA-FC-0637,Active,KEEP-LCSW,Workbook 7,Cultural Humility & Bias,7,2,"Bias, Assumptions, and Ethical Decision-Making",Application Principle,Explicit and Implicit Bias,What principle should guide the clinician’s decision?,"Explicit bias refers to a belief or attitude the clinician consciously recognizes. Implicit bias involves automatic associations or reactions that may operate without immediate awareness. Both forms of bias can influence assessment, diagnosis, credibility judgments, risk evaluation, documentation, and treatment. The clinician remains responsible for examining their impact and using safeguards to prevent unfair or harmful professional decisions.",Do not equate: Unconscious = harmless The exam usually focuses on whether the bias affected a professional decision and whether the clinician responded responsibly.,WB7-C2-Q004,CTA-MQB-0599,WB7-C2,,CTA Master Flashcard Library v1.0 shared-core record; reconciled to final LCSW Stage 5B workbook/rationale lineage.,"Reconciled August 7, 2026; recheck high-change law, BBS guidance, examination administration, NASW ethics, and federal overlays at Stage 5D/release.","August 7, 2026",1.0,2026-08-07,Synchronized,Shared Core
CTA-EP-002-FC-0638,CTA-FC-0638,CTA-FC-0638,Active,KEEP-LCSW,Workbook 7,Cultural Humility & Bias,7,2,"Bias, Assumptions, and Ethical Decision-Making",Distinction,Fact vs. Interpretation,How should these concepts be separated on the exam?,"The observable facts are that the client spoke loudly and used intense gestures. “Aggressive” and “dangerous” are interpretations that require supporting evidence and an appropriate assessment. The therapist should distinguish observations from conclusions, evaluate actual threats, intent, behavior, context, and other relevant risk factors, and revise inaccurate documentation when necessary.",Ask: What was directly observed? What was inferred? What assessment supports the conclusion?,WB7-C2-Q005,CTA-MQB-0600,WB7-C2,,CTA Master Flashcard Library v1.0 shared-core record; reconciled to final LCSW Stage 5B workbook/rationale lineage.,"Reconciled August 7, 2026; recheck high-change law, BBS guidance, examination administration, NASW ethics, and federal overlays at Stage 5D/release.","August 7, 2026",1.0,2026-08-07,Synchronized,Shared Core
CTA-EP-002-FC-0639,CTA-FC-0639,CTA-FC-0639,Active,KEEP-LCSW,Workbook 7,Cultural Humility & Bias,7,2,"Bias, Assumptions, and Ethical Decision-Making",Application Principle,Consultation and Objectivity,What principle should guide the clinician’s decision?,"Consultation should help identify blind spots, challenge assumptions, examine contradictory evidence, and consider alternative explanations. Presenting only confirming information turns consultation into validation rather than objective review. The therapist should describe the facts as accurately and completely as possible, including evidence that supports and challenges the original conclusion.",Good consultation asks: “What might I be missing?” Confirmation-seeking consultation asks: “Please tell me I am right.”,WB7-C2-Q006,CTA-MQB-0601,WB7-C2,,CTA Master Flashcard Library v1.0 shared-core record; reconciled to final LCSW Stage 5B workbook/rationale lineage.,"Reconciled August 7, 2026; recheck high-change law, BBS guidance, examination administration, NASW ethics, and federal overlays at Stage 5D/release.","August 7, 2026",1.0,2026-08-07,Synchronized,Shared Core
CTA-EP-002-FC-0640,CTA-FC-0640,CTA-FC-0640,Active,KEEP-LCSW,Workbook 7,Cultural Humility & Bias,7,2,"Bias, Assumptions, and Ethical Decision-Making",Application Principle,Imposing Personal Values,What principle should guide the clinician’s decision?,"Therapists may hold personal values, but those values should not replace the client’s lawful goals or direct treatment toward the therapist’s moral approval. The therapist should focus on the client’s stated concern, explore the client’s own values and choices, and manage any personal reaction through self-reflection, supervision, or consultation.","Look for the difference between: Exploring the client’s values, and Steering the client toward the therapist’s values",WB7-C2-Q007,CTA-MQB-0602,WB7-C2,,CTA Master Flashcard Library v1.0 shared-core record; reconciled to final LCSW Stage 5B workbook/rationale lineage.,"Reconciled August 7, 2026; recheck high-change law, BBS guidance, examination administration, NASW ethics, and federal overlays at Stage 5D/release.","August 7, 2026",1.0,2026-08-07,Synchronized,Shared Core
CTA-EP-002-FC-0641,CTA-FC-0641,CTA-FC-0641,Active,KEEP-LCSW,Workbook 7,Cultural Humility & Bias,7,2,"Bias, Assumptions, and Ethical Decision-Making",Application Principle,Repairing Bias-Affected Treatment,What principle should guide the clinician’s decision?,"When bias or an assumption has affected care, the therapist should correct both the reasoning process and its consequences. This may involve reassessment, revision of the diagnosis or treatment plan, correction of inaccurate records, acknowledgment of the mistake, repair of the therapeutic relationship, and consultation or education. The therapist should also monitor for recurrence and determine whether fair and competent treatment can continue.",Use: Recognize → Assess impact → Correct → Repair → Learn → Monitor,WB7-C2-Q008,CTA-MQB-0603,WB7-C2,,CTA Master Flashcard Library v1.0 shared-core record; reconciled to final LCSW Stage 5B workbook/rationale lineage.,"Reconciled August 7, 2026; recheck high-change law, BBS guidance, examination administration, NASW ethics, and federal overlays at Stage 5D/release.","August 7, 2026",1.0,2026-08-07,Synchronized,Shared Core
CTA-EP-002-FC-0642,CTA-FC-0642,CTA-FC-0642,Active,KEEP-LCSW,Workbook 7,Cultural Humility & Bias,7,2,"Bias, Assumptions, and Ethical Decision-Making",Application Principle,Confirmation Bias in Clinical Decision-Making,What principle should guide the clinician’s decision?,"The therapist appears to be selectively emphasizing facts that support the original label while discounting meaningful contradictory evidence. This is characteristic of confirmation bias. The therapist should separate observable facts from interpretation, examine the complete pattern, ask about barriers, and revise documentation and treatment decisions when the evidence does not support the original conclusion.",Confirmation bias follows a common sequence: Early label → selective attention → contradictory evidence ignored → label feels increasingly certain Break the sequence by deliberately looking for evidence that challenges the initial belief.,WB7-C2-Q009,CTA-MQB-0604,WB7-C2,,CTA Master Flashcard Library v1.0 shared-core record; reconciled to final LCSW Stage 5B workbook/rationale lineage.,"Reconciled August 7, 2026; recheck high-change law, BBS guidance, examination administration, NASW ethics, and federal overlays at Stage 5D/release.","August 7, 2026",1.0,2026-08-07,Synchronized,Shared Core
CTA-EP-002-FC-0643,CTA-FC-0643,CTA-FC-0643,Active,KEEP-LCSW,Workbook 7,Cultural Humility & Bias,7,2,"Bias, Assumptions, and Ethical Decision-Making",Distinction,Information Gathering vs. Immediate Safety,How should these concepts be separated on the exam?,"Clinicians should ordinarily gather information and avoid unsupported conclusions. However, the workbook emphasizes that more information is not always required before acting when an immediate safety concern is present. The therapist should assess and address the credible, imminent risk promptly. Cultural context remains important, but it should not be used to delay necessary protective action when the available facts indicate serious danger.",Use this priority rule: Immediate danger → Protect firstNo immediate danger → Gather information before concluding,WB7-C2-Q010,CTA-MQB-0605,WB7-C2,,CTA Master Flashcard Library v1.0 shared-core record; reconciled to final LCSW Stage 5B workbook/rationale lineage.,"Reconciled August 7, 2026; recheck high-change law, BBS guidance, examination administration, NASW ethics, and federal overlays at Stage 5D/release.","August 7, 2026",1.0,2026-08-07,Synchronized,Shared Core
CTA-EP-002-FC-0644,CTA-FC-0644,CTA-FC-0644,Active,KEEP-LCSW,Workbook 7,Cultural Humility & Bias,7,2,"Bias, Assumptions, and Ethical Decision-Making",Application Principle,Assumptions,What principle should guide the clinician’s decision?,"An assumption is a conclusion reached before enough information has been gathered. Assumptions may feel reasonable, especially when they are based on prior experience, but they still require investigation. For example, concluding that a quiet client is resistant or that a client who misses appointments lacks motivation goes beyond the observable facts.",Treat an assumption as: A question to investigate - not a fact to act upon.,WB7-C2-Q011,CTA-MQB-0606,WB7-C2,,CTA Master Flashcard Library v1.0 shared-core record; reconciled to final LCSW Stage 5B workbook/rationale lineage.,"Reconciled August 7, 2026; recheck high-change law, BBS guidance, examination administration, NASW ethics, and federal overlays at Stage 5D/release.","August 7, 2026",1.0,2026-08-07,Synchronized,Shared Core
CTA-EP-002-FC-0645,CTA-FC-0645,CTA-FC-0645,Active,KEEP-LCSW,Workbook 7,Cultural Humility & Bias,7,2,"Bias, Assumptions, and Ethical Decision-Making",Application Principle,Stereotyping,What principle should guide the clinician’s decision?,"Stereotyping occurs when a clinician assumes that an individual client possesses particular beliefs, characteristics, abilities, or needs because of group membership. This may cause the clinician to overlook individual differences, ignore contradictory information, misinterpret behavior, or provide unequal treatment.","Use group knowledge to guide questions, never to determine the answer about an individual client.",WB7-C2-Q012,CTA-MQB-0607,WB7-C2,,CTA Master Flashcard Library v1.0 shared-core record; reconciled to final LCSW Stage 5B workbook/rationale lineage.,"Reconciled August 7, 2026; recheck high-change law, BBS guidance, examination administration, NASW ethics, and federal overlays at Stage 5D/release.","August 7, 2026",1.0,2026-08-07,Synchronized,Shared Core
CTA-EP-002-FC-0646,CTA-FC-0646,CTA-FC-0646,Active,ADAPT-LCSW,Workbook 7,Cultural Humility & Bias,7,2,"Bias, Assumptions, and Ethical Decision-Making",Application Principle,Bias and California Professional Discipline,What principle should guide the clinician’s decision?,"California does not classify every internal reaction, mistaken assumption, or unrecognized bias as a separate LCSW statutory violation. The legal and professional concern centers on resulting conduct; bias may become professionally significant when it contributes to incompetence, gross negligence, deception, unequal access, or intentional or reckless harm.",Separate internal reaction from resulting professional conduct; recognize and correct bias before it compromises care.,WB7-C2-Q013,CTA-MQB-0608,WB7-C2,,CTA Master Flashcard Library v1.0 shared-core record; reconciled to final LCSW Stage 5B workbook/rationale lineage.,"Reconciled August 7, 2026; recheck high-change law, BBS guidance, examination administration, NASW ethics, and federal overlays at Stage 5D/release.","August 7, 2026",1.0,2026-08-07,Synchronized,Shared Core
CTA-EP-002-FC-0647,CTA-FC-0647,CTA-FC-0647,Active,KEEP-LCSW,Workbook 7,Cultural Humility & Bias,7,2,"Bias, Assumptions, and Ethical Decision-Making",Application Principle,Referral Based on Discomfort,What principle should guide the clinician’s decision?,"Personal discomfort does not automatically establish lack of competence or justify transferring the client. The therapist should examine whether personal beliefs are affecting objectivity, behavior, treatment goals, or the quality of care. Consultation or supervision may help the therapist identify bias and maintain fair professional treatment. Referral becomes appropriate when the therapist cannot provide competent, nonjudgmental care despite reasonable corrective efforts.",Ask why referral is being considered: Client welfare and competence - or clinician discomfort and avoidance?,WB7-C2-Q014,CTA-MQB-0609,WB7-C2,,CTA Master Flashcard Library v1.0 shared-core record; reconciled to final LCSW Stage 5B workbook/rationale lineage.,"Reconciled August 7, 2026; recheck high-change law, BBS guidance, examination administration, NASW ethics, and federal overlays at Stage 5D/release.","August 7, 2026",1.0,2026-08-07,Synchronized,Shared Core
CTA-EP-002-FC-0648,CTA-FC-0648,CTA-FC-0648,Active,KEEP-LCSW,Workbook 7,Cultural Humility & Bias,7,2,"Bias, Assumptions, and Ethical Decision-Making",Application Principle,Bias in Credibility Assessment,What principle should guide the clinician’s decision?,"The therapist has reached a credibility judgment without sufficient information. The appropriate response is neither automatic belief nor automatic disbelief. The therapist should ask respectful questions, assess the experiences and their emotional or functional impact, distinguish known facts from interpretations, and consider whether personal bias is influencing the client’s credibility assessment.","Avoid two extremes: Automatically dismissing the report Treating every interpretation as proven fact The stronger response is respectful, evidence-based exploration.",WB7-C2-Q015,CTA-MQB-0610,WB7-C2,,CTA Master Flashcard Library v1.0 shared-core record; reconciled to final LCSW Stage 5B workbook/rationale lineage.,"Reconciled August 7, 2026; recheck high-change law, BBS guidance, examination administration, NASW ethics, and federal overlays at Stage 5D/release.","August 7, 2026",1.0,2026-08-07,Synchronized,Shared Core
CTA-EP-002-FC-0649,CTA-FC-0649,CTA-FC-0649,Active,KEEP-LCSW,Workbook 7,Cultural Humility & Bias,7,2,"Bias, Assumptions, and Ethical Decision-Making",Application Principle,Biased and Deceptive Documentation,What principle should guide the clinician’s decision?,"The original unsupported conclusion may have begun as a judgment error. Once the therapist receives contradictory evidence and knowingly preserves inaccurate statements to protect personal credibility, the concern becomes more serious. False or misleading documentation can affect future treatment, risk decisions, access to services, legal matters, and how other professionals understand the client. The therapist should correct the record through appropriate procedures and accurately document the reassessment.",Recognize the escalation: Mistaken impression → contradictory evidence → knowing refusal to correct The final step may transform a correctable error into dishonest professional conduct.,WB7-C2-Q016,CTA-MQB-0611,WB7-C2,,CTA Master Flashcard Library v1.0 shared-core record; reconciled to final LCSW Stage 5B workbook/rationale lineage.,"Reconciled August 7, 2026; recheck high-change law, BBS guidance, examination administration, NASW ethics, and federal overlays at Stage 5D/release.","August 7, 2026",1.0,2026-08-07,Synchronized,Shared Core
CTA-EP-002-FC-0650,CTA-FC-0650,CTA-FC-0650,Active,KEEP-LCSW,Workbook 7,Cultural Humility & Bias,7,2,"Bias, Assumptions, and Ethical Decision-Making",Application Principle,Bias-Informed Ethical Decision-Making,What principle should guide the clinician’s decision?,"The scenario reflects a pattern of premature judgment and confirmation bias. The therapist formed an early label, selectively noticed confirming information, ignored contradictory facts and access barriers, and allowed the assumption to influence documentation and continued access to treatment. The corrective response should address the entire process: Identify the original conclusion Separate observations from interpretations Explore practical barriers Review evidence supporting and challenging the conclusion Seek consultation that increases objectivity Correct inaccurate records Reevaluate treatment and discharge decisions Repair any harm to the therapeutic relationship Monitor for recurrence",Use the chapter’s corrective sequence: Conclusion → Facts vs. interpretation → Evidence → Client perspective → Alternatives → Impact → Correction,WB7-C2-Q017,CTA-MQB-0612,WB7-C2,,CTA Master Flashcard Library v1.0 shared-core record; reconciled to final LCSW Stage 5B workbook/rationale lineage.,"Reconciled August 7, 2026; recheck high-change law, BBS guidance, examination administration, NASW ethics, and federal overlays at Stage 5D/release.","August 7, 2026",1.0,2026-08-07,Synchronized,Shared Core
CTA-EP-002-FC-0669,CTA-FC-0669,CTA-FC-0669,Active,KEEP-LCSW,Workbook 8,Confidentiality & Information Sharing,8,1,"Confidentiality in Individual, Couple, Family, and Group Treatment",Distinction,Client Status vs. Participation,How should these concepts be separated on the exam?,"A person may attend a session, provide information, or support treatment without becoming a client. The therapist must determine what role was established and explained during informed consent. Because the spouse participated in one individual session, the spouse does not automatically gain access to the client’s treatment information, progress, or records. Disclosure still requires valid authorization or another lawful basis.",Do not assume: Present in the room = client First identify whether the person is a: Client Joint client Participant Collateral contact Personal representative Third party,WB8-C1-Q001,CTA-MQB-0630,WB8-C1,,CTA Master Flashcard Library v1.0 shared-core record; reconciled to final LCSW Stage 5B workbook/rationale lineage.,"Reconciled August 7, 2026; recheck high-change law, BBS guidance, examination administration, NASW ethics, and federal overlays at Stage 5D/release.","August 7, 2026",1.0,2026-08-07,Synchronized,Shared Core
CTA-EP-002-FC-0670,CTA-FC-0670,CTA-FC-0670,Active,KEEP-LCSW,Workbook 8,Confidentiality & Information Sharing,8,1,"Confidentiality in Individual, Couple, Family, and Group Treatment",Application Principle,Confirming Treatment Participation,What principle should guide the clinician’s decision?,"Even confirming that a person attends therapy may reveal confidential information. The therapist should first determine whether the client authorized communication with the sister or whether another lawful basis permits disclosure. The sister’s concern may be sincere, but concern and family status do not create authority to receive treatment information.",Watch for answers that say: “Only confirm attendance.” That may still disclose the existence of a treatment relationship.,WB8-C1-Q002,CTA-MQB-0631,WB8-C1,,CTA Master Flashcard Library v1.0 shared-core record; reconciled to final LCSW Stage 5B workbook/rationale lineage.,"Reconciled August 7, 2026; recheck high-change law, BBS guidance, examination administration, NASW ethics, and federal overlays at Stage 5D/release.","August 7, 2026",1.0,2026-08-07,Synchronized,Shared Core
CTA-EP-002-FC-0671,CTA-FC-0671,CTA-FC-0671,Active,KEEP-LCSW,Workbook 8,Confidentiality & Information Sharing,8,1,"Confidentiality in Individual, Couple, Family, and Group Treatment",Application Principle,Secrets Policies in Couple Therapy,What principle should guide the clinician’s decision?,"Separate communications in couple therapy can create divided loyalties and interfere with informed participation. The therapist should first review the policy established before treatment regarding individual contacts, private disclosures, and secrets. The policy may indicate that clinically relevant information cannot be kept indefinitely, may allow temporary confidentiality while disclosure is addressed, or may require case-by-case analysis. The therapist should apply the established policy consistently rather than improvise after the conflict arises.","When one partner reveals a secret, use: Review the policy before promising, disclosing, or terminating. A strong sequence is: Review the established secrets policy Assess how the information affects treatment Explain the consequences of continued secrecy Encourage appropriate disclosure Consult, pause, or transfer treatment when necessary",WB8-C1-Q003,CTA-MQB-0632,WB8-C1,,CTA Master Flashcard Library v1.0 shared-core record; reconciled to final LCSW Stage 5B workbook/rationale lineage.,"Reconciled August 7, 2026; recheck high-change law, BBS guidance, examination administration, NASW ethics, and federal overlays at Stage 5D/release.","August 7, 2026",1.0,2026-08-07,Synchronized,Shared Core
CTA-EP-002-FC-0672,CTA-FC-0672,CTA-FC-0672,Active,KEEP-LCSW,Workbook 8,Confidentiality & Information Sharing,8,1,"Confidentiality in Individual, Couple, Family, and Group Treatment",Application Principle,Information From Collateral Contacts,What principle should guide the clinician’s decision?,"A therapist may sometimes receive clinically relevant information from a collateral contact without disclosing confidential information in return. However, the therapist should not automatically promise to conceal the communication from the client. The therapist should consider: Whether the information is relevant to treatment Whether it should be documented Whether the client should be informed Whether continued collateral contact could create confusion or divided loyalties Whether the information raises an immediate safety concern The therapist should clarify these limits before agreeing to receive extensive information.","When someone says: “I need to tell you something, but you cannot tell the client,” do not promise secrecy automatically. First evaluate the information’s clinical relevance, documentation impact, and effect on treatment.",WB8-C1-Q004,CTA-MQB-0633,WB8-C1,,CTA Master Flashcard Library v1.0 shared-core record; reconciled to final LCSW Stage 5B workbook/rationale lineage.,"Reconciled August 7, 2026; recheck high-change law, BBS guidance, examination administration, NASW ethics, and federal overlays at Stage 5D/release.","August 7, 2026",1.0,2026-08-07,Synchronized,Shared Core
CTA-EP-002-FC-0673,CTA-FC-0673,CTA-FC-0673,Active,KEEP-LCSW,Workbook 8,Confidentiality & Information Sharing,8,1,"Confidentiality in Individual, Couple, Family, and Group Treatment",Application Principle,Family-Treatment Roles,What principle should guide the clinician’s decision?,"Attendance, payment, transportation, and close family involvement do not automatically create client status or authority to receive confidential information. The therapist must determine the grandmother’s actual role and whether the client authorized disclosure. If the grandmother claims legal authority, the therapist should verify that authority and its scope before sharing information.",The following do not automatically create access: Paying Providing transportation Attending sessions Being closely related Expressing concern,WB8-C1-Q005,CTA-MQB-0634,WB8-C1,,CTA Master Flashcard Library v1.0 shared-core record; reconciled to final LCSW Stage 5B workbook/rationale lineage.,"Reconciled August 7, 2026; recheck high-change law, BBS guidance, examination administration, NASW ethics, and federal overlays at Stage 5D/release.","August 7, 2026",1.0,2026-08-07,Synchronized,Shared Core
CTA-EP-002-FC-0674,CTA-FC-0674,CTA-FC-0674,Active,KEEP-LCSW,Workbook 8,Confidentiality & Information Sharing,8,1,"Confidentiality in Individual, Couple, Family, and Group Treatment",Application Principle,Limits of Group Confidentiality,What principle should guide the clinician’s decision?,"The therapist is responsible for maintaining professional confidentiality, explaining group expectations, reinforcing those expectations, and addressing violations. However, the therapist cannot fully control what individual members disclose after leaving the group. Prospective members should understand this limitation before agreeing to participate.",Remember: Group confidentiality may be expected and reinforced - but not guaranteed.,WB8-C1-Q006,CTA-MQB-0635,WB8-C1,,CTA Master Flashcard Library v1.0 shared-core record; reconciled to final LCSW Stage 5B workbook/rationale lineage.,"Reconciled August 7, 2026; recheck high-change law, BBS guidance, examination administration, NASW ethics, and federal overlays at Stage 5D/release.","August 7, 2026",1.0,2026-08-07,Synchronized,Shared Core
CTA-EP-002-FC-0675,CTA-FC-0675,CTA-FC-0675,Active,KEEP-LCSW,Workbook 8,Confidentiality & Information Sharing,8,1,"Confidentiality in Individual, Couple, Family, and Group Treatment",Application Principle,Multi-Person Treatment Records,What principle should guide the clinician’s decision?,A multi-person record may contain protected information about more than one client or participant. One partner’s signature does not automatically resolve the other partner’s confidentiality interests. The therapist should evaluate: Who holds client status How the record was structured What policies governed separate communications Whether the authorization covers the proposed disclosure Whether the signer may authorize release of the entire record Whether information can be separated or disclosed more narrowly,"For joint records, ask: Who signed - and whose information would actually be released?",WB8-C1-Q007,CTA-MQB-0636,WB8-C1,,CTA Master Flashcard Library v1.0 shared-core record; reconciled to final LCSW Stage 5B workbook/rationale lineage.,"Reconciled August 7, 2026; recheck high-change law, BBS guidance, examination administration, NASW ethics, and federal overlays at Stage 5D/release.","August 7, 2026",1.0,2026-08-07,Synchronized,Shared Core
CTA-EP-002-FC-0676,CTA-FC-0676,CTA-FC-0676,Active,KEEP-LCSW,Workbook 8,Confidentiality & Information Sharing,8,1,"Confidentiality in Individual, Couple, Family, and Group Treatment",Application Principle,Individual Treatment With Family Participation,What principle should guide the clinician’s decision?,"A person may participate in treatment without becoming a client or joint client. The therapist must look at how the treatment relationship was established, who is receiving services, who consented, and what applicable minor-consent and parental-access rules permit. Occasional participation for support or coordination does not automatically transform individual treatment into family therapy or create unrestricted access to the teenager’s communications.",Separate: Who participates Who receives treatment Who has legal authority Who may receive information These are not always the same person.,WB8-C1-Q008,CTA-MQB-0637,WB8-C1,,CTA Master Flashcard Library v1.0 shared-core record; reconciled to final LCSW Stage 5B workbook/rationale lineage.,"Reconciled August 7, 2026; recheck high-change law, BBS guidance, examination administration, NASW ethics, and federal overlays at Stage 5D/release.","August 7, 2026",1.0,2026-08-07,Synchronized,Shared Core
CTA-EP-002-FC-0677,CTA-FC-0677,CTA-FC-0677,Active,KEEP-LCSW,Workbook 8,Confidentiality & Information Sharing,8,1,"Confidentiality in Individual, Couple, Family, and Group Treatment",Application Principle,Secret That Disrupts Couple Treatment,What principle should guide the clinician’s decision?,"The therapist should apply the policy established during informed consent and explain how the secret affects the integrity of couple treatment. The therapist may encourage the partner to disclose the information, support a plan for disclosure, and clarify that treatment cannot continue normally if the therapist must mislead the other joint client. Consultation, pausing treatment, or arranging transfer may be appropriate when the role becomes unworkable.",A no-secrets policy does not mean: “The therapist immediately reveals everything.” It means the therapist should not agree to preserve treatment-disrupting secrets indefinitely and may need to reconsider whether joint treatment can continue.,WB8-C1-Q009,CTA-MQB-0638,WB8-C1,,CTA Master Flashcard Library v1.0 shared-core record; reconciled to final LCSW Stage 5B workbook/rationale lineage.,"Reconciled August 7, 2026; recheck high-change law, BBS guidance, examination administration, NASW ethics, and federal overlays at Stage 5D/release.","August 7, 2026",1.0,2026-08-07,Synchronized,Shared Core
CTA-EP-002-FC-0678,CTA-FC-0678,CTA-FC-0678,Active,KEEP-LCSW,Workbook 8,Confidentiality & Information Sharing,8,1,"Confidentiality in Individual, Couple, Family, and Group Treatment",Application Principle,Integrated Multi-Person Confidentiality Analysis,What principle should guide the clinician’s decision?,The therapist must slow down and analyze several separate issues: Who was identified as a client Whether the family or individual members were the treatment unit What policy governed separate emails Whose confidential information appears in the file Whether the parent has legal or client authority Whether the information can be separated Whether authorization or another lawful basis exists Payment and administrative involvement do not automatically determine access. The therapist must protect every affected client or participant from unnecessary disclosure.,"For complex family-treatment questions, use this sequence: SETTING → CLIENTS → INFORMATION → POLICY → AUTHORITY → DISCLOSURE Do not begin with the requester’s relationship, payment, or level of involvement.",WB8-C1-Q010,CTA-MQB-0639,WB8-C1,,CTA Master Flashcard Library v1.0 shared-core record; reconciled to final LCSW Stage 5B workbook/rationale lineage.,"Reconciled August 7, 2026; recheck high-change law, BBS guidance, examination administration, NASW ethics, and federal overlays at Stage 5D/release.","August 7, 2026",1.0,2026-08-07,Synchronized,Shared Core
CTA-EP-002-FC-0679,CTA-FC-0679,CTA-FC-0679,Active,KEEP-LCSW,Workbook 8,Confidentiality & Information Sharing,8,1,"Confidentiality in Individual, Couple, Family, and Group Treatment",Application Principle,Collateral Contacts,What principle should guide the clinician’s decision?,"A collateral contact provides information or support related to treatment without necessarily receiving therapy. The teacher’s contribution may be clinically useful, but it does not automatically create client status or a right to receive information in return. Before disclosing anything to the teacher, the therapist must identify a valid authorization or another lawful basis.",Remember: Information may flow into treatment without automatically flowing back out.,WB8-C1-Q011,CTA-MQB-0640,WB8-C1,,CTA Master Flashcard Library v1.0 shared-core record; reconciled to final LCSW Stage 5B workbook/rationale lineage.,"Reconciled August 7, 2026; recheck high-change law, BBS guidance, examination administration, NASW ethics, and federal overlays at Stage 5D/release.","August 7, 2026",1.0,2026-08-07,Synchronized,Shared Core
CTA-EP-002-FC-0680,CTA-FC-0680,CTA-FC-0680,Active,KEEP-LCSW,Workbook 8,Confidentiality & Information Sharing,8,1,"Confidentiality in Individual, Couple, Family, and Group Treatment",Application Principle,Family Involvement and Confidentiality,What principle should guide the clinician’s decision?,"Family treatment may involve joint clients, individual clients, participants, and collateral contacts. Those roles do not automatically carry identical confidentiality or access rights. The therapist must determine who is receiving professional services, what policies were established, whose information is involved, and whether authorization or another lawful basis supports disclosure.",Family participation does not erase confidentiality. Identify CLIENT STATUS → AGREEMENTS → AUTHORITY before sharing information.,WB8-C1-Q012,CTA-MQB-0641,WB8-C1,,CTA Master Flashcard Library v1.0 shared-core record; reconciled to final LCSW Stage 5B workbook/rationale lineage.,"Reconciled August 7, 2026; recheck high-change law, BBS guidance, examination administration, NASW ethics, and federal overlays at Stage 5D/release.","August 7, 2026",1.0,2026-08-07,Synchronized,Shared Core
CTA-EP-002-FC-0681,CTA-FC-0681,CTA-FC-0681,Active,KEEP-LCSW,Workbook 8,Confidentiality & Information Sharing,8,1,"Confidentiality in Individual, Couple, Family, and Group Treatment",First-Step Rule,First Step in Multi-Person Treatment,What is the strongest first response or sequence?,"Client status determines whose rights, information, and professional interests may be involved. Before deciding whether information may be shared, the therapist must know whether treatment involves one client, joint clients, a family treatment unit, or a combination of clients and participants. Once client status is clear, the therapist can evaluate the treatment agreements, information involved, requester’s authority, and lawful basis for disclosure.","In multi-person treatment, start with: Who is the client? Not: Who is the relative, payer, organizer, or most involved participant?",WB8-C1-Q013,CTA-MQB-0642,WB8-C1,,CTA Master Flashcard Library v1.0 shared-core record; reconciled to final LCSW Stage 5B workbook/rationale lineage.,"Reconciled August 7, 2026; recheck high-change law, BBS guidance, examination administration, NASW ethics, and federal overlays at Stage 5D/release.","August 7, 2026",1.0,2026-08-07,Synchronized,Shared Core
CTA-EP-002-FC-0682,CTA-FC-0682,CTA-FC-0682,Active,KEEP-LCSW,Workbook 8,Confidentiality & Information Sharing,8,1,"Confidentiality in Individual, Couple, Family, and Group Treatment",Risk Management,Group Confidentiality Breach,What risk-management principle should guide the response?,"The therapist cannot undo the disclosure or guarantee another member’s future behavior. The therapist can investigate what occurred, address the violating conduct, reinforce group expectations, assess the impact on the affected member and the group, and consider corrective action. Depending on the seriousness and circumstances, the therapist may also need to modify participation, revisit informed consent, provide support, and document the incident.","After a group breach, use: Assess → Address → Reinforce → Evaluate impact → Correct → Document",WB8-C1-Q014,CTA-MQB-0643,WB8-C1,,CTA Master Flashcard Library v1.0 shared-core record; reconciled to final LCSW Stage 5B workbook/rationale lineage.,"Reconciled August 7, 2026; recheck high-change law, BBS guidance, examination administration, NASW ethics, and federal overlays at Stage 5D/release.","August 7, 2026",1.0,2026-08-07,Synchronized,Shared Core
CTA-EP-002-FC-0683,CTA-FC-0683,CTA-FC-0683,Active,KEEP-LCSW,Workbook 8,Confidentiality & Information Sharing,8,1,"Confidentiality in Individual, Couple, Family, and Group Treatment",Application Principle,No Established Secrets Policy,What principle should guide the clinician’s decision?,"The therapist should not invent a retroactive policy and apply it as though both partners previously understood and accepted it. The therapist should also avoid promising secrecy that may make joint treatment deceptive or unworkable. The stronger response is to recognize the informed-consent gap, assess the information’s relevance to treatment, discuss the consequences of continued concealment with the disclosing partner, clarify how future communications will be handled, and obtain consultation when necessary. Joint treatment may need to be paused or transferred if the therapist cannot proceed without misleading another client.",No established policy does not mean: Disclose automatically Promise secrecy automatically Ignore the secret It means the therapist must address the unclear expectations and determine whether treatment can continue ethically.,WB8-C1-Q015,CTA-MQB-0644,WB8-C1,,CTA Master Flashcard Library v1.0 shared-core record; reconciled to final LCSW Stage 5B workbook/rationale lineage.,"Reconciled August 7, 2026; recheck high-change law, BBS guidance, examination administration, NASW ethics, and federal overlays at Stage 5D/release.","August 7, 2026",1.0,2026-08-07,Synchronized,Shared Core
CTA-EP-002-FC-0684,CTA-FC-0684,CTA-FC-0684,Active,KEEP-LCSW,Workbook 8,Confidentiality & Information Sharing,8,1,"Confidentiality in Individual, Couple, Family, and Group Treatment",Application Principle,Conflicting Rights in a Family Record,What principle should guide the clinician’s decision?,"The record may implicate several people’s confidentiality and access interests. The therapist must determine whether the requesting parent is a client, joint client, participant, or representative and whether that status creates access to some or all of the record. The therapist should also evaluate the adult child’s separate information, the collateral contact’s statements, the treatment agreements, and whether a narrower disclosure can protect affected individuals while honoring any lawful access right.","For multi-person records, review: Clients → Requester → Authority → Record structure → Other people’s information → Possible separation",WB8-C1-Q016,CTA-MQB-0645,WB8-C1,,CTA Master Flashcard Library v1.0 shared-core record; reconciled to final LCSW Stage 5B workbook/rationale lineage.,"Reconciled August 7, 2026; recheck high-change law, BBS guidance, examination administration, NASW ethics, and federal overlays at Stage 5D/release.","August 7, 2026",1.0,2026-08-07,Synchronized,Shared Core
CTA-EP-002-FC-0685,CTA-FC-0685,CTA-FC-0685,Active,KEEP-LCSW,Workbook 8,Confidentiality & Information Sharing,8,1,"Confidentiality in Individual, Couple, Family, and Group Treatment",Application Principle,Couple-Therapy Confidentiality and Records - Part 1 of 2,What principle should guide the clinician’s decision?,"The scenario presents two related but distinct confidentiality problems. First, the therapist must apply the limited-secrets policy to the private disclosure. The therapist should explain why indefinite concealment may undermine joint treatment, encourage appropriate disclosure, and consider whether treatment can continue if the issue remains unresolved. Second, the record request requires its own analysis.",,WB8-C1-Q017,CTA-MQB-0646,WB8-C1,,CTA Master Flashcard Library v1.0 shared-core record; reconciled to final LCSW Stage 5B workbook/rationale lineage.,"Reconciled August 7, 2026; recheck high-change law, BBS guidance, examination administration, NASW ethics, and federal overlays at Stage 5D/release.","August 7, 2026",1.0,2026-08-07,Synchronized,Shared Core
CTA-EP-002-FC-0686,CTA-FC-0686,CTA-FC-0686,Active,KEEP-LCSW,Workbook 8,Confidentiality & Information Sharing,8,1,"Confidentiality in Individual, Couple, Family, and Group Treatment",Application Principle,Couple-Therapy Confidentiality and Records - Part 2 of 2,"What additional rule, exception, or safeguard applies?","The therapist must determine: Whether the requester seeks direct access or third-party disclosure What authorization or legal authority exists How the joint record was maintained Whether the file contains separate communications Whether releasing the entire record would expose the other partner’s protected information Whether a narrower or separated response is legally appropriate The request for records does not automatically resolve the secret, and the secret does not automatically eliminate applicable access rights.","When a question contains both a secret and a record request, separate the issues: Secret: Apply the treatment agreement and assess whether joint treatment remains workable. Record request: Identify access or disclosure rights, authority, scope, and other protected information.",WB8-C1-Q017,CTA-MQB-0646,WB8-C1,,CTA Master Flashcard Library v1.0 shared-core record; reconciled to final LCSW Stage 5B workbook/rationale lineage.,"Reconciled August 7, 2026; recheck high-change law, BBS guidance, examination administration, NASW ethics, and federal overlays at Stage 5D/release.","August 7, 2026",1.0,2026-08-07,Synchronized,Shared Core
CTA-EP-002-FC-0687,CTA-FC-0687,CTA-FC-0687,Active,KEEP-LCSW,Workbook 8,Confidentiality & Information Sharing,8,2,"Authorizations, Releases of Information, and Limits on Disclosure",Legal Rule,Purpose of an Authorization,"What legal rule, authority, or timing requirement applies?","An authorization is the client’s or authorized representative’s permission for a defined use or disclosure of confidential information. It should identify what may be disclosed, who may disclose it, who may receive it, the purpose, and when the authorization expires. The authorization creates permission only within its stated scope. The therapist must still confirm that the form is valid and that the planned disclosure matches what the client actually authorized.","Think: Authorization = specific permission, not unlimited access.",WB8-C2-Q001,CTA-MQB-0647,WB8-C2,,CTA Master Flashcard Library v1.0 shared-core record; reconciled to final LCSW Stage 5B workbook/rationale lineage.,"Reconciled August 7, 2026; recheck high-change law, BBS guidance, examination administration, NASW ethics, and federal overlays at Stage 5D/release.","August 7, 2026",1.0,2026-08-07,Synchronized,Shared Core
CTA-EP-002-FC-0688,CTA-FC-0688,CTA-FC-0688,Active,KEEP-LCSW,Workbook 8,Confidentiality & Information Sharing,8,2,"Authorizations, Releases of Information, and Limits on Disclosure",Legal Rule,Valid Authorization Elements,"What legal rule, authority, or timing requirement applies?",A signature is only one element of a valid authorization. The intended recipient must be meaningfully identified so the therapist knows who is permitted to receive the information. The therapist should not fill this gap through assumption. The client should clarify or complete the document before any disclosure occurs.,"When a question says, “The client signed the release,” keep reading. Check: Recipient Information Purpose Expiration Signer’s authority Revocation status",WB8-C2-Q002,CTA-MQB-0648,WB8-C2,,CTA Master Flashcard Library v1.0 shared-core record; reconciled to final LCSW Stage 5B workbook/rationale lineage.,"Reconciled August 7, 2026; recheck high-change law, BBS guidance, examination administration, NASW ethics, and federal overlays at Stage 5D/release.","August 7, 2026",1.0,2026-08-07,Synchronized,Shared Core
CTA-EP-002-FC-0689,CTA-FC-0689,CTA-FC-0689,Active,KEEP-LCSW,Workbook 8,Confidentiality & Information Sharing,8,2,"Authorizations, Releases of Information, and Limits on Disclosure",Application Principle,Scope of Authorized Disclosure,What principle should guide the clinician’s decision?,"The authorization permits disclosure of appointment dates and attendance information. It does not authorize disclosure of the diagnosis, symptoms, treatment plan, or other clinical details. The therapist should match the disclosure precisely to the authorized scope. The employer’s request cannot expand the client’s permission.",Use the scope-matching test: Information authorized = information released Do not expand the release merely because the requester asks for more.,WB8-C2-Q003,CTA-MQB-0649,WB8-C2,,CTA Master Flashcard Library v1.0 shared-core record; reconciled to final LCSW Stage 5B workbook/rationale lineage.,"Reconciled August 7, 2026; recheck high-change law, BBS guidance, examination administration, NASW ethics, and federal overlays at Stage 5D/release.","August 7, 2026",1.0,2026-08-07,Synchronized,Shared Core
CTA-EP-002-FC-0690,CTA-FC-0690,CTA-FC-0690,Active,KEEP-LCSW,Workbook 8,Confidentiality & Information Sharing,8,2,"Authorizations, Releases of Information, and Limits on Disclosure",Legal Rule,Signer Authority,"What legal rule, authority, or timing requirement applies?","Being the client’s parent does not automatically give the mother authority to authorize disclosure for a competent adult. The therapist must determine whether she is a legally recognized personal representative and verify the scope of that authority. Possible authority might arise from a valid health-care decision-making document, conservatorship, court order, or another lawful arrangement. Without verified authority or the client’s authorization, the therapist should not release information.",Do not assume automatic authority based on titles such as: Parent Spouse Adult child Caregiver Close relative Look for verified personal-representative authority.,WB8-C2-Q004,CTA-MQB-0650,WB8-C2,,CTA Master Flashcard Library v1.0 shared-core record; reconciled to final LCSW Stage 5B workbook/rationale lineage.,"Reconciled August 7, 2026; recheck high-change law, BBS guidance, examination administration, NASW ethics, and federal overlays at Stage 5D/release.","August 7, 2026",1.0,2026-08-07,Synchronized,Shared Core
CTA-EP-002-FC-0691,CTA-FC-0691,CTA-FC-0691,Active,KEEP-LCSW,Workbook 8,Confidentiality & Information Sharing,8,2,"Authorizations, Releases of Information, and Limits on Disclosure",Legal Rule,Expired Authorization,"What legal rule, authority, or timing requirement applies?","An expired authorization no longer supports a new disclosure. The fact that the school lawfully received information in the past does not extend the authorization beyond its stated expiration date or event. The therapist should obtain a new authorization containing the necessary elements before releasing the current progress summary, unless another lawful basis independently permits disclosure.",Pay close attention to dates hidden in the stem. Previously authorized does not mean currently authorized.,WB8-C2-Q005,CTA-MQB-0651,WB8-C2,,CTA Master Flashcard Library v1.0 shared-core record; reconciled to final LCSW Stage 5B workbook/rationale lineage.,"Reconciled August 7, 2026; recheck high-change law, BBS guidance, examination administration, NASW ethics, and federal overlays at Stage 5D/release.","August 7, 2026",1.0,2026-08-07,Synchronized,Shared Core
CTA-EP-002-FC-0692,CTA-FC-0692,CTA-FC-0692,Active,KEEP-LCSW,Workbook 8,Confidentiality & Information Sharing,8,2,"Authorizations, Releases of Information, and Limits on Disclosure",Application Principle,Revocation,What principle should guide the clinician’s decision?,"Revocation generally prevents future reliance on the authorization. The therapist should document the revocation, update the release-tracking process, notify relevant staff when necessary, and stop future disclosures covered by the revoked permission. The therapist should still consider whether another independent legal basis permits or requires disclosure, but the revoked authorization itself can no longer be used.",Remember the distinction: Expiration: Permission ends according to a date or event. Revocation: The client actively withdraws permission. Both generally stop future reliance.,WB8-C2-Q006,CTA-MQB-0652,WB8-C2,,CTA Master Flashcard Library v1.0 shared-core record; reconciled to final LCSW Stage 5B workbook/rationale lineage.,"Reconciled August 7, 2026; recheck high-change law, BBS guidance, examination administration, NASW ethics, and federal overlays at Stage 5D/release.","August 7, 2026",1.0,2026-08-07,Synchronized,Shared Core
CTA-EP-002-FC-0693,CTA-FC-0693,CTA-FC-0693,Active,KEEP-LCSW,Workbook 8,Confidentiality & Information Sharing,8,2,"Authorizations, Releases of Information, and Limits on Disclosure",Legal Rule,Electronic and Copied Authorizations,"What legal rule, authority, or timing requirement applies?","Electronic or scanned authorizations may be valid when applicable requirements are satisfied, but the therapist must still review their completeness, legibility, authenticity, and apparent integrity. A reasonably suspected alteration should be clarified before information is released. The therapist should confirm the client’s intent and ensure that the identified recipient matches the client’s authorization.","For electronic releases, check: Complete → Legible → Authentic → Unaltered → Correct recipient → Secure destination",WB8-C2-Q007,CTA-MQB-0653,WB8-C2,,CTA Master Flashcard Library v1.0 shared-core record; reconciled to final LCSW Stage 5B workbook/rationale lineage.,"Reconciled August 7, 2026; recheck high-change law, BBS guidance, examination administration, NASW ethics, and federal overlays at Stage 5D/release.","August 7, 2026",1.0,2026-08-07,Synchronized,Shared Core
CTA-EP-002-FC-0694,CTA-FC-0694,CTA-FC-0694,Active,KEEP-LCSW,Workbook 8,Confidentiality & Information Sharing,8,3,"Privacy, Protected Health Information, and HIPAA",Application Principle,Psychotherapy Notes,What principle should guide the clinician’s decision?,Psychotherapy notes are narrowly defined notes documenting or analyzing counseling-session conversations that are maintained separately from the general clinical record. Their separate content and storage give them special protection under HIPAA.,Use the clue: Separate storage + session analysis,"WB8-C2-Q008, WB8-C3-Q013","CTA-MQB-0654, CTA-MQB-0676",WB8-C3,,CTA Master Flashcard Library v1.0 shared-core record; reconciled to final LCSW Stage 5B workbook/rationale lineage.,"Reconciled August 7, 2026; recheck high-change law, BBS guidance, examination administration, NASW ethics, and federal overlays at Stage 5D/release.","August 7, 2026",1.0,2026-08-07,Synchronized,Shared Core
CTA-EP-002-FC-0695,CTA-FC-0695,CTA-FC-0695,Active,KEEP-LCSW,Workbook 8,Confidentiality & Information Sharing,8,2,"Authorizations, Releases of Information, and Limits on Disclosure",Legal Rule,Broad Authorization and Sensitive Information,"What legal rule, authority, or timing requirement applies?","A broad authorization should not be treated as an instruction to release every sensitive detail without review. The therapist should ensure that the client understands the scope, determine whether the requested information is appropriate for the stated disability purpose, and assess whether collateral or third-party information requires protection. Separately maintained psychotherapy notes require additional analysis and generally specific authorization. The therapist should also verify the recipient, expiration, revocation status, and secure destination before releasing anything.","A broad release creates an outer boundary, not an automatic command to disclose every page. Ask: What does the client understand? What serves the stated purpose? Are third parties affected? Are psychotherapy notes involved? Is a narrower disclosure appropriate?",WB8-C2-Q009,CTA-MQB-0655,WB8-C2,,CTA Master Flashcard Library v1.0 shared-core record; reconciled to final LCSW Stage 5B workbook/rationale lineage.,"Reconciled August 7, 2026; recheck high-change law, BBS guidance, examination administration, NASW ethics, and federal overlays at Stage 5D/release.","August 7, 2026",1.0,2026-08-07,Synchronized,Shared Core
CTA-EP-002-FC-0696,CTA-FC-0696,CTA-FC-0696,Active,KEEP-LCSW,Workbook 8,Confidentiality & Information Sharing,8,2,"Authorizations, Releases of Information, and Limits on Disclosure",Legal Rule,Authorization for a Multi-Person Record,"What legal rule, authority, or timing requirement applies?","The authorization may be facially complete, but one partner’s signature does not automatically authorize disclosure of every other person’s information in a multi-person record. The therapist must examine: Joint-client status How the record was maintained Policies governing separate communications Whether the signer has authority over the entire file The other partner’s confidential information Information concerning the children Whether parts of the record can be separated Whether narrower disclosure or legal consultation is appropriate A valid signature is only one part of the analysis.","For multi-person authorizations, ask: Who signed - and whose information would leave the file? Do not confuse a valid-looking form with valid authority over everyone’s information.",WB8-C2-Q010,CTA-MQB-0656,WB8-C2,,CTA Master Flashcard Library v1.0 shared-core record; reconciled to final LCSW Stage 5B workbook/rationale lineage.,"Reconciled August 7, 2026; recheck high-change law, BBS guidance, examination administration, NASW ethics, and federal overlays at Stage 5D/release.","August 7, 2026",1.0,2026-08-07,Synchronized,Shared Core
CTA-EP-002-FC-0697,CTA-FC-0697,CTA-FC-0697,Active,KEEP-LCSW,Workbook 8,Confidentiality & Information Sharing,8,2,"Authorizations, Releases of Information, and Limits on Disclosure",Distinction,Authorization vs. Informed Consent,How should these concepts be separated on the exam?,"Informed consent explains the nature of treatment, relevant risks and benefits, policies, fees, confidentiality limits, and client choices. It supports the client’s decision to participate in services. An authorization serves a different purpose. It permits identified information to be used or disclosed to a particular recipient for a stated purpose and period.",Do not confuse: Consent to treatmentwithPermission to disclose information,WB8-C2-Q011,CTA-MQB-0657,WB8-C2,,CTA Master Flashcard Library v1.0 shared-core record; reconciled to final LCSW Stage 5B workbook/rationale lineage.,"Reconciled August 7, 2026; recheck high-change law, BBS guidance, examination administration, NASW ethics, and federal overlays at Stage 5D/release.","August 7, 2026",1.0,2026-08-07,Synchronized,Shared Core
CTA-EP-002-FC-0698,CTA-FC-0698,CTA-FC-0698,Active,KEEP-LCSW,Workbook 8,Confidentiality & Information Sharing,8,2,"Authorizations, Releases of Information, and Limits on Disclosure",Application Principle,Attorney Requests,What principle should guide the clinician’s decision?,"An attorney’s letter is a request, not automatic authority to receive confidential information. The therapist should determine whether the client has provided a valid authorization or whether some other lawful process supports disclosure. The therapist must identify what legal document actually exists before deciding how to respond.",Sort the document before acting: Attorney letter → request only Authorization → verify scope Subpoena → separate legal analysis Court order → review exact direction,WB8-C2-Q012,CTA-MQB-0658,WB8-C2,,CTA Master Flashcard Library v1.0 shared-core record; reconciled to final LCSW Stage 5B workbook/rationale lineage.,"Reconciled August 7, 2026; recheck high-change law, BBS guidance, examination administration, NASW ethics, and federal overlays at Stage 5D/release.","August 7, 2026",1.0,2026-08-07,Synchronized,Shared Core
CTA-EP-002-FC-0699,CTA-FC-0699,CTA-FC-0699,Active,KEEP-LCSW,Workbook 8,Confidentiality & Information Sharing,8,2,"Authorizations, Releases of Information, and Limits on Disclosure",Application Principle,Professional Requesters,What principle should guide the clinician’s decision?,"Another provider’s involvement does not automatically create unrestricted access to the client’s entire record. The therapist should determine whether authorization is required, whether another legal basis applies, what information is clinically relevant, and whether specially protected material is involved. Care coordination may support disclosure in some circumstances, but it does not automatically justify sending the complete file.","Professional requester does not mean automatic access. Ask: What authority applies, and what information is actually needed?",WB8-C2-Q013,CTA-MQB-0659,WB8-C2,,CTA Master Flashcard Library v1.0 shared-core record; reconciled to final LCSW Stage 5B workbook/rationale lineage.,"Reconciled August 7, 2026; recheck high-change law, BBS guidance, examination administration, NASW ethics, and federal overlays at Stage 5D/release.","August 7, 2026",1.0,2026-08-07,Synchronized,Shared Core
CTA-EP-002-FC-0700,CTA-FC-0700,CTA-FC-0700,Active,KEEP-LCSW,Workbook 8,Confidentiality & Information Sharing,8,2,"Authorizations, Releases of Information, and Limits on Disclosure",Application Principle,Verifying the Destination,What principle should guide the clinician’s decision?,"A valid authorization does not prevent a confidentiality breach caused by sending information to the wrong destination. The therapist should verify the recipient and delivery information before transmitting records. The therapist should also confirm that the correct client document is attached, use an appropriate secure method, and document the disclosure.","Before sending, verify: Recipient → Address → Attachment → Secure method",WB8-C2-Q014,CTA-MQB-0660,WB8-C2,,CTA Master Flashcard Library v1.0 shared-core record; reconciled to final LCSW Stage 5B workbook/rationale lineage.,"Reconciled August 7, 2026; recheck high-change law, BBS guidance, examination administration, NASW ethics, and federal overlays at Stage 5D/release.","August 7, 2026",1.0,2026-08-07,Synchronized,Shared Core
CTA-EP-002-FC-0701,CTA-FC-0701,CTA-FC-0701,Active,KEEP-LCSW,Workbook 8,Confidentiality & Information Sharing,8,2,"Authorizations, Releases of Information, and Limits on Disclosure",Application Principle,Purpose Mismatch,What principle should guide the clinician’s decision?,"A valid authorization is limited not only by the recipient and information described but also by its stated purpose. Permission to use records for workplace accommodation may not authorize their use in unrelated custody litigation. The therapist should review the exact language, clarify the client’s intent, and obtain a new or revised authorization when the new use falls outside the original scope.",Match all four: Recipient + Information + Purpose + Time period A match in only one or two areas is not enough.,WB8-C2-Q015,CTA-MQB-0661,WB8-C2,,CTA Master Flashcard Library v1.0 shared-core record; reconciled to final LCSW Stage 5B workbook/rationale lineage.,"Reconciled August 7, 2026; recheck high-change law, BBS guidance, examination administration, NASW ethics, and federal overlays at Stage 5D/release.","August 7, 2026",1.0,2026-08-07,Synchronized,Shared Core
CTA-EP-002-FC-0702,CTA-FC-0702,CTA-FC-0702,Active,KEEP-LCSW,Workbook 8,Confidentiality & Information Sharing,8,2,"Authorizations, Releases of Information, and Limits on Disclosure",Application Principle,Employer Requests and Professional Role,What principle should guide the clinician’s decision?,"An authorization permits disclosure but does not require the therapist to provide opinions beyond the therapist’s role, competence, or available clinical basis. A treating therapist may not be positioned to make a comprehensive occupational fitness determination. The therapist should clarify what limited information was authorized, explain the limits of the treating role, and avoid unsupported conclusions. A separate qualified evaluator may be needed for a formal fitness-for-duty opinion.",A release answers: “May information be disclosed?” It does not automatically answer: “Is the therapist qualified to give the requested opinion?”,WB8-C2-Q016,CTA-MQB-0662,WB8-C2,,CTA Master Flashcard Library v1.0 shared-core record; reconciled to final LCSW Stage 5B workbook/rationale lineage.,"Reconciled August 7, 2026; recheck high-change law, BBS guidance, examination administration, NASW ethics, and federal overlays at Stage 5D/release.","August 7, 2026",1.0,2026-08-07,Synchronized,Shared Core
CTA-EP-002-FC-0703,CTA-FC-0703,CTA-FC-0703,Active,KEEP-LCSW,Workbook 8,Confidentiality & Information Sharing,8,2,"Authorizations, Releases of Information, and Limits on Disclosure",Application Principle,Release-of-Information Analysis,What principle should guide the clinician’s decision?,"The authorization cannot support the requested disclosure for several independent reasons: It has expired. It covered only attendance dates and a progress summary. It was signed by only one joint client. The requested file contains information about the other partner. It did not specifically address separately maintained psychotherapy notes. The therapist should not disclose based on the old form. The therapist must determine what current authorization or legal authority exists, examine whether both partners’ interests are affected, and separately evaluate the request for psychotherapy notes.","For complex release questions, use this sequence: Identify the requester. Identify whose information is involved. Verify the signer’s authority. Check every authorization element. Check expiration and revocation. Match recipient, information, purpose, and time. Identify special or multi-person records. Verify the destination. Release only what is lawfully permitted. Document the response.",WB8-C2-Q017,CTA-MQB-0663,WB8-C2,,CTA Master Flashcard Library v1.0 shared-core record; reconciled to final LCSW Stage 5B workbook/rationale lineage.,"Reconciled August 7, 2026; recheck high-change law, BBS guidance, examination administration, NASW ethics, and federal overlays at Stage 5D/release.","August 7, 2026",1.0,2026-08-07,Synchronized,Shared Core
CTA-EP-002-FC-0704,CTA-FC-0704,CTA-FC-0704,Active,KEEP-LCSW,Workbook 8,Confidentiality & Information Sharing,8,3,"Privacy, Protected Health Information, and HIPAA",Distinction,Privacy vs. Confidentiality vs. Security,How should these concepts be separated on the exam?,"Privacy concerns the client’s interest in controlling access to personal information. Confidentiality concerns the therapist’s duty to protect information learned through the professional relationship. Information security refers to the administrative, physical, and technical safeguards used to prevent unauthorized access, loss, alteration, or disclosure.",Use the three-question formula: Privacy: Who should have access? Confidentiality: What may the therapist reveal? Security: How is the information protected?,WB8-C3-Q001,CTA-MQB-0664,WB8-C3,,CTA Master Flashcard Library v1.0 shared-core record; reconciled to final LCSW Stage 5B workbook/rationale lineage.,"Reconciled August 7, 2026; recheck high-change law, BBS guidance, examination administration, NASW ethics, and federal overlays at Stage 5D/release.","August 7, 2026",1.0,2026-08-07,Synchronized,Shared Core
CTA-EP-002-FC-0705,CTA-FC-0705,CTA-FC-0705,Active,KEEP-LCSW,Workbook 8,Confidentiality & Information Sharing,8,3,"Privacy, Protected Health Information, and HIPAA",Application Principle,Identifiable Health Information,What principle should guide the clinician’s decision?,"Protected health information is not limited to diagnoses, symptoms, or progress notes. A client’s name combined with appointment information and the identity of a health-care provider may reveal that the person is receiving services. The therapist should treat the incident as a possible unauthorized exposure and promptly begin the appropriate containment and assessment process.","Remember: No diagnosis does not mean no protected information. Names, appointments, billing details, insurance information, and treatment participation may all reveal a health-care relationship.",WB8-C3-Q002,CTA-MQB-0665,WB8-C3,,CTA Master Flashcard Library v1.0 shared-core record; reconciled to final LCSW Stage 5B workbook/rationale lineage.,"Reconciled August 7, 2026; recheck high-change law, BBS guidance, examination administration, NASW ethics, and federal overlays at Stage 5D/release.","August 7, 2026",1.0,2026-08-07,Synchronized,Shared Core
CTA-EP-002-FC-0706,CTA-FC-0706,CTA-FC-0706,Active,KEEP-LCSW,Workbook 8,Confidentiality & Information Sharing,8,3,"Privacy, Protected Health Information, and HIPAA",Legal Rule,HIPAA Applicability,"What legal rule, authority, or timing requirement applies?","HIPAA is not the source of every confidentiality obligation. A therapist who is not a HIPAA-covered entity may still be governed by California confidentiality and privacy laws, professional ethical standards, contractual duties, agency policies, and other specialized rules. The absence of HIPAA coverage does not make treatment information public or remove the therapist’s obligation to protect it.","Avoid this exam trap: “HIPAA does not apply, so confidentiality does not apply.” The correct sequence is: Determine whether HIPAA applies. Identify applicable California law. Consider ethical and contractual duties. Apply the most protective controlling requirement.",WB8-C3-Q003,CTA-MQB-0666,WB8-C3,,CTA Master Flashcard Library v1.0 shared-core record; reconciled to final LCSW Stage 5B workbook/rationale lineage.,"Reconciled August 7, 2026; recheck high-change law, BBS guidance, examination administration, NASW ethics, and federal overlays at Stage 5D/release.","August 7, 2026",1.0,2026-08-07,Synchronized,Shared Core
CTA-EP-002-FC-0707,CTA-FC-0707,CTA-FC-0707,Active,KEEP-LCSW,Workbook 8,Confidentiality & Information Sharing,8,3,"Privacy, Protected Health Information, and HIPAA",Application Principle,Business Associates and BAAs,What principle should guide the clinician’s decision?,"A company that maintains electronic protected health information for a HIPAA-covered practice may qualify as a business associate. The practice should determine whether a Business Associate Agreement is required and evaluate the vendor’s safeguards, access practices, subcontractors, incident-reporting procedures, and data handling after the contract ends. A BAA generally identifies permitted uses and disclosures, required safeguards, reporting obligations, and responsibilities for protecting PHI.","When a vendor handles client information, ask: Does the vendor create, receive, maintain, or transmit PHI? That question often triggers the business-associate and BAA analysis.",WB8-C3-Q004,CTA-MQB-0667,WB8-C3,,CTA Master Flashcard Library v1.0 shared-core record; reconciled to final LCSW Stage 5B workbook/rationale lineage.,"Reconciled August 7, 2026; recheck high-change law, BBS guidance, examination administration, NASW ethics, and federal overlays at Stage 5D/release.","August 7, 2026",1.0,2026-08-07,Synchronized,Shared Core
CTA-EP-002-FC-0708,CTA-FC-0708,CTA-FC-0708,Active,KEEP-LCSW,Workbook 8,Confidentiality & Information Sharing,8,3,"Privacy, Protected Health Information, and HIPAA",Legal Rule,HIPAA Security Rule,"What legal rule, authority, or timing requirement applies?","The Security Rule applies to electronic protected health information. It requires covered entities and applicable business associates to use reasonable and appropriate safeguards addressing the confidentiality, integrity, and availability of ePHI. Examples include staff training, access controls, device protections, passwords, encryption, secure backups, risk analysis, and incident-response procedures.",Remember the three security goals: Confidentiality: No unauthorized access Integrity: No improper alteration or destruction Availability: Authorized users can access information when needed,WB8-C3-Q005,CTA-MQB-0668,WB8-C3,,CTA Master Flashcard Library v1.0 shared-core record; reconciled to final LCSW Stage 5B workbook/rationale lineage.,"Reconciled August 7, 2026; recheck high-change law, BBS guidance, examination administration, NASW ethics, and federal overlays at Stage 5D/release.","August 7, 2026",1.0,2026-08-07,Synchronized,Shared Core
CTA-EP-002-FC-0709,CTA-FC-0709,CTA-FC-0709,Active,KEEP-LCSW,Workbook 8,Confidentiality & Information Sharing,8,3,"Privacy, Protected Health Information, and HIPAA",Application Principle,Minimum Necessary,What principle should guide the clinician’s decision?,"The minimum necessary standard does not operate identically in every disclosure context. When disclosure is made under a valid authorization, the therapist should follow the actual scope of that authorization. Here, the client authorized a specified progress summary. The therapist should disclose that summary - not less merely because of minimum necessary and not more merely because a signature exists.",Separate these questions: Authorization: What did the client permit?Minimum necessary: Is the information appropriately limited for this purpose? Do not assume minimum necessary applies identically to every disclosure.,WB8-C3-Q006,CTA-MQB-0669,WB8-C3,,CTA Master Flashcard Library v1.0 shared-core record; reconciled to final LCSW Stage 5B workbook/rationale lineage.,"Reconciled August 7, 2026; recheck high-change law, BBS guidance, examination administration, NASW ethics, and federal overlays at Stage 5D/release.","August 7, 2026",1.0,2026-08-07,Synchronized,Shared Core
CTA-EP-002-FC-0710,CTA-FC-0710,CTA-FC-0710,Active,KEEP-LCSW,Workbook 8,Confidentiality & Information Sharing,8,3,"Privacy, Protected Health Information, and HIPAA",Application Principle,Indirect Identification,What principle should guide the clinician’s decision?,"Removing a name does not necessarily de-identify information. A rare diagnosis, small location, occupation, family structure, public event, photograph, voice, or combination of demographic and clinical facts may allow someone to connect the information to a particular person. The therapist should determine whether the details could reasonably identify the client and remove or alter enough information to protect privacy.",Ask: Could someone familiar with the client reasonably connect these details to that person?,WB8-C3-Q007,CTA-MQB-0670,WB8-C3,,CTA Master Flashcard Library v1.0 shared-core record; reconciled to final LCSW Stage 5B workbook/rationale lineage.,"Reconciled August 7, 2026; recheck high-change law, BBS guidance, examination administration, NASW ethics, and federal overlays at Stage 5D/release.","August 7, 2026",1.0,2026-08-07,Synchronized,Shared Core
CTA-EP-002-FC-0711,CTA-FC-0711,CTA-FC-0711,Active,KEEP-LCSW,Workbook 8,Confidentiality & Information Sharing,8,3,"Privacy, Protected Health Information, and HIPAA",Application Principle,Confidential Communications,What principle should guide the clinician’s decision?,"Clients may have legitimate privacy needs concerning where and how a practice contacts them. The therapist should discuss the preferred method, document it, apply it consistently, and update the instructions when circumstances change. A neutral message and private number may reduce the risk of revealing the treatment relationship or sensitive information to unauthorized people.",Communication preferences may involve: Alternative telephone numbers Neutral voicemail language Alternative mailing addresses Specific email accounts No contact at work,WB8-C3-Q008,CTA-MQB-0671,WB8-C3,,CTA Master Flashcard Library v1.0 shared-core record; reconciled to final LCSW Stage 5B workbook/rationale lineage.,"Reconciled August 7, 2026; recheck high-change law, BBS guidance, examination administration, NASW ethics, and federal overlays at Stage 5D/release.","August 7, 2026",1.0,2026-08-07,Synchronized,Shared Core
CTA-EP-002-FC-0712,CTA-FC-0712,CTA-FC-0712,Active,KEEP-LCSW,Workbook 8,Confidentiality & Information Sharing,8,3,"Privacy, Protected Health Information, and HIPAA",Risk Management,Privacy-Incident Response,What risk-management principle should guide the response?,"Every suspected exposure requires prompt evaluation, although not every incident automatically becomes a legally reportable breach. The therapist should act quickly to contain the risk, report through the proper practice or compliance channel, identify the information and clients involved, assess possible access or acquisition, and evaluate federal and California notification duties. Immediate action may include remotely disabling or wiping the device, changing access credentials, preserving evidence, contacting appropriate leadership, obtaining privacy or legal consultation, and documenting the response.",Use the incident sequence: Contain → Identify → Assess → Report → Correct → Document Do not wait for confirmed harm.,WB8-C3-Q009,CTA-MQB-0672,WB8-C3,,CTA Master Flashcard Library v1.0 shared-core record; reconciled to final LCSW Stage 5B workbook/rationale lineage.,"Reconciled August 7, 2026; recheck high-change law, BBS guidance, examination administration, NASW ethics, and federal overlays at Stage 5D/release.","August 7, 2026",1.0,2026-08-07,Synchronized,Shared Core
CTA-EP-002-FC-0713,CTA-FC-0713,CTA-FC-0713,Active,KEEP-LCSW,Workbook 8,Confidentiality & Information Sharing,8,3,"Privacy, Protected Health Information, and HIPAA",Application Principle,Integrated Electronic Privacy and Vendor Risk,What principle should guide the clinician’s decision?,"A BAA does not make the entire practice compliant. Privacy and security also depend on how systems are configured, who has access, whether credentials are shared, whether former workers are removed, whether devices are protected, and whether staff follow established procedures. The practice should promptly disable access, preserve evidence, determine which records were viewed, report the event, assess notification requirements, and correct the underlying failures. Corrective action may include unique credentials, role-based access, automatic account termination, device controls, encryption, workforce training, and improved monitoring.",“HIPAA-compliant software” or a signed BAA is never the entire answer. Evaluate: Vendor contract + system configuration + workforce access + device safeguards + incident response,WB8-C3-Q010,CTA-MQB-0673,WB8-C3,,CTA Master Flashcard Library v1.0 shared-core record; reconciled to final LCSW Stage 5B workbook/rationale lineage.,"Reconciled August 7, 2026; recheck high-change law, BBS guidance, examination administration, NASW ethics, and federal overlays at Stage 5D/release.","August 7, 2026",1.0,2026-08-07,Synchronized,Shared Core
CTA-EP-002-FC-0714,CTA-FC-0714,CTA-FC-0714,Active,KEEP-LCSW,Workbook 8,Confidentiality & Information Sharing,8,3,"Privacy, Protected Health Information, and HIPAA",Legal Rule,HIPAA Privacy Rule,"What legal rule, authority, or timing requirement applies?","The HIPAA Privacy Rule addresses how protected health information may be used or disclosed and provides individuals with certain rights concerning their information. It includes subjects such as authorizations, access rights, confidential communications, personal representatives, treatment and payment disclosures, minimum necessary, and notices of privacy practices.","Remember: Privacy Rule = uses, disclosures, and client rights",WB8-C3-Q011,CTA-MQB-0674,WB8-C3,,CTA Master Flashcard Library v1.0 shared-core record; reconciled to final LCSW Stage 5B workbook/rationale lineage.,"Reconciled August 7, 2026; recheck high-change law, BBS guidance, examination administration, NASW ethics, and federal overlays at Stage 5D/release.","August 7, 2026",1.0,2026-08-07,Synchronized,Shared Core
CTA-EP-002-FC-0715,CTA-FC-0715,CTA-FC-0715,Active,KEEP-LCSW,Workbook 8,Confidentiality & Information Sharing,8,3,"Privacy, Protected Health Information, and HIPAA",Application Principle,Electronic Protected Health Information,What principle should guide the clinician’s decision?,"Electronic protected health information, commonly called ePHI, is identifiable health information that is created, received, maintained, or transmitted electronically within HIPAA’s regulated structure. A record containing the client’s name, diagnosis, and treatment plan directly connects identifiable information with health care.",Look for both: Health-care information + identifiable client,WB8-C3-Q012,CTA-MQB-0675,WB8-C3,,CTA Master Flashcard Library v1.0 shared-core record; reconciled to final LCSW Stage 5B workbook/rationale lineage.,"Reconciled August 7, 2026; recheck high-change law, BBS guidance, examination administration, NASW ethics, and federal overlays at Stage 5D/release.","August 7, 2026",1.0,2026-08-07,Synchronized,Shared Core
CTA-EP-002-FC-0716,CTA-FC-0716,CTA-FC-0716,Active,KEEP-LCSW,Workbook 8,Confidentiality & Information Sharing,8,3,"Privacy, Protected Health Information, and HIPAA",Legal Rule,HIPAA and California Law,"What legal rule, authority, or timing requirement applies?","HIPAA often establishes a federal privacy floor rather than replacing every stronger state protection. A California therapist must consider whether state confidentiality or medical-information law places additional limits on the disclosure. When applicable law requires greater privacy protection, the therapist should follow the controlling, more protective requirement.",Use this order: Does HIPAA apply? Does California law apply? Do the requirements differ? Which controlling rule provides greater protection?,WB8-C3-Q014,CTA-MQB-0677,WB8-C3,,CTA Master Flashcard Library v1.0 shared-core record; reconciled to final LCSW Stage 5B workbook/rationale lineage.,"Reconciled August 7, 2026; recheck high-change law, BBS guidance, examination administration, NASW ethics, and federal overlays at Stage 5D/release.","August 7, 2026",1.0,2026-08-07,Synchronized,Shared Core
CTA-EP-002-FC-0717,CTA-FC-0717,CTA-FC-0717,Active,KEEP-LCSW,Workbook 8,Confidentiality & Information Sharing,8,3,"Privacy, Protected Health Information, and HIPAA",Application Principle,Minimum Necessary and Treatment Disclosures,What principle should guide the clinician’s decision?,"The minimum necessary standard generally does not apply to provider-to-provider disclosures for treatment in the same way it applies to certain other uses and disclosures. That does not mean every treatment disclosure is unrestricted. The therapist must still determine whether HIPAA applies, whether California law permits the disclosure, whether the information supports the treatment purpose, and whether psychotherapy notes or another specially protected category is involved.",Do not translate: “Minimum necessary does not apply” into: “Send everything.”,WB8-C3-Q015,CTA-MQB-0678,WB8-C3,,CTA Master Flashcard Library v1.0 shared-core record; reconciled to final LCSW Stage 5B workbook/rationale lineage.,"Reconciled August 7, 2026; recheck high-change law, BBS guidance, examination administration, NASW ethics, and federal overlays at Stage 5D/release.","August 7, 2026",1.0,2026-08-07,Synchronized,Shared Core
CTA-EP-002-FC-0718,CTA-FC-0718,CTA-FC-0718,Active,KEEP-LCSW,Workbook 8,Confidentiality & Information Sharing,8,3,"Privacy, Protected Health Information, and HIPAA",Application Principle,Misdirected Electronic Disclosure,What principle should guide the clinician’s decision?,"The therapist should respond immediately rather than wait for confirmed harm. Containment may include contacting the unintended recipient, requesting deletion or secure return, disabling access when possible, and preserving relevant evidence. The therapist must then determine what information was involved, whether it was accessed, which client was affected, and what federal, California, organizational, or contractual notification duties apply.",For a wrong attachment: Contain first - then assess notification duties.,WB8-C3-Q016,CTA-MQB-0679,WB8-C3,,CTA Master Flashcard Library v1.0 shared-core record; reconciled to final LCSW Stage 5B workbook/rationale lineage.,"Reconciled August 7, 2026; recheck high-change law, BBS guidance, examination administration, NASW ethics, and federal overlays at Stage 5D/release.","August 7, 2026",1.0,2026-08-07,Synchronized,Shared Core
CTA-EP-002-FC-0719,CTA-FC-0719,CTA-FC-0719,Active,KEEP-LCSW,Workbook 8,Confidentiality & Information Sharing,8,3,"Privacy, Protected Health Information, and HIPAA",Risk Management,"Privacy, Security, PHI, and Incident Response - Part 1 of 2",What risk-management principle should guide the response?,"The signed BAA and software marketing do not establish overall compliance. The practice remains responsible for its own administrative, physical, and technical safeguards. The practice should promptly disable former-employee access, change compromised credentials, preserve and review access logs, determine which information was viewed, assess applicable notification obligations, and document its analysis. It must also correct the systemic problems through unique credentials, role-based access, automatic screen locking, secure devices, encryption, workforce training, and timely account termination. Both progress notes and psychotherapy notes require protection.",,WB8-C3-Q017,CTA-MQB-0680,WB8-C3,,CTA Master Flashcard Library v1.0 shared-core record; reconciled to final LCSW Stage 5B workbook/rationale lineage.,"Reconciled August 7, 2026; recheck high-change law, BBS guidance, examination administration, NASW ethics, and federal overlays at Stage 5D/release.","August 7, 2026",1.0,2026-08-07,Synchronized,Shared Core
CTA-EP-002-FC-0720,CTA-FC-0720,CTA-FC-0720,Active,KEEP-LCSW,Workbook 8,Confidentiality & Information Sharing,8,3,"Privacy, Protected Health Information, and HIPAA",Risk Management,"Privacy, Security, PHI, and Incident Response - Part 2 of 2","What additional rule, exception, or safeguard applies?","The psychotherapy notes may receive additional disclosure protections, but separate storage does not make unauthorized access unimportant.","For integrated privacy questions, evaluate all layers: Information: Is it identifiable health information? Law: Do HIPAA and California law apply? Access: Was the person authorized? Security: Were administrative, physical, and technical safeguards adequate? Incident response: Was the exposure contained, assessed, reported, corrected, and documented?",WB8-C3-Q017,CTA-MQB-0680,WB8-C3,,CTA Master Flashcard Library v1.0 shared-core record; reconciled to final LCSW Stage 5B workbook/rationale lineage.,"Reconciled August 7, 2026; recheck high-change law, BBS guidance, examination administration, NASW ethics, and federal overlays at Stage 5D/release.","August 7, 2026",1.0,2026-08-07,Synchronized,Shared Core
CTA-EP-002-FC-0721,CTA-FC-0721,CTA-FC-0721,Active,KEEP-LCSW,Workbook 8,Confidentiality & Information Sharing,8,4,Client Access to Records and Responding to Record Requests,Distinction,Client Access vs. Third-Party Disclosure,How should these concepts be separated on the exam?,"An adult client requesting their own treatment record is exercising a potential right of access. The therapist should determine which records are requested, verify the client’s identity, identify the applicable California and federal requirements, and respond within the appropriate timeframe. This differs from a request to disclose information to another person or organization.",First sort the request: Client asks for own information = AccessSomeone else asks for client information = Disclosure Do not apply ordinary release-of-information reasoning automatically to a client’s own access request.,WB8-C4-Q001,CTA-MQB-0681,WB8-C4,,CTA Master Flashcard Library v1.0 shared-core record; reconciled to final LCSW Stage 5B workbook/rationale lineage.,"Reconciled August 7, 2026; recheck high-change law, BBS guidance, examination administration, NASW ethics, and federal overlays at Stage 5D/release.","August 7, 2026",1.0,2026-08-07,Synchronized,Shared Core
CTA-EP-002-FC-0722,CTA-FC-0722,CTA-FC-0722,Active,KEEP-LCSW,Workbook 8,Confidentiality & Information Sharing,8,4,Client Access to Records and Responding to Record Requests,Application Principle,California Record-Access Timelines,What principle should guide the clinician’s decision?,"California generally requires a patient or authorized representative to be allowed to inspect records during business hours within five working days after the request is received. Copies generally must be transmitted within 15 days. When California and HIPAA both apply, the therapist should not rely on HIPAA’s longer general federal timeframe when California provides the client with faster access rights.",Memorize: 5 = Inspect15 = Copies30 = Certain qualifying no-cost requests,WB8-C4-Q002,CTA-MQB-0682,WB8-C4,,CTA Master Flashcard Library v1.0 shared-core record; reconciled to final LCSW Stage 5B workbook/rationale lineage.,"Reconciled August 7, 2026; recheck high-change law, BBS guidance, examination administration, NASW ethics, and federal overlays at Stage 5D/release.","August 7, 2026",1.0,2026-08-07,Synchronized,Shared Core
CTA-EP-002-FC-0723,CTA-FC-0723,CTA-FC-0723,Active,KEEP-LCSW,Workbook 8,Confidentiality & Information Sharing,8,4,Client Access to Records and Responding to Record Requests,Legal Rule,Personal-Representative Authority,"What legal rule, authority, or timing requirement applies?","Marriage alone does not automatically give one spouse authority to inspect or obtain the other spouse’s treatment record. The therapist must determine whether the requester has legally recognized personal-representative authority, such as authority arising from an applicable health-care decision-making document, guardianship, conservatorship, court order, or another lawful source. The therapist must also verify that the authority includes access to the particular health information requested.",Titles do not automatically establish authority: Spouse Partner Adult child Parent of an adult Caregiver Friend Look for: Verified authority + relevant scope,WB8-C4-Q003,CTA-MQB-0683,WB8-C4,,CTA Master Flashcard Library v1.0 shared-core record; reconciled to final LCSW Stage 5B workbook/rationale lineage.,"Reconciled August 7, 2026; recheck high-change law, BBS guidance, examination administration, NASW ethics, and federal overlays at Stage 5D/release.","August 7, 2026",1.0,2026-08-07,Synchronized,Shared Core
CTA-EP-002-FC-0724,CTA-FC-0724,CTA-FC-0724,Active,KEEP-LCSW,Workbook 8,Confidentiality & Information Sharing,8,4,Client Access to Records and Responding to Record Requests,Application Principle,Record Access and Unpaid Balances,What principle should guide the clinician’s decision?,"A client’s access rights and the therapist’s collection rights are separate. The unpaid balance does not create a lawful basis to hold an otherwise accessible record. The therapist should process the request on time, apply lawful copying or transmission fees, and pursue the debt through a separate, appropriate process.",Separate ACCESS from COLLECTIONS. Money owed does not place the record on hold.,WB8-C4-Q004,CTA-MQB-0684,WB8-C4,,CTA Master Flashcard Library v1.0 shared-core record; reconciled to final LCSW Stage 5B workbook/rationale lineage.,"Reconciled August 7, 2026; recheck high-change law, BBS guidance, examination administration, NASW ethics, and federal overlays at Stage 5D/release.","August 7, 2026",1.0,2026-08-07,Synchronized,Shared Core
CTA-EP-002-FC-0725,CTA-FC-0725,CTA-FC-0725,Active,KEEP-LCSW,Workbook 8,Confidentiality & Information Sharing,8,4,Client Access to Records and Responding to Record Requests,Application Principle,Limited Mental-Health Record Restriction,What principle should guide the clinician’s decision?,"California permits a narrow mental-health-record limitation when the provider anticipates substantial risk of significant adverse or detrimental consequences, but the exception carries procedural duties. The therapist must document the basis, inform the client, and follow the designated-professional access procedure rather than treating concern as an unlimited veto.",A lawful limitation requires BOTH a specific ground AND the required procedure. Do not confuse anticipated discomfort with the statutory risk standard.,WB8-C4-Q005,CTA-MQB-0685,WB8-C4,,CTA Master Flashcard Library v1.0 shared-core record; reconciled to final LCSW Stage 5B workbook/rationale lineage.,"Reconciled August 7, 2026; recheck high-change law, BBS guidance, examination administration, NASW ethics, and federal overlays at Stage 5D/release.","August 7, 2026",1.0,2026-08-07,Synchronized,Shared Core
CTA-EP-002-FC-0726,CTA-FC-0726,CTA-FC-0726,Active,KEEP-LCSW,Workbook 8,Confidentiality & Information Sharing,8,4,Client Access to Records and Responding to Record Requests,Application Principle,Minor-Consented Care and Parent Requests,What principle should guide the clinician’s decision?,"Minor-record access depends on the legal basis for consent, the type of service, representative authority, and applicable California restrictions. The therapist should identify those facts before releasing or refusing the record; parental status does not answer every minor-access question.",Trigger phrase: “The minor independently consented.” Then analyze CONSENT → REPRESENTATIVE AUTHORITY → ACCESS LIMITS.,WB8-C4-Q006,CTA-MQB-0686,WB8-C4,,CTA Master Flashcard Library v1.0 shared-core record; reconciled to final LCSW Stage 5B workbook/rationale lineage.,"Reconciled August 7, 2026; recheck high-change law, BBS guidance, examination administration, NASW ethics, and federal overlays at Stage 5D/release.","August 7, 2026",1.0,2026-08-07,Synchronized,Shared Core
CTA-EP-002-FC-0727,CTA-FC-0727,CTA-FC-0727,Active,KEEP-LCSW,Workbook 8,Confidentiality & Information Sharing,8,4,Client Access to Records and Responding to Record Requests,Application Principle,Third-Party Information in Client Records,What principle should guide the clinician’s decision?,California’s patient-record definition and access rules require attention to confidential information supplied by another person. The therapist should not let one protected item defeat access to all otherwise accessible material. A careful review can protect the third party while providing the requester’s lawful record portions and preserving documentation integrity.,For mixed records: REVIEW → SEPARATE LAWFULLY → PROVIDE ACCESSIBLE PORTIONS → DOCUMENT.,WB8-C4-Q007,CTA-MQB-0687,WB8-C4,,CTA Master Flashcard Library v1.0 shared-core record; reconciled to final LCSW Stage 5B workbook/rationale lineage.,"Reconciled August 7, 2026; recheck high-change law, BBS guidance, examination administration, NASW ethics, and federal overlays at Stage 5D/release.","August 7, 2026",1.0,2026-08-07,Synchronized,Shared Core
CTA-EP-002-FC-0728,CTA-FC-0728,CTA-FC-0728,Active,KEEP-LCSW,Workbook 8,Confidentiality & Information Sharing,8,4,Client Access to Records and Responding to Record Requests,Application Principle,Electronic Format and Identity Verification,What principle should guide the clinician’s decision?,"California permits reasonable identity verification and generally requires a readily producible requested electronic format for electronically maintained records. Verification should protect the client without becoming an oppressive delay, and the faster applicable California deadline must be honored.",Verify without obstructing. Then use the requested format and the faster controlling deadline.,WB8-C4-Q008,CTA-MQB-0688,WB8-C4,,CTA Master Flashcard Library v1.0 shared-core record; reconciled to final LCSW Stage 5B workbook/rationale lineage.,"Reconciled August 7, 2026; recheck high-change law, BBS guidance, examination administration, NASW ethics, and federal overlays at Stage 5D/release.","August 7, 2026",1.0,2026-08-07,Synchronized,Shared Core
CTA-EP-002-FC-0729,CTA-FC-0729,CTA-FC-0729,Active,KEEP-LCSW,Workbook 8,Confidentiality & Information Sharing,8,4,Client Access to Records and Responding to Record Requests,Application Principle,Psychotherapy Notes and California Access,What principle should guide the clinician’s decision?,"HIPAA excludes psychotherapy notes from its ordinary individual-access right, while California law and the actual content, storage, and source of material require a separate analysis. The therapist should provide accessible portions on time, avoid overbroad withholding, protect qualifying third-party information, and document any specific lawful limitation.",Classify the material before applying the rule. PROGRESS NOTES are not automatically PSYCHOTHERAPY NOTES.,WB8-C4-Q009,CTA-MQB-0689,WB8-C4,,CTA Master Flashcard Library v1.0 shared-core record; reconciled to final LCSW Stage 5B workbook/rationale lineage.,"Reconciled August 7, 2026; recheck high-change law, BBS guidance, examination administration, NASW ethics, and federal overlays at Stage 5D/release.","August 7, 2026",1.0,2026-08-07,Synchronized,Shared Core
CTA-EP-002-FC-0730,CTA-FC-0730,CTA-FC-0730,Active,KEEP-LCSW,Workbook 8,Confidentiality & Information Sharing,8,4,Client Access to Records and Responding to Record Requests,Application Principle,Client Access and Subpoena Analysis,What principle should guide the clinician’s decision?,"A client-access request and a litigation demand invoke different legal analyses. Exercising access rights does not automatically authorize disclosure to opposing counsel or waive psychotherapist-patient privilege. The therapist should timely address the client’s request and separately evaluate the subpoena and any required notice, objection, authorization, privilege, or judicial process.",Separate ACCESS from DISCLOSURE and SUBPOENA from COURT ORDER. One document does not resolve the other process.,WB8-C4-Q010,CTA-MQB-0690,WB8-C4,,CTA Master Flashcard Library v1.0 shared-core record; reconciled to final LCSW Stage 5B workbook/rationale lineage.,"Reconciled August 7, 2026; recheck high-change law, BBS guidance, examination administration, NASW ethics, and federal overlays at Stage 5D/release.","August 7, 2026",1.0,2026-08-07,Synchronized,Shared Core
CTA-EP-002-FC-0731,CTA-FC-0731,CTA-FC-0731,Active,KEEP-LCSW,Workbook 8,Confidentiality & Information Sharing,8,4,Client Access to Records and Responding to Record Requests,Application Principle,Record-Copy Fees,What principle should guide the clinician’s decision?,"A provider may generally charge a reasonable, cost-based fee for producing copies or an agreed-upon summary. Permitted costs may include copying labor, supplies, postage, and requested portable electronic media, subject to applicable limits. The fee should reflect the actual production process rather than discourage the client from exercising access rights.",Separate: Reasonable production feefromPunitive charge or collection leverage,WB8-C4-Q011,CTA-MQB-0691,WB8-C4,,CTA Master Flashcard Library v1.0 shared-core record; reconciled to final LCSW Stage 5B workbook/rationale lineage.,"Reconciled August 7, 2026; recheck high-change law, BBS guidance, examination administration, NASW ethics, and federal overlays at Stage 5D/release.","August 7, 2026",1.0,2026-08-07,Synchronized,Shared Core
CTA-EP-002-FC-0732,CTA-FC-0732,CTA-FC-0732,Active,KEEP-LCSW,Workbook 8,Confidentiality & Information Sharing,8,4,Client Access to Records and Responding to Record Requests,Application Principle,Inspection of Records,What principle should guide the clinician’s decision?,California generally permits an adult client or authorized representative to inspect treatment records during business hours within five working days after the request is received. The person inspecting the record may also be accompanied by one person of the requester’s choosing.,Remember: 5 working days = inspection,WB8-C4-Q012,CTA-MQB-0692,WB8-C4,,CTA Master Flashcard Library v1.0 shared-core record; reconciled to final LCSW Stage 5B workbook/rationale lineage.,"Reconciled August 7, 2026; recheck high-change law, BBS guidance, examination administration, NASW ethics, and federal overlays at Stage 5D/release.","August 7, 2026",1.0,2026-08-07,Synchronized,Shared Core
CTA-EP-002-FC-0733,CTA-FC-0733,CTA-FC-0733,Active,KEEP-LCSW,Workbook 8,Confidentiality & Information Sharing,8,4,Client Access to Records and Responding to Record Requests,Application Principle,Deceased Client Records,What principle should guide the clinician’s decision?,"A deceased client’s records do not automatically become public. A person requesting access should have legally recognized authority to act for the deceased client or estate, and the requested information should fall within the scope of that authority. Family relationship and understandable concern do not independently establish access rights.","After a client’s death, ask: Who has verified legal authority - and what does that authority cover?",WB8-C4-Q013,CTA-MQB-0693,WB8-C4,,CTA Master Flashcard Library v1.0 shared-core record; reconciled to final LCSW Stage 5B workbook/rationale lineage.,"Reconciled August 7, 2026; recheck high-change law, BBS guidance, examination administration, NASW ethics, and federal overlays at Stage 5D/release.","August 7, 2026",1.0,2026-08-07,Synchronized,Shared Core
CTA-EP-002-FC-0734,CTA-FC-0734,CTA-FC-0734,Active,KEEP-LCSW,Workbook 8,Confidentiality & Information Sharing,8,4,Client Access to Records and Responding to Record Requests,Application Principle,Written Denial and Partial Access,What principle should guide the clinician’s decision?,"A lawful basis for restricting one portion of a record does not automatically justify withholding everything. The therapist should provide access to the remaining information when reasonably possible. When HIPAA requires a written denial, the explanation should identify the reason for denial, whether independent review is available, how review may be requested, and how the client may file a complaint.",Think: Restrict only what the law permits - provide the rest.,WB8-C4-Q014,CTA-MQB-0694,WB8-C4,,CTA Master Flashcard Library v1.0 shared-core record; reconciled to final LCSW Stage 5B workbook/rationale lineage.,"Reconciled August 7, 2026; recheck high-change law, BBS guidance, examination administration, NASW ethics, and federal overlays at Stage 5D/release.","August 7, 2026",1.0,2026-08-07,Synchronized,Shared Core
CTA-EP-002-FC-0735,CTA-FC-0735,CTA-FC-0735,Active,KEEP-LCSW,Workbook 8,Confidentiality & Information Sharing,8,4,Client Access to Records and Responding to Record Requests,Legal Rule,California and HIPAA Deadlines,"What legal rule, authority, or timing requirement applies?","HIPAA generally requires a covered entity to act on an access request within 30 calendar days, subject to a possible written extension. California provides a faster general timeline for copies: 15 days. When both laws apply, the therapist should not use HIPAA’s longer timeframe to reduce the client’s stronger or faster California access right.",When federal and California access periods differ: Apply the faster controlling client right.,WB8-C4-Q015,CTA-MQB-0695,WB8-C4,,CTA Master Flashcard Library v1.0 shared-core record; reconciled to final LCSW Stage 5B workbook/rationale lineage.,"Reconciled August 7, 2026; recheck high-change law, BBS guidance, examination administration, NASW ethics, and federal overlays at Stage 5D/release.","August 7, 2026",1.0,2026-08-07,Synchronized,Shared Core
CTA-EP-002-FC-0736,CTA-FC-0736,CTA-FC-0736,Active,KEEP-LCSW,Workbook 8,Confidentiality & Information Sharing,8,4,Client Access to Records and Responding to Record Requests,Application Principle,Group-Treatment Records,What principle should guide the clinician’s decision?,"The client may have access rights to information concerning their own treatment, but those rights do not automatically eliminate the confidentiality interests of other group members. The therapist should examine whether information can be separated, limited, summarized when legally appropriate and agreed upon, or otherwise provided without exposing unnecessary identifying and clinical information about other participants.","For group records, protect both: The requester’s lawful accessandOther members’ confidentiality",WB8-C4-Q016,CTA-MQB-0696,WB8-C4,,CTA Master Flashcard Library v1.0 shared-core record; reconciled to final LCSW Stage 5B workbook/rationale lineage.,"Reconciled August 7, 2026; recheck high-change law, BBS guidance, examination administration, NASW ethics, and federal overlays at Stage 5D/release.","August 7, 2026",1.0,2026-08-07,Synchronized,Shared Core
CTA-EP-002-FC-0737,CTA-FC-0737,CTA-FC-0737,Active,KEEP-LCSW,Workbook 8,Confidentiality & Information Sharing,8,4,Client Access to Records and Responding to Record Requests,Application Principle,Comprehensive Record-Access Analysis - Part 1 of 2,What principle should guide the clinician’s decision?,"The therapist must separate the legal and ethical issues. An unpaid balance, complaint risk, or disagreement with the diagnosis does not justify withholding the record. California’s generally faster 15-day copy deadline controls when applicable, and a readily producible requested electronic format should be used. Ordinary progress notes, the treatment plan, and billing information are generally reviewed under the clinical-record access rules. Separately maintained psychotherapy notes require a distinct state-and-federal analysis, and confidential collateral information must be reviewed before disclosure.",,WB8-C4-Q017,CTA-MQB-0697,WB8-C4,,CTA Master Flashcard Library v1.0 shared-core record; reconciled to final LCSW Stage 5B workbook/rationale lineage.,"Reconciled August 7, 2026; recheck high-change law, BBS guidance, examination administration, NASW ethics, and federal overlays at Stage 5D/release.","August 7, 2026",1.0,2026-08-07,Synchronized,Shared Core
CTA-EP-002-FC-0738,CTA-FC-0738,CTA-FC-0738,Active,KEEP-LCSW,Workbook 8,Confidentiality & Information Sharing,8,4,Client Access to Records and Responding to Record Requests,Application Principle,Comprehensive Record-Access Analysis - Part 2 of 2,"What additional rule, exception, or safeguard applies?","The therapist should document the request, authority, deadline, records provided, any lawful limitation, delivery method, and any required written explanation.","Separate the requester, access right, record type, third-party information, deadline, lawful limits, and documentation before responding.",WB8-C4-Q017,CTA-MQB-0697,WB8-C4,,CTA Master Flashcard Library v1.0 shared-core record; reconciled to final LCSW Stage 5B workbook/rationale lineage.,"Reconciled August 7, 2026; recheck high-change law, BBS guidance, examination administration, NASW ethics, and federal overlays at Stage 5D/release.","August 7, 2026",1.0,2026-08-07,Synchronized,Shared Core
CTA-EP-002-FC-0739,CTA-FC-0739,CTA-FC-0739,Active,KEEP-LCSW,Workbook 9,Documentation & Records,9,1,Clinical Documentation Standards,Application Principle,Purpose of Clinical Documentation,What principle should guide the clinician’s decision?,"Clinical documentation creates a professional record of the services provided, the client’s clinical presentation, interventions used, decisions made, and follow-up plans. Well-maintained records support continuity of care, help clinicians monitor progress, facilitate appropriate professional communication, and demonstrate the reasoning behind important treatment decisions.","Remember: Documentation is part of treatment - not separate from treatment. Look for answers emphasizing continuity, communication, clinical reasoning, and client welfare.",WB9-C1-Q001,CTA-MQB-0698,WB9-C1,,CTA Master Flashcard Library v1.0 shared-core record; reconciled to final LCSW Stage 5B workbook/rationale lineage.,"Reconciled August 7, 2026; recheck high-change law, BBS guidance, examination administration, NASW ethics, and federal overlays at Stage 5D/release.","August 7, 2026",1.0,2026-08-07,Synchronized,Shared Core
CTA-EP-002-FC-0740,CTA-FC-0740,CTA-FC-0740,Active,KEEP-LCSW,Workbook 9,Documentation & Records,9,1,Clinical Documentation Standards,Application Principle,Objective Documentation,What principle should guide the clinician’s decision?,"The client arrived 20 minutes late, spoke loudly when discussing the missed appointment, and stated, “I felt criticized” This statement documents observable behavior, timing, and the client’s own words. It allows another professional to understand what occurred without presenting assumptions about the client’s character or motivation as fact. Objective documentation may include observations, client statements, clinical findings, and relevant responses to interventions.","Use the workbook’s rule: Observe. Don’t label. Choose the answer that documents behavior, statements, and observable facts rather than personality judgments.",WB9-C1-Q002,CTA-MQB-0699,WB9-C1,,CTA Master Flashcard Library v1.0 shared-core record; reconciled to final LCSW Stage 5B workbook/rationale lineage.,"Reconciled August 7, 2026; recheck high-change law, BBS guidance, examination administration, NASW ethics, and federal overlays at Stage 5D/release.","August 7, 2026",1.0,2026-08-07,Synchronized,Shared Core
CTA-EP-002-FC-0741,CTA-FC-0741,CTA-FC-0741,Active,KEEP-LCSW,Workbook 9,Documentation & Records,9,1,Clinical Documentation Standards,Application Principle,Clarity and Continuity of Care,What principle should guide the clinician’s decision?,"Documentation should be clear enough for another competent professional to understand the concerns addressed, interventions provided, client responses, significant decisions, and next steps. Session dates alone may establish that appointments occurred, but they do not adequately communicate the course of treatment or support a safe transition to another provider.","Apply the documentation test: Could another competent professional understand what happened, why decisions were made, and what should occur next? When the answer is no, the record likely lacks sufficient clarity.",WB9-C1-Q003,CTA-MQB-0700,WB9-C1,,CTA Master Flashcard Library v1.0 shared-core record; reconciled to final LCSW Stage 5B workbook/rationale lineage.,"Reconciled August 7, 2026; recheck high-change law, BBS guidance, examination administration, NASW ethics, and federal overlays at Stage 5D/release.","August 7, 2026",1.0,2026-08-07,Synchronized,Shared Core
CTA-EP-002-FC-0742,CTA-FC-0742,CTA-FC-0742,Active,KEEP-LCSW,Workbook 9,Documentation & Records,9,1,Clinical Documentation Standards,Application Principle,Timely Documentation,What principle should guide the clinician’s decision?,"Documentation should generally be completed as soon as reasonably possible after the service is provided. As time passes, details may be forgotten, confused with other sessions, or reconstructed inaccurately. A substantial delay may weaken continuity of care and make the record less reliable if later reviewed during consultation, transfer, investigation, or legal proceedings.","When choosing between prompt and delayed documentation, the examination generally favors: Document as soon as reasonably possible.",WB9-C1-Q004,CTA-MQB-0701,WB9-C1,,CTA Master Flashcard Library v1.0 shared-core record; reconciled to final LCSW Stage 5B workbook/rationale lineage.,"Reconciled August 7, 2026; recheck high-change law, BBS guidance, examination administration, NASW ethics, and federal overlays at Stage 5D/release.","August 7, 2026",1.0,2026-08-07,Synchronized,Shared Core
CTA-EP-002-FC-0743,CTA-FC-0743,CTA-FC-0743,Active,KEEP-LCSW,Workbook 9,Documentation & Records,9,1,Clinical Documentation Standards,Application Principle,Clinically Relevant Documentation,What principle should guide the clinician’s decision?,"Clinical documentation should contain information that supports assessment, treatment, continuity of care, risk management, and professional decision-making. Gossip, personal opinions, and unrelated details may distract from important clinical information and unnecessarily expose third parties. Good documentation is complete enough to support care without becoming excessive.",Use this rule: Include what is clinically useful. Exclude what is merely interesting.,WB9-C1-Q005,CTA-MQB-0702,WB9-C1,,CTA Master Flashcard Library v1.0 shared-core record; reconciled to final LCSW Stage 5B workbook/rationale lineage.,"Reconciled August 7, 2026; recheck high-change law, BBS guidance, examination administration, NASW ethics, and federal overlays at Stage 5D/release.","August 7, 2026",1.0,2026-08-07,Synchronized,Shared Core
CTA-EP-002-FC-0744,CTA-FC-0744,CTA-FC-0744,Active,KEEP-LCSW,Workbook 9,Documentation & Records,9,1,Clinical Documentation Standards,Application Principle,Professional Language,What principle should guide the clinician’s decision?,"The revised statement describes observable behavior and the context in which it occurred. It avoids insulting, sarcastic, punitive, or speculative language. Professional documentation should permit another clinician to understand the event without relying on character judgments.","Replace labels with: What the client said, did, or displayed.",WB9-C1-Q006,CTA-MQB-0703,WB9-C1,,CTA Master Flashcard Library v1.0 shared-core record; reconciled to final LCSW Stage 5B workbook/rationale lineage.,"Reconciled August 7, 2026; recheck high-change law, BBS guidance, examination administration, NASW ethics, and federal overlays at Stage 5D/release.","August 7, 2026",1.0,2026-08-07,Synchronized,Shared Core
CTA-EP-002-FC-0745,CTA-FC-0745,CTA-FC-0745,Active,KEEP-LCSW,Workbook 9,Documentation & Records,9,1,Clinical Documentation Standards,Application Principle,Documentation of Clinical Reasoning,What principle should guide the clinician’s decision?,"Significant treatment decisions should be supported by documentation of the relevant assessment, clinical reasoning, intervention, and follow-up plan. The record should help another professional understand why session frequency changed and what concerns or goals the change was intended to address.","For a significant decision, document: Assessment → Reasoning → Decision → Plan",WB9-C1-Q007,CTA-MQB-0704,WB9-C1,,CTA Master Flashcard Library v1.0 shared-core record; reconciled to final LCSW Stage 5B workbook/rationale lineage.,"Reconciled August 7, 2026; recheck high-change law, BBS guidance, examination administration, NASW ethics, and federal overlays at Stage 5D/release.","August 7, 2026",1.0,2026-08-07,Synchronized,Shared Core
CTA-EP-002-FC-0746,CTA-FC-0746,CTA-FC-0746,Active,KEEP-LCSW,Workbook 9,Documentation & Records,9,1,Clinical Documentation Standards,Risk Management,Documentation and Risk Management,What risk-management principle should guide the response?,"Risk-related documentation should show what information was obtained, how the therapist evaluated the concern, what protective and risk factors were considered, what consultation occurred, what actions were taken, and what follow-up was planned. This supports continuity of care and demonstrates the clinical decision-making process rather than merely recording the final conclusion.","In high-risk situations, document: Concern → Assessment → Decision → Intervention → Follow-up",WB9-C1-Q008,CTA-MQB-0705,WB9-C1,,CTA Master Flashcard Library v1.0 shared-core record; reconciled to final LCSW Stage 5B workbook/rationale lineage.,"Reconciled August 7, 2026; recheck high-change law, BBS guidance, examination administration, NASW ethics, and federal overlays at Stage 5D/release.","August 7, 2026",1.0,2026-08-07,Synchronized,Shared Core
CTA-EP-002-FC-0747,CTA-FC-0747,CTA-FC-0747,Active,KEEP-LCSW,Workbook 9,Documentation & Records,9,1,Clinical Documentation Standards,Application Principle,Documentation Cannot Replace Competence,What principle should guide the clinician’s decision?,"Documentation may show what the therapist did and why, but it cannot replace the knowledge, skills, judgment, or preparation required to provide the service competently. Excellent documentation does not transform poor, unethical, or incompetent treatment into appropriate professional practice.",Remember: Documenting poor practice well does not make it good practice.,WB9-C1-Q009,CTA-MQB-0706,WB9-C1,,CTA Master Flashcard Library v1.0 shared-core record; reconciled to final LCSW Stage 5B workbook/rationale lineage.,"Reconciled August 7, 2026; recheck high-change law, BBS guidance, examination administration, NASW ethics, and federal overlays at Stage 5D/release.","August 7, 2026",1.0,2026-08-07,Synchronized,Shared Core
CTA-EP-002-FC-0748,CTA-FC-0748,CTA-FC-0748,Active,KEEP-LCSW,Workbook 9,Documentation & Records,9,1,Clinical Documentation Standards,Application Principle,Integrated Documentation Quality,What principle should guide the clinician’s decision?,"Effective documentation requires more than prompt completion or extensive detail. It should be accurate, objective, timely, clear, professional, and clinically relevant. Unsupported conclusions, sarcasm, gossip, and unexplained decisions weaken the record even when the notes are lengthy and completed immediately after sessions.",Apply the full A-O-T-C-P test: Accurate Objective Timely Clear Professional A note that satisfies only one or two elements is not necessarily adequate.,WB9-C1-Q010,CTA-MQB-0707,WB9-C1,,CTA Master Flashcard Library v1.0 shared-core record; reconciled to final LCSW Stage 5B workbook/rationale lineage.,"Reconciled August 7, 2026; recheck high-change law, BBS guidance, examination administration, NASW ethics, and federal overlays at Stage 5D/release.","August 7, 2026",1.0,2026-08-07,Synchronized,Shared Core
CTA-EP-002-FC-0749,CTA-FC-0749,CTA-FC-0749,Active,KEEP-LCSW,Workbook 9,Documentation & Records,9,1,Clinical Documentation Standards,Application Principle,Documentation Accuracy,What principle should guide the clinician’s decision?,"Accurate documentation reflects the services that were actually provided and the information available at the time. It may include relevant client statements, clinical observations, interventions, responses, decisions, and follow-up plans. The record should represent the treatment truthfully rather than being shaped to create a more favorable impression.",Remember: Document what occurred - not what should have occurred.,WB9-C1-Q011,CTA-MQB-0708,WB9-C1,,CTA Master Flashcard Library v1.0 shared-core record; reconciled to final LCSW Stage 5B workbook/rationale lineage.,"Reconciled August 7, 2026; recheck high-change law, BBS guidance, examination administration, NASW ethics, and federal overlays at Stage 5D/release.","August 7, 2026",1.0,2026-08-07,Synchronized,Shared Core
CTA-EP-002-FC-0750,CTA-FC-0750,CTA-FC-0750,Active,KEEP-LCSW,Workbook 9,Documentation & Records,9,1,Clinical Documentation Standards,Application Principle,Appropriate Progress-Note Content,What principle should guide the clinician’s decision?,"A useful progress note identifies the clinically relevant issue, the services or intervention provided, the client’s response, significant decisions, and the next step in treatment. This level of information supports continuity of care without turning the note into a verbatim transcript.",A strong progress note generally answers: What was addressed? What was done? How did the client respond? What happens next?,WB9-C1-Q012,CTA-MQB-0709,WB9-C1,,CTA Master Flashcard Library v1.0 shared-core record; reconciled to final LCSW Stage 5B workbook/rationale lineage.,"Reconciled August 7, 2026; recheck high-change law, BBS guidance, examination administration, NASW ethics, and federal overlays at Stage 5D/release.","August 7, 2026",1.0,2026-08-07,Synchronized,Shared Core
CTA-EP-002-FC-0751,CTA-FC-0751,CTA-FC-0751,Active,KEEP-LCSW,Workbook 9,Documentation & Records,9,1,Clinical Documentation Standards,Application Principle,Professional Accountability,What principle should guide the clinician’s decision?,"Clinical records may later be reviewed during continued treatment, transfer of care, consultation, audits, licensing investigations, complaints, or legal proceedings. A clear record helps explain what occurred and why the therapist made particular professional decisions.",Think of documentation as evidence of: Service + reasoning + action + follow-up,WB9-C1-Q013,CTA-MQB-0710,WB9-C1,,CTA Master Flashcard Library v1.0 shared-core record; reconciled to final LCSW Stage 5B workbook/rationale lineage.,"Reconciled August 7, 2026; recheck high-change law, BBS guidance, examination administration, NASW ethics, and federal overlays at Stage 5D/release.","August 7, 2026",1.0,2026-08-07,Synchronized,Shared Core
CTA-EP-002-FC-0752,CTA-FC-0752,CTA-FC-0752,Active,KEEP-LCSW,Workbook 9,Documentation & Records,9,1,Clinical Documentation Standards,Application Principle,Documenting Consultation,What principle should guide the clinician’s decision?,"When consultation affects treatment, the record may appropriately identify when consultation occurred, why it was sought, the general clinical issue, relevant recommendations, and what the therapist decided to do. This supports continuity of care and demonstrates that the therapist used professional resources responsibly.",Consultation documentation should show: Why help was sought + what guidance mattered + what action followed,WB9-C1-Q014,CTA-MQB-0711,WB9-C1,,CTA Master Flashcard Library v1.0 shared-core record; reconciled to final LCSW Stage 5B workbook/rationale lineage.,"Reconciled August 7, 2026; recheck high-change law, BBS guidance, examination administration, NASW ethics, and federal overlays at Stage 5D/release.","August 7, 2026",1.0,2026-08-07,Synchronized,Shared Core
CTA-EP-002-FC-0753,CTA-FC-0753,CTA-FC-0753,Active,KEEP-LCSW,Workbook 9,Documentation & Records,9,1,Clinical Documentation Standards,Application Principle,Documenting Referrals,What principle should guide the clinician’s decision?,"Referral documentation should help explain the clinical concern, why another service was recommended, what resources were provided, how the client responded, and whether follow-up or coordination was planned. This supports continuity and demonstrates how the therapist addressed a competence limitation or unmet treatment need.","For referrals, document: Concern → Reason → Resources → Client response → Follow-up",WB9-C1-Q015,CTA-MQB-0712,WB9-C1,,CTA Master Flashcard Library v1.0 shared-core record; reconciled to final LCSW Stage 5B workbook/rationale lineage.,"Reconciled August 7, 2026; recheck high-change law, BBS guidance, examination administration, NASW ethics, and federal overlays at Stage 5D/release.","August 7, 2026",1.0,2026-08-07,Synchronized,Shared Core
CTA-EP-002-FC-0754,CTA-FC-0754,CTA-FC-0754,Active,KEEP-LCSW,Workbook 9,Documentation & Records,9,1,Clinical Documentation Standards,Distinction,Complete vs. Excessive Documentation,How should these concepts be separated on the exam?,"Good documentation should be sufficiently complete to explain treatment without becoming excessive. Large amounts of irrelevant material can make it difficult for another professional to identify the clinical concern, intervention, response, and treatment plan. Unnecessary details about relatives, coworkers, or other nonclients may also create privacy and professional-language concerns.",Remember: Complete does not mean exhaustive. The strongest note makes important information easy to find.,WB9-C1-Q016,CTA-MQB-0713,WB9-C1,,CTA Master Flashcard Library v1.0 shared-core record; reconciled to final LCSW Stage 5B workbook/rationale lineage.,"Reconciled August 7, 2026; recheck high-change law, BBS guidance, examination administration, NASW ethics, and federal overlays at Stage 5D/release.","August 7, 2026",1.0,2026-08-07,Synchronized,Shared Core
CTA-EP-002-FC-0755,CTA-FC-0755,CTA-FC-0755,Active,KEEP-LCSW,Workbook 9,Documentation & Records,9,1,Clinical Documentation Standards,Application Principle,Clinical Documentation Standards,What principle should guide the clinician’s decision?,"The record has several deficiencies: Documentation was delayed. The language is judgmental and speculative. Observable information is missing. The risk assessment is not described. Clinical reasoning is absent. Consultation, safety planning, and follow-up are omitted. The therapist should not backdate or secretly replace the record. When accurate information is available, a transparent correction or clearly identified late entry may be used according to proper record procedures. The entry should distinguish what occurred during the session from when the additional documentation was created.","For a deficient high-risk note, look for the answer that protects: Accuracy Transparency Record integrity Clinical reasoning Assessment and follow-up Never choose secret replacement or backdating.",WB9-C1-Q017,CTA-MQB-0714,WB9-C1,,CTA Master Flashcard Library v1.0 shared-core record; reconciled to final LCSW Stage 5B workbook/rationale lineage.,"Reconciled August 7, 2026; recheck high-change law, BBS guidance, examination administration, NASW ethics, and federal overlays at Stage 5D/release.","August 7, 2026",1.0,2026-08-07,Synchronized,Shared Core
CTA-EP-002-FC-0756,CTA-FC-0756,CTA-FC-0756,Active,KEEP-LCSW,Workbook 9,Documentation & Records,9,2,"Documentation Errors, Risk Management, and High-Risk Situations",Distinction,Late Entry vs. Backdating,How should these concepts be separated on the exam?,"When documentation was not completed promptly, a properly identified late entry may be used to add accurate and clinically relevant information. The entry should distinguish the date of the service from the date the documentation was actually created. This approach maintains transparency and record integrity rather than creating the false impression that the note was written earlier.",Remember: Late entry = identify it.Backdating = avoid it.,WB9-C2-Q001,CTA-MQB-0715,WB9-C2,,CTA Master Flashcard Library v1.0 shared-core record; reconciled to final LCSW Stage 5B workbook/rationale lineage.,"Reconciled August 7, 2026; recheck high-change law, BBS guidance, examination administration, NASW ethics, and federal overlays at Stage 5D/release.","August 7, 2026",1.0,2026-08-07,Synchronized,Shared Core
CTA-EP-002-FC-0757,CTA-FC-0757,CTA-FC-0757,Active,KEEP-LCSW,Workbook 9,Documentation & Records,9,2,"Documentation Errors, Risk Management, and High-Risk Situations",Risk Management,Correcting Documentation Errors,What risk-management principle should guide the response?,"Known inaccuracies should be corrected through the appropriate documentation process. A proper correction generally preserves the original entry or electronic audit trail, identifies the corrected information, and records the date of the correction. The goal is to improve accuracy without concealing that the record was changed.",The examination generally favors: Correction with transparency - not correction through concealment.,WB9-C2-Q002,CTA-MQB-0716,WB9-C2,,CTA Master Flashcard Library v1.0 shared-core record; reconciled to final LCSW Stage 5B workbook/rationale lineage.,"Reconciled August 7, 2026; recheck high-change law, BBS guidance, examination administration, NASW ethics, and federal overlays at Stage 5D/release.","August 7, 2026",1.0,2026-08-07,Synchronized,Shared Core
CTA-EP-002-FC-0758,CTA-FC-0758,CTA-FC-0758,Active,KEEP-LCSW,Workbook 9,Documentation & Records,9,2,"Documentation Errors, Risk Management, and High-Risk Situations",Application Principle,High-Risk Documentation,What principle should guide the clinician’s decision?,"High-risk situations generally require documentation sufficient to show what information was obtained, how the concern was assessed, what decisions were made, what consultation occurred, what protective actions were taken, and what follow-up was planned. The statement “safety addressed” does not allow another professional to understand the nature of the risk or the basis for the therapist’s response.","For high-risk situations, look for documentation of: Risk information → Assessment → Decision → Action → Consultation → Follow-up",WB9-C2-Q003,CTA-MQB-0717,WB9-C2,,CTA Master Flashcard Library v1.0 shared-core record; reconciled to final LCSW Stage 5B workbook/rationale lineage.,"Reconciled August 7, 2026; recheck high-change law, BBS guidance, examination administration, NASW ethics, and federal overlays at Stage 5D/release.","August 7, 2026",1.0,2026-08-07,Synchronized,Shared Core
CTA-EP-002-FC-0759,CTA-FC-0759,CTA-FC-0759,Active,KEEP-LCSW,Workbook 9,Documentation & Records,9,2,"Documentation Errors, Risk Management, and High-Risk Situations",Risk Management,Copy-and-Paste Documentation Errors,What risk-management principle should guide the response?,"Each progress note should accurately reflect the client’s current presentation and the services provided during that encounter. The therapist should remove or transparently correct inaccurate copied material and document the current suicidal thoughts, assessment findings, clinical reasoning, interventions, and follow-up plan. Copy-and-paste tools may support efficiency, but the therapist remains responsible for reviewing and updating every entry.","For copied documentation, ask: Does every statement accurately describe this session? Templates never replace clinical review.",WB9-C2-Q004,CTA-MQB-0718,WB9-C2,,CTA Master Flashcard Library v1.0 shared-core record; reconciled to final LCSW Stage 5B workbook/rationale lineage.,"Reconciled August 7, 2026; recheck high-change law, BBS guidance, examination administration, NASW ethics, and federal overlays at Stage 5D/release.","August 7, 2026",1.0,2026-08-07,Synchronized,Shared Core
CTA-EP-002-FC-0760,CTA-FC-0760,CTA-FC-0760,Active,KEEP-LCSW,Workbook 9,Documentation & Records,9,2,"Documentation Errors, Risk Management, and High-Risk Situations",Application Principle,Omitting Significant Clinical Actions,What principle should guide the clinician’s decision?,"The record should show what concern arose, what assessment occurred, what decision was made, what consultation was obtained, what intervention followed, and whether continuity and follow-up were established. A crisis note does not need to reproduce every word spoken, but it must contain enough information for another professional to understand the therapist’s reasoning and protective actions.","In high-risk care, document: What happened + what you assessed + what you did + what happened next",WB9-C2-Q005,CTA-MQB-0719,WB9-C2,,CTA Master Flashcard Library v1.0 shared-core record; reconciled to final LCSW Stage 5B workbook/rationale lineage.,"Reconciled August 7, 2026; recheck high-change law, BBS guidance, examination administration, NASW ethics, and federal overlays at Stage 5D/release.","August 7, 2026",1.0,2026-08-07,Synchronized,Shared Core
CTA-EP-002-FC-0761,CTA-FC-0761,CTA-FC-0761,Active,KEEP-LCSW,Workbook 9,Documentation & Records,9,2,"Documentation Errors, Risk Management, and High-Risk Situations",Application Principle,Consultation Documentation,What principle should guide the clinician’s decision?,"Consultation documentation should demonstrate why guidance was sought, the general issue discussed, recommendations that influenced care, and what the therapist decided or did afterward. This supports continuity, accountability, and the clinical decision-making process without creating an unnecessary transcript.","Consultation documentation should answer: Why was help sought, what guidance mattered, and what action followed?",WB9-C2-Q006,CTA-MQB-0720,WB9-C2,,CTA Master Flashcard Library v1.0 shared-core record; reconciled to final LCSW Stage 5B workbook/rationale lineage.,"Reconciled August 7, 2026; recheck high-change law, BBS guidance, examination administration, NASW ethics, and federal overlays at Stage 5D/release.","August 7, 2026",1.0,2026-08-07,Synchronized,Shared Core
CTA-EP-002-FC-0762,CTA-FC-0762,CTA-FC-0762,Active,KEEP-LCSW,Workbook 9,Documentation & Records,9,2,"Documentation Errors, Risk Management, and High-Risk Situations",Application Principle,Referral and Follow-Up Documentation,What principle should guide the clinician’s decision?,"The record should explain why referral was recommended, what resources were offered, how the client responded, and what steps were taken to protect continuity and client welfare. The therapist should also document any further assessment or decisions about whether current services can safely continue during transition.",A referral note should show: Need → Recommendation → Resources → Response → Continuity,WB9-C2-Q007,CTA-MQB-0721,WB9-C2,,CTA Master Flashcard Library v1.0 shared-core record; reconciled to final LCSW Stage 5B workbook/rationale lineage.,"Reconciled August 7, 2026; recheck high-change law, BBS guidance, examination administration, NASW ethics, and federal overlays at Stage 5D/release.","August 7, 2026",1.0,2026-08-07,Synchronized,Shared Core
CTA-EP-002-FC-0763,CTA-FC-0763,CTA-FC-0763,Active,KEEP-LCSW,Workbook 9,Documentation & Records,9,2,"Documentation Errors, Risk Management, and High-Risk Situations",Application Principle,Documentation During a Complaint,What principle should guide the clinician’s decision?,"A complaint does not authorize the therapist to change history. The original record should be preserved, and any legitimate correction or addendum should be transparent, properly dated, and completed according to applicable record procedures. The therapist may obtain legal, ethical, supervisory, or organizational consultation while maintaining the record’s integrity.",Once a complaint or investigation exists: Preserve - do not polish. The safest record is an honest record.,WB9-C2-Q008,CTA-MQB-0722,WB9-C2,,CTA Master Flashcard Library v1.0 shared-core record; reconciled to final LCSW Stage 5B workbook/rationale lineage.,"Reconciled August 7, 2026; recheck high-change law, BBS guidance, examination administration, NASW ethics, and federal overlays at Stage 5D/release.","August 7, 2026",1.0,2026-08-07,Synchronized,Shared Core
CTA-EP-002-FC-0764,CTA-FC-0764,CTA-FC-0764,Active,KEEP-LCSW,Workbook 9,Documentation & Records,9,2,"Documentation Errors, Risk Management, and High-Risk Situations",Application Principle,Later Information and Transparent Addenda,What principle should guide the clinician’s decision?,"The original note accurately reflected what the client reported and what the therapist knew at that time. Later information should be documented as later information rather than inserted into the original record as though it had been known earlier. The addendum or subsequent note should identify the source, clarify when the information was received, record the reassessment, and describe any protective action or follow-up.",Keep the timeline clear: What was known thenversusWhat was learned later,WB9-C2-Q009,CTA-MQB-0723,WB9-C2,,CTA Master Flashcard Library v1.0 shared-core record; reconciled to final LCSW Stage 5B workbook/rationale lineage.,"Reconciled August 7, 2026; recheck high-change law, BBS guidance, examination administration, NASW ethics, and federal overlays at Stage 5D/release.","August 7, 2026",1.0,2026-08-07,Synchronized,Shared Core
CTA-EP-002-FC-0765,CTA-FC-0765,CTA-FC-0765,Active,KEEP-LCSW,Workbook 9,Documentation & Records,9,2,"Documentation Errors, Risk Management, and High-Risk Situations",Application Principle,Integrated High-Risk Documentation,What principle should guide the clinician’s decision?,"The record should present a clear clinical sequence: What risk information was obtained What factors were assessed How the therapist reached the decision What consultation occurred What intervention and coordination followed How the client responded What disposition and follow-up occurred This level of documentation supports continuity, risk management, and professional accountability without requiring a transcript.","For an integrated high-risk question, use: Concern → Assessment → Reasoning → Consultation → Action → Outcome → Follow-up",WB9-C2-Q010,CTA-MQB-0724,WB9-C2,,CTA Master Flashcard Library v1.0 shared-core record; reconciled to final LCSW Stage 5B workbook/rationale lineage.,"Reconciled August 7, 2026; recheck high-change law, BBS guidance, examination administration, NASW ethics, and federal overlays at Stage 5D/release.","August 7, 2026",1.0,2026-08-07,Synchronized,Shared Core
CTA-EP-002-FC-0766,CTA-FC-0766,CTA-FC-0766,Active,KEEP-LCSW,Workbook 9,Documentation & Records,9,2,"Documentation Errors, Risk Management, and High-Risk Situations",Application Principle,Backdating,What principle should guide the clinician’s decision?,"Backdating creates the false appearance that documentation was completed earlier than it actually was. This compromises record integrity and may create significant credibility, ethical, and legal concerns. A delayed note should reflect both the date of the clinical event and the actual date the entry was created.",Remember: A late entry tells the truth about when it was written. Backdating hides that truth.,WB9-C2-Q011,CTA-MQB-0725,WB9-C2,,CTA Master Flashcard Library v1.0 shared-core record; reconciled to final LCSW Stage 5B workbook/rationale lineage.,"Reconciled August 7, 2026; recheck high-change law, BBS guidance, examination administration, NASW ethics, and federal overlays at Stage 5D/release.","August 7, 2026",1.0,2026-08-07,Synchronized,Shared Core
CTA-EP-002-FC-0767,CTA-FC-0767,CTA-FC-0767,Active,KEEP-LCSW,Workbook 9,Documentation & Records,9,2,"Documentation Errors, Risk Management, and High-Risk Situations",Application Principle,Significant Clinical Actions,What principle should guide the clinician’s decision?,"Risk assessments, safety planning, crisis interventions, consultations, referrals, and follow-up efforts are significant clinical actions. Documentation should explain what concern was identified, what the therapist assessed, what decision was made, and what occurred afterward. This information supports continuity of care and professional accountability.","Use this shortcut: If it significantly affects treatment, safety, or continuity, it probably deserves documentation.",WB9-C2-Q012,CTA-MQB-0726,WB9-C2,,CTA Master Flashcard Library v1.0 shared-core record; reconciled to final LCSW Stage 5B workbook/rationale lineage.,"Reconciled August 7, 2026; recheck high-change law, BBS guidance, examination administration, NASW ethics, and federal overlays at Stage 5D/release.","August 7, 2026",1.0,2026-08-07,Synchronized,Shared Core
CTA-EP-002-FC-0768,CTA-FC-0768,CTA-FC-0768,Active,KEEP-LCSW,Workbook 9,Documentation & Records,9,2,"Documentation Errors, Risk Management, and High-Risk Situations",Application Principle,Record Integrity During an Investigation,What principle should guide the clinician’s decision?,"A complaint or investigation does not change the therapist’s obligation to preserve record integrity. Existing documentation should not be rewritten, concealed, or destroyed merely because it may be reviewed. The therapist should continue normal professional documentation and obtain appropriate consultation concerning preservation requirements when needed.",After a complaint or investigation: Preserve the record. Do not reconstruct a better-looking history.,WB9-C2-Q013,CTA-MQB-0727,WB9-C2,,CTA Master Flashcard Library v1.0 shared-core record; reconciled to final LCSW Stage 5B workbook/rationale lineage.,"Reconciled August 7, 2026; recheck high-change law, BBS guidance, examination administration, NASW ethics, and federal overlays at Stage 5D/release.","August 7, 2026",1.0,2026-08-07,Synchronized,Shared Core
CTA-EP-002-FC-0769,CTA-FC-0769,CTA-FC-0769,Active,KEEP-LCSW,Workbook 9,Documentation & Records,9,2,"Documentation Errors, Risk Management, and High-Risk Situations",Application Principle,Properly Identified Late Entry,What principle should guide the clinician’s decision?,"A transparent late entry is generally preferable to leaving important information missing. The therapist should identify when the event occurred, when the additional entry was made, and what reliable information supports the entry. The original documentation and applicable electronic audit trail should remain intact.",A proper late entry contains two timelines: When the clinical event occurredandwhen the documentation was created,WB9-C2-Q014,CTA-MQB-0728,WB9-C2,,CTA Master Flashcard Library v1.0 shared-core record; reconciled to final LCSW Stage 5B workbook/rationale lineage.,"Reconciled August 7, 2026; recheck high-change law, BBS guidance, examination administration, NASW ethics, and federal overlays at Stage 5D/release.","August 7, 2026",1.0,2026-08-07,Synchronized,Shared Core
CTA-EP-002-FC-0770,CTA-FC-0770,CTA-FC-0770,Active,KEEP-LCSW,Workbook 9,Documentation & Records,9,2,"Documentation Errors, Risk Management, and High-Risk Situations",Application Principle,Outdated Template Information,What principle should guide the clinician’s decision?,"The current record must accurately reflect the client’s current circumstances. The therapist should review all copied or automatically populated text, correct outdated information, and document clinically relevant changes. Electronic templates support efficiency but do not relieve the therapist of responsibility for accuracy.",With templates and copied text: Review every field before signing. Automatic does not mean accurate.,WB9-C2-Q015,CTA-MQB-0729,WB9-C2,,CTA Master Flashcard Library v1.0 shared-core record; reconciled to final LCSW Stage 5B workbook/rationale lineage.,"Reconciled August 7, 2026; recheck high-change law, BBS guidance, examination administration, NASW ethics, and federal overlays at Stage 5D/release.","August 7, 2026",1.0,2026-08-07,Synchronized,Shared Core
CTA-EP-002-FC-0771,CTA-FC-0771,CTA-FC-0771,Active,KEEP-LCSW,Workbook 9,Documentation & Records,9,2,"Documentation Errors, Risk Management, and High-Risk Situations",Risk Management,Post-Incident Record Correction,What risk-management principle should guide the response?,"The therapist may appropriately correct an incomplete record when the additional information is accurate and supported by reliable contemporaneous evidence. The addendum should show when it was created, identify the earlier service date, and avoid suggesting that the information was recorded before the adverse event. Preserving the original entry and documenting the correction transparently protects record integrity.","After a serious incident, ask: Is this an honest, supported correction - or an attempt to improve the record after the fact? The exam favors the honest, clearly dated correction.",WB9-C2-Q016,CTA-MQB-0730,WB9-C2,,CTA Master Flashcard Library v1.0 shared-core record; reconciled to final LCSW Stage 5B workbook/rationale lineage.,"Reconciled August 7, 2026; recheck high-change law, BBS guidance, examination administration, NASW ethics, and federal overlays at Stage 5D/release.","August 7, 2026",1.0,2026-08-07,Synchronized,Shared Core
CTA-EP-002-FC-0772,CTA-FC-0772,CTA-FC-0772,Active,KEEP-LCSW,Workbook 9,Documentation & Records,9,2,"Documentation Errors, Risk Management, and High-Risk Situations",Risk Management,Critical-Incident Documentation,What risk-management principle should guide the response?,"The current note must accurately reflect the client’s presentation and the therapist’s response. The copied denial is materially inaccurate and could interfere with continuity of care or later review. The therapist should use proper correction procedures, preserve the original information or audit trail, and document: The threat and available identifying information Intent, plan, means, and immediacy Relevant risk and protective factors Consultation obtained Clinical and legal reasoning Protective and emergency actions Client disposition Planned follow-up The record should be sufficiently detailed to explain the decision-making process without becoming a verbatim transcript.","For critical incidents, protect all three: Client welfare + clinical continuity + record integrity Use the sequence: Event → Assessment → Reasoning → Consultation → Action → Disposition → Follow-up",WB9-C2-Q017,CTA-MQB-0731,WB9-C2,,CTA Master Flashcard Library v1.0 shared-core record; reconciled to final LCSW Stage 5B workbook/rationale lineage.,"Reconciled August 7, 2026; recheck high-change law, BBS guidance, examination administration, NASW ethics, and federal overlays at Stage 5D/release.","August 7, 2026",1.0,2026-08-07,Synchronized,Shared Core
CTA-EP-002-FC-0773,CTA-FC-0773,CTA-FC-0773,Active,KEEP-LCSW,Workbook 9,Documentation & Records,9,3,Record Retention Requirements,Application Principle,Purpose of Record Retention,What principle should guide the clinician’s decision?,"Clinical records may remain important long after active treatment concludes. A former client may return to treatment, transfer to another provider, request records, or need information about prior diagnoses, interventions, risk concerns, referrals, and treatment responses. Retention also preserves documentation that may later be relevant to professional accountability, audits, investigations, consultation, or legal proceedings.",Remember: Retention preserves information for future lawful and clinical needs. It is not merely defensive storage.,WB9-C3-Q001,CTA-MQB-0732,WB9-C3,,CTA Master Flashcard Library v1.0 shared-core record; reconciled to final LCSW Stage 5B workbook/rationale lineage.,"Reconciled August 7, 2026; recheck high-change law, BBS guidance, examination administration, NASW ethics, and federal overlays at Stage 5D/release.","August 7, 2026",1.0,2026-08-07,Synchronized,Shared Core
CTA-EP-002-FC-0774,CTA-FC-0774,CTA-FC-0774,Active,KEEP-LCSW,Workbook 9,Documentation & Records,9,3,Record Retention Requirements,Application Principle,Confidentiality After Treatment,What principle should guide the clinician’s decision?,"Treatment termination does not automatically end confidentiality. Paper records, electronic records, billing information, assessments, progress notes, and other protected information must continue to be safeguarded during retention. The therapist’s professional responsibility follows the record even when no current therapeutic relationship exists.",Use the memory phrase: Treatment ends. Confidentiality doesn’t.,WB9-C3-Q002,CTA-MQB-0733,WB9-C3,,CTA Master Flashcard Library v1.0 shared-core record; reconciled to final LCSW Stage 5B workbook/rationale lineage.,"Reconciled August 7, 2026; recheck high-change law, BBS guidance, examination administration, NASW ethics, and federal overlays at Stage 5D/release.","August 7, 2026",1.0,2026-08-07,Synchronized,Shared Core
CTA-EP-002-FC-0775,CTA-FC-0775,CTA-FC-0775,Active,KEEP-LCSW,Workbook 9,Documentation & Records,9,3,Record Retention Requirements,Application Principle,Accessibility During Retention,What principle should guide the clinician’s decision?,"Retention includes more than keeping records somewhere. Records should remain organized, protected, usable, and reasonably retrievable throughout the retention period. A record that cannot be located may fail to support lawful access, continuity of care, professional communication, or accountability - even though it was not physically destroyed.",Remember: Retained does not merely mean stored. It also means retrievable.,WB9-C3-Q003,CTA-MQB-0734,WB9-C3,,CTA Master Flashcard Library v1.0 shared-core record; reconciled to final LCSW Stage 5B workbook/rationale lineage.,"Reconciled August 7, 2026; recheck high-change law, BBS guidance, examination administration, NASW ethics, and federal overlays at Stage 5D/release.","August 7, 2026",1.0,2026-08-07,Synchronized,Shared Core
CTA-EP-002-FC-0776,CTA-FC-0776,CTA-FC-0776,Active,KEEP-LCSW,Workbook 9,Documentation & Records,9,3,Record Retention Requirements,Application Principle,Electronic Record Retention,What principle should guide the clinician’s decision?,"Electronic retention requires more than leaving data somewhere in a computer system. Records must remain reasonably accessible, retrievable, protected, and usable throughout the required retention period. Before ending a software relationship, the therapist should plan for lawful export, secure migration, continued accessibility, and preservation of record integrity.","For electronic retention, ask: Can the record still be opened, understood, protected, and produced when needed?",WB9-C3-Q004,CTA-MQB-0735,WB9-C3,,CTA Master Flashcard Library v1.0 shared-core record; reconciled to final LCSW Stage 5B workbook/rationale lineage.,"Reconciled August 7, 2026; recheck high-change law, BBS guidance, examination administration, NASW ethics, and federal overlays at Stage 5D/release.","August 7, 2026",1.0,2026-08-07,Synchronized,Shared Core
CTA-EP-002-FC-0777,CTA-FC-0777,CTA-FC-0777,Active,KEEP-LCSW,Workbook 9,Documentation & Records,9,3,Record Retention Requirements,Distinction,Ownership vs. Client Access,How should these concepts be separated on the exam?,Ownership and access are separate concepts. A therapist or practice may maintain the original clinical record while the client retains legally recognized rights to inspect or obtain copies under applicable law. The therapist should analyze the request according to access requirements rather than treating physical ownership as a reason for automatic refusal.,Remember: Ownership asks who maintains the record.Access asks who may inspect or receive information.,WB9-C3-Q006,CTA-MQB-0737,WB9-C3,,CTA Master Flashcard Library v1.0 shared-core record; reconciled to final LCSW Stage 5B workbook/rationale lineage.,"Reconciled August 7, 2026; recheck high-change law, BBS guidance, examination administration, NASW ethics, and federal overlays at Stage 5D/release.","August 7, 2026",1.0,2026-08-07,Synchronized,Shared Core
CTA-EP-002-FC-0778,CTA-FC-0778,CTA-FC-0778,Active,KEEP-LCSW,Workbook 9,Documentation & Records,9,3,Record Retention Requirements,Application Principle,Practice Closure and Retirement,What principle should guide the clinician’s decision?,"Retirement or practice closure does not eliminate record responsibilities. The therapist should make arrangements for continued secure retention, reasonable accessibility, confidentiality protection, and an appropriate method for responding to lawful client or representative requests. The plan may involve a records custodian, secure storage, client notification, or another arrangement consistent with applicable professional and legal requirements.",Practice changes do not erase record duties. Look for answers preserving: Confidentiality + accessibility + retention + continuity,WB9-C3-Q007,CTA-MQB-0738,WB9-C3,,CTA Master Flashcard Library v1.0 shared-core record; reconciled to final LCSW Stage 5B workbook/rationale lineage.,"Reconciled August 7, 2026; recheck high-change law, BBS guidance, examination administration, NASW ethics, and federal overlays at Stage 5D/release.","August 7, 2026",1.0,2026-08-07,Synchronized,Shared Core
CTA-EP-002-FC-0779,CTA-FC-0779,CTA-FC-0779,Active,KEEP-LCSW,Workbook 9,Documentation & Records,9,3,Record Retention Requirements,Application Principle,Backups and Data Recovery,What principle should guide the clinician’s decision?,"Electronic retention requires planning for hardware failure, system failure, accidental deletion, disasters, and other foreseeable losses. Reliable backups and recovery procedures help ensure that records remain available and intact throughout the retention period. A record that cannot be recovered cannot support continuity, lawful access, or accountability.",Electronic retention requires both: Primary storage + recovery plan,WB9-C3-Q008,CTA-MQB-0739,WB9-C3,,CTA Master Flashcard Library v1.0 shared-core record; reconciled to final LCSW Stage 5B workbook/rationale lineage.,"Reconciled August 7, 2026; recheck high-change law, BBS guidance, examination administration, NASW ethics, and federal overlays at Stage 5D/release.","August 7, 2026",1.0,2026-08-07,Synchronized,Shared Core
CTA-EP-002-FC-0780,CTA-FC-0780,CTA-FC-0780,Active,KEEP-LCSW,Workbook 9,Documentation & Records,9,3,Record Retention Requirements,Application Principle,Premature Destruction,What principle should guide the clinician’s decision?,"Even when a routine retention period may have ended, records should not be destroyed without considering whether a complaint, investigation, litigation risk, legal hold, or other preservation obligation requires continued retention. The workbook emphasizes that preservation is generally favored when uncertainty exists. The therapist should obtain appropriate consultation and document the retention or destruction decision.","Before destruction, ask: Has retention truly ended - and is any complaint, investigation, litigation, or hold pending? When uncertain, preserve first.",WB9-C3-Q009,CTA-MQB-0740,WB9-C3,,CTA Master Flashcard Library v1.0 shared-core record; reconciled to final LCSW Stage 5B workbook/rationale lineage.,"Reconciled August 7, 2026; recheck high-change law, BBS guidance, examination administration, NASW ethics, and federal overlays at Stage 5D/release.","August 7, 2026",1.0,2026-08-07,Synchronized,Shared Core
CTA-EP-002-FC-0781,CTA-FC-0781,CTA-FC-0781,Active,KEEP-LCSW,Workbook 9,Documentation & Records,9,3,Record Retention Requirements,Application Principle,Integrated Electronic Retention and Practice Transition,What principle should guide the clinician’s decision?,"A practice or employment transition does not end responsibility for records created in the former practice. Before the vendor deletes the data, the therapist must develop an appropriate plan for secure export, migration, storage, indexing, backup, and future retrieval. The therapist must also determine who may lawfully possess the records, how confidentiality will be maintained, and how former clients can exercise applicable access rights.","For a system or practice transition, use: Preserve → Protect → Migrate → Verify → Retrieve Do not wait until the vendor deletes the data.",WB9-C3-Q010,CTA-MQB-0741,WB9-C3,,CTA Master Flashcard Library v1.0 shared-core record; reconciled to final LCSW Stage 5B workbook/rationale lineage.,"Reconciled August 7, 2026; recheck high-change law, BBS guidance, examination administration, NASW ethics, and federal overlays at Stage 5D/release.","August 7, 2026",1.0,2026-08-07,Synchronized,Shared Core
CTA-EP-002-FC-0782,CTA-FC-0782,CTA-FC-0782,Active,KEEP-LCSW,Workbook 9,Documentation & Records,9,3,Record Retention Requirements,Distinction,Retention vs. Destruction,How should these concepts be separated on the exam?,"Record retention means preserving clinical records throughout the applicable retention period. Once those responsibilities have been satisfied - and no investigation, legal hold, or other reason requires continued preservation - the record may become eligible for secure destruction. Destruction must be performed in a way that prevents unauthorized reconstruction or recovery.",Remember: Retain first. Destroy securely later. Treatment termination does not automatically trigger destruction.,WB9-C3-Q011,CTA-MQB-0742,WB9-C3,,CTA Master Flashcard Library v1.0 shared-core record; reconciled to final LCSW Stage 5B workbook/rationale lineage.,"Reconciled August 7, 2026; recheck high-change law, BBS guidance, examination administration, NASW ethics, and federal overlays at Stage 5D/release.","August 7, 2026",1.0,2026-08-07,Synchronized,Shared Core
CTA-EP-002-FC-0783,CTA-FC-0783,CTA-FC-0783,Active,KEEP-LCSW,Workbook 9,Documentation & Records,9,3,Record Retention Requirements,Application Principle,Confidentiality During Retention,What principle should guide the clinician’s decision?,"Confidentiality continues after treatment ends and applies to records regardless of format. Both paper and electronic files must remain protected against unauthorized access, loss, disclosure, and alteration. The fact that a case is closed does not make the information less sensitive.",Use the workbook’s memory rule: Confidentiality follows the record.,WB9-C3-Q012,CTA-MQB-0743,WB9-C3,,CTA Master Flashcard Library v1.0 shared-core record; reconciled to final LCSW Stage 5B workbook/rationale lineage.,"Reconciled August 7, 2026; recheck high-change law, BBS guidance, examination administration, NASW ethics, and federal overlays at Stage 5D/release.","August 7, 2026",1.0,2026-08-07,Synchronized,Shared Core
CTA-EP-002-FC-0784,CTA-FC-0784,CTA-FC-0784,Active,KEEP-LCSW,Workbook 9,Documentation & Records,9,3,Record Retention Requirements,Application Principle,Usable Record Accessibility,What principle should guide the clinician’s decision?,"Proper retention requires records to remain organized, retrievable, usable, and available when needed. An indexing and retrieval system supports client access, continuity of care, audits, and professional accountability. A record that cannot be found or opened may not meaningfully serve its retention purpose.",Remember: A record that cannot be found cannot serve its purpose.,WB9-C3-Q013,CTA-MQB-0744,WB9-C3,,CTA Master Flashcard Library v1.0 shared-core record; reconciled to final LCSW Stage 5B workbook/rationale lineage.,"Reconciled August 7, 2026; recheck high-change law, BBS guidance, examination administration, NASW ethics, and federal overlays at Stage 5D/release.","August 7, 2026",1.0,2026-08-07,Synchronized,Shared Core
CTA-EP-002-FC-0785,CTA-FC-0785,CTA-FC-0785,Active,KEEP-LCSW,Workbook 9,Documentation & Records,9,3,Record Retention Requirements,Application Principle,Sale or Transfer of a Practice,What principle should guide the clinician’s decision?,"A practice sale does not eliminate responsibilities for former clients’ records. The clinicians should determine who will serve as the lawful custodian, how records will remain protected, and how clients or authorized representatives can make future requests. The transition should preserve confidentiality, accessibility, integrity, and applicable retention obligations.","During a practice transition, ask: Who will protect, retain, retrieve, and lawfully provide the records?",WB9-C3-Q014,CTA-MQB-0745,WB9-C3,,CTA Master Flashcard Library v1.0 shared-core record; reconciled to final LCSW Stage 5B workbook/rationale lineage.,"Reconciled August 7, 2026; recheck high-change law, BBS guidance, examination administration, NASW ethics, and federal overlays at Stage 5D/release.","August 7, 2026",1.0,2026-08-07,Synchronized,Shared Core
CTA-EP-002-FC-0786,CTA-FC-0786,CTA-FC-0786,Active,KEEP-LCSW,Workbook 9,Documentation & Records,9,3,Record Retention Requirements,Application Principle,Obsolete Electronic Formats,What principle should guide the clinician’s decision?,"Electronic retention requires ongoing attention to format compatibility, system changes, migration, and recovery. Merely possessing data is insufficient when the information cannot be opened or used. The therapist should anticipate technology changes and preserve records in a format that remains readable, secure, complete, and reliable.",Electronic retention means: Save the data - and preserve the ability to read it.,WB9-C3-Q015,CTA-MQB-0746,WB9-C3,,CTA Master Flashcard Library v1.0 shared-core record; reconciled to final LCSW Stage 5B workbook/rationale lineage.,"Reconciled August 7, 2026; recheck high-change law, BBS guidance, examination administration, NASW ethics, and federal overlays at Stage 5D/release.","August 7, 2026",1.0,2026-08-07,Synchronized,Shared Core
CTA-EP-002-FC-0787,CTA-FC-0787,CTA-FC-0787,Active,KEEP-LCSW,Workbook 9,Documentation & Records,9,3,Record Retention Requirements,Application Principle,Fragmented Hybrid Records,What principle should guide the clinician’s decision?,"A clinical record may be distributed across several authorized systems, but the practice remains responsible for maintaining its organization, integrity, and accessibility. The therapist should determine what information belongs to the responsive record, retrieve the relevant components, and address the request according to applicable access rules. The storage system should then be improved to reduce future retrieval failures.","For hybrid records, think: One client record may exist in several locations - but it must remain collectively retrievable.",WB9-C3-Q016,CTA-MQB-0747,WB9-C3,,CTA Master Flashcard Library v1.0 shared-core record; reconciled to final LCSW Stage 5B workbook/rationale lineage.,"Reconciled August 7, 2026; recheck high-change law, BBS guidance, examination administration, NASW ethics, and federal overlays at Stage 5D/release.","August 7, 2026",1.0,2026-08-07,Synchronized,Shared Core
CTA-EP-002-FC-0788,CTA-FC-0788,CTA-FC-0788,Active,KEEP-LCSW,Workbook 9,Documentation & Records,9,3,Record Retention Requirements,Application Principle,Comprehensive Record-Retention Planning,What principle should guide the clinician’s decision?,"Retirement does not end the therapist’s responsibilities. The transition plan should address: Which records still require retention Whether any complaint, investigation, or legal hold requires extended preservation Secure storage for paper records Timely export and backup of electronic information Continued readability and integrity Designation of an appropriate records custodian Confidentiality and access controls A process for responding to future lawful requests Eventual secure destruction when permitted This approach protects client welfare, confidentiality, accessibility, and professional accountability throughout the remaining record lifecycle.","For retirement or closure, use the four responsibilities: Retain + Protect + Retrieve + Destroy Properly",WB9-C3-Q017,CTA-MQB-0748,WB9-C3,,CTA Master Flashcard Library v1.0 shared-core record; reconciled to final LCSW Stage 5B workbook/rationale lineage.,"Reconciled August 7, 2026; recheck high-change law, BBS guidance, examination administration, NASW ethics, and federal overlays at Stage 5D/release.","August 7, 2026",1.0,2026-08-07,Synchronized,Shared Core
CTA-EP-002-FC-0789,CTA-FC-0789,CTA-FC-0789,Active,KEEP-LCSW,Workbook 9,Documentation & Records,9,4,"Record Security, Storage, and Record Destruction",Risk Management,Purpose of Record Security,What risk-management principle should guide the response?,"Clinical records contain highly sensitive information, including diagnoses, assessments, treatment plans, progress notes, risk information, personal history, and billing data. Record security protects that information from unauthorized access, disclosure, alteration, loss, theft, damage, and improper disposal throughout the record lifecycle.",Remember: Retention keeps the record. Security protects the record.,WB9-C4-Q001,CTA-MQB-0749,WB9-C4,,CTA Master Flashcard Library v1.0 shared-core record; reconciled to final LCSW Stage 5B workbook/rationale lineage.,"Reconciled August 7, 2026; recheck high-change law, BBS guidance, examination administration, NASW ethics, and federal overlays at Stage 5D/release.","August 7, 2026",1.0,2026-08-07,Synchronized,Shared Core
CTA-EP-002-FC-0790,CTA-FC-0790,CTA-FC-0790,Active,KEEP-LCSW,Workbook 9,Documentation & Records,9,4,"Record Security, Storage, and Record Destruction",Risk Management,Physical Record Security,What risk-management principle should guide the response?,"Paper records require physical safeguards just as electronic records require technological protections. Leaving files unattended in a public area creates a risk that unauthorized people could view, photograph, remove, or disclose confidential information. Appropriate physical safeguards may include locked cabinets, controlled-access spaces, supervised visitors, and secure handling procedures.",Do not assume security means only cybersecurity. An exposed paper file creates the same basic confidentiality concern as an exposed electronic file.,WB9-C4-Q002,CTA-MQB-0750,WB9-C4,,CTA Master Flashcard Library v1.0 shared-core record; reconciled to final LCSW Stage 5B workbook/rationale lineage.,"Reconciled August 7, 2026; recheck high-change law, BBS guidance, examination administration, NASW ethics, and federal overlays at Stage 5D/release.","August 7, 2026",1.0,2026-08-07,Synchronized,Shared Core
CTA-EP-002-FC-0791,CTA-FC-0791,CTA-FC-0791,Active,KEEP-LCSW,Workbook 9,Documentation & Records,9,4,"Record Security, Storage, and Record Destruction",Risk Management,"Physical, Administrative, and Electronic Safeguards",What risk-management principle should guide the response?,"Effective record security depends on more than technology. Administrative safeguards help ensure that people understand how information may be accessed, used, disclosed, and protected. The practice should provide staff training, prohibit shared credentials, assign access according to role, establish security policies, and create procedures for identifying and reporting incidents.",Use the P-A-E framework: Physical safeguards Administrative safeguards Electronic safeguards The strongest security system uses all three.,WB9-C4-Q003,CTA-MQB-0751,WB9-C4,,CTA Master Flashcard Library v1.0 shared-core record; reconciled to final LCSW Stage 5B workbook/rationale lineage.,"Reconciled August 7, 2026; recheck high-change law, BBS guidance, examination administration, NASW ethics, and federal overlays at Stage 5D/release.","August 7, 2026",1.0,2026-08-07,Synchronized,Shared Core
CTA-EP-002-FC-0792,CTA-FC-0792,CTA-FC-0792,Active,KEEP-LCSW,Workbook 9,Documentation & Records,9,4,"Record Security, Storage, and Record Destruction",Application Principle,Role-Based Access Controls,What principle should guide the clinician’s decision?,"Access to clinical records should be based on need, authorization, and appropriate purpose. A receptionist may need access to scheduling, contact, or billing information without needing unrestricted access to diagnoses, progress notes, risk assessments, or psychotherapy content. Role-based access controls reduce unnecessary exposure while allowing employees to perform authorized responsibilities.",Use the access formula: Need + Authorization + Purpose = Appropriate Access,WB9-C4-Q004,CTA-MQB-0752,WB9-C4,,CTA Master Flashcard Library v1.0 shared-core record; reconciled to final LCSW Stage 5B workbook/rationale lineage.,"Reconciled August 7, 2026; recheck high-change law, BBS guidance, examination administration, NASW ethics, and federal overlays at Stage 5D/release.","August 7, 2026",1.0,2026-08-07,Synchronized,Shared Core
CTA-EP-002-FC-0793,CTA-FC-0793,CTA-FC-0793,Active,KEEP-LCSW,Workbook 9,Documentation & Records,9,4,"Record Security, Storage, and Record Destruction",Risk Management,Security During Record Transportation,What risk-management principle should guide the response?,"Records remain confidential while being transported. Appropriate safeguards may include secure containers, controlled possession, direct transportation, tracking procedures, and limiting opportunities for theft, loss, or unauthorized viewing. Changing the record’s location does not reduce the therapist’s duty to protect it.",Remember: Confidentiality follows the record wherever it goes.,WB9-C4-Q005,CTA-MQB-0753,WB9-C4,,CTA Master Flashcard Library v1.0 shared-core record; reconciled to final LCSW Stage 5B workbook/rationale lineage.,"Reconciled August 7, 2026; recheck high-change law, BBS guidance, examination administration, NASW ethics, and federal overlays at Stage 5D/release.","August 7, 2026",1.0,2026-08-07,Synchronized,Shared Core
CTA-EP-002-FC-0794,CTA-FC-0794,CTA-FC-0794,Active,KEEP-LCSW,Workbook 9,Documentation & Records,9,4,"Record Security, Storage, and Record Destruction",Application Principle,Secure Electronic Transmission,What principle should guide the clinician’s decision?,"Before transmitting confidential information electronically, the therapist should verify: The recipient’s identity and address The existence and scope of authorization The correct client and attachment The appropriateness of the information being sent The security of the transmission method Catching the mistake before sending prevents an avoidable unauthorized disclosure.","Before pressing Send, verify: Client + recipient + authority + attachment + method",WB9-C4-Q006,CTA-MQB-0754,WB9-C4,,CTA Master Flashcard Library v1.0 shared-core record; reconciled to final LCSW Stage 5B workbook/rationale lineage.,"Reconciled August 7, 2026; recheck high-change law, BBS guidance, examination administration, NASW ethics, and federal overlays at Stage 5D/release.","August 7, 2026",1.0,2026-08-07,Synchronized,Shared Core
CTA-EP-002-FC-0795,CTA-FC-0795,CTA-FC-0795,Active,KEEP-LCSW,Workbook 9,Documentation & Records,9,4,"Record Security, Storage, and Record Destruction",Application Principle,Disaster Planning and Recovery,What principle should guide the clinician’s decision?,"Record security includes protection from more than unauthorized viewing. Practices should also prepare for fire, flood, theft, hardware failure, human error, and other events that could make records unavailable. A reasonable plan may include safer physical storage, redundant or electronic backups, disaster procedures, recovery protocols, and assignment of responsibility.",Security protects against: Unauthorized access and unexpected loss,WB9-C4-Q007,CTA-MQB-0755,WB9-C4,,CTA Master Flashcard Library v1.0 shared-core record; reconciled to final LCSW Stage 5B workbook/rationale lineage.,"Reconciled August 7, 2026; recheck high-change law, BBS guidance, examination administration, NASW ethics, and federal overlays at Stage 5D/release.","August 7, 2026",1.0,2026-08-07,Synchronized,Shared Core
CTA-EP-002-FC-0796,CTA-FC-0796,CTA-FC-0796,Active,KEEP-LCSW,Workbook 9,Documentation & Records,9,4,"Record Security, Storage, and Record Destruction",Application Principle,Secure Record Destruction,What principle should guide the clinician’s decision?,"The purpose of secure destruction is to prevent unauthorized reconstruction or recovery. Paper records may require shredding or an approved confidential-destruction service. Electronic information may require secure deletion, media sanitization, or physical destruction of the storage device. The practice should follow applicable policies and may document what was destroyed, when, how, and by whom.",Use the destruction rule: Destroy → Prevent recovery → Protect confidentiality,WB9-C4-Q008,CTA-MQB-0756,WB9-C4,,CTA Master Flashcard Library v1.0 shared-core record; reconciled to final LCSW Stage 5B workbook/rationale lineage.,"Reconciled August 7, 2026; recheck high-change law, BBS guidance, examination administration, NASW ethics, and federal overlays at Stage 5D/release.","August 7, 2026",1.0,2026-08-07,Synchronized,Shared Core
CTA-EP-002-FC-0797,CTA-FC-0797,CTA-FC-0797,Active,KEEP-LCSW,Workbook 9,Documentation & Records,9,4,"Record Security, Storage, and Record Destruction",Risk Management,Lost Device and Security-Incident Response,What risk-management principle should guide the response?,"A lost or stolen device requires prompt and organized action. The therapist or practice should determine: What information was stored Whether it was identifiable What security protections were present Whether remote locking or deletion is possible Who must be notified internally or externally What corrective measures are needed How the incident and response should be documented The exact notification obligations depend on the facts, but delaying the initial assessment is not appropriate.","For a security incident, use: Identify → Contain → Assess → Report → Correct → Document",WB9-C4-Q009,CTA-MQB-0757,WB9-C4,,CTA Master Flashcard Library v1.0 shared-core record; reconciled to final LCSW Stage 5B workbook/rationale lineage.,"Reconciled August 7, 2026; recheck high-change law, BBS guidance, examination administration, NASW ethics, and federal overlays at Stage 5D/release.","August 7, 2026",1.0,2026-08-07,Synchronized,Shared Core
CTA-EP-002-FC-0798,CTA-FC-0798,CTA-FC-0798,Active,KEEP-LCSW,Workbook 9,Documentation & Records,9,4,"Record Security, Storage, and Record Destruction",Application Principle,Destruction Vendor and Professional Responsibility,What principle should guide the clinician’s decision?,"Using an outside vendor does not eliminate the practice’s responsibility to protect confidential information. The practice should evaluate the vendor’s safeguards, destruction methods, handling procedures, contractual responsibilities, and ability to document completion. Appropriate oversight may include secure transfer, controlled access, verified destruction, and a certificate or other record identifying what was destroyed and when.",Outsourcing the task does not outsource accountability. Look for: Secure process + defined responsibility + verified destruction,WB9-C4-Q010,CTA-MQB-0758,WB9-C4,,CTA Master Flashcard Library v1.0 shared-core record; reconciled to final LCSW Stage 5B workbook/rationale lineage.,"Reconciled August 7, 2026; recheck high-change law, BBS guidance, examination administration, NASW ethics, and federal overlays at Stage 5D/release.","August 7, 2026",1.0,2026-08-07,Synchronized,Shared Core
CTA-EP-002-FC-0799,CTA-FC-0799,CTA-FC-0799,Active,KEEP-LCSW,Workbook 9,Documentation & Records,9,4,"Record Security, Storage, and Record Destruction",Distinction,Retention vs. Security,How should these concepts be separated on the exam?,"Record retention focuses on preserving records for the applicable period. Record security focuses on protecting those records from unauthorized access, loss, theft, alteration, damage, disclosure, and improper destruction. The responsibilities overlap because retained records must also remain secure, accessible, and reliable.",Use the memory aid: Retention = KeepSecurity = Protect,WB9-C4-Q011,CTA-MQB-0759,WB9-C4,,CTA Master Flashcard Library v1.0 shared-core record; reconciled to final LCSW Stage 5B workbook/rationale lineage.,"Reconciled August 7, 2026; recheck high-change law, BBS guidance, examination administration, NASW ethics, and federal overlays at Stage 5D/release.","August 7, 2026",1.0,2026-08-07,Synchronized,Shared Core
CTA-EP-002-FC-0800,CTA-FC-0800,CTA-FC-0800,Active,KEEP-LCSW,Workbook 9,Documentation & Records,9,4,"Record Security, Storage, and Record Destruction",Application Principle,Shared Passwords,What principle should guide the clinician’s decision?,"Individual credentials help limit access, support accountability, and create reliable audit trails. Shared passwords make it difficult to determine who viewed, entered, altered, or disclosed information. Access should be based on each person’s authorization, role, and appropriate professional purpose.",Look for security measures that create: Individual access + role limits + accountability,WB9-C4-Q012,CTA-MQB-0760,WB9-C4,,CTA Master Flashcard Library v1.0 shared-core record; reconciled to final LCSW Stage 5B workbook/rationale lineage.,"Reconciled August 7, 2026; recheck high-change law, BBS guidance, examination administration, NASW ethics, and federal overlays at Stage 5D/release.","August 7, 2026",1.0,2026-08-07,Synchronized,Shared Core
CTA-EP-002-FC-0801,CTA-FC-0801,CTA-FC-0801,Active,KEEP-LCSW,Workbook 9,Documentation & Records,9,4,"Record Security, Storage, and Record Destruction",Application Principle,Confidential Disposal,What principle should guide the clinician’s decision?,"Record destruction should prevent unauthorized reconstruction or recovery. Paper clinical records generally require shredding, an approved confidential-destruction service, or another secure method. Ordinary trash leaves sensitive information vulnerable to viewing, removal, or disclosure.",Secure destruction means: The information cannot reasonably be recovered.,WB9-C4-Q013,CTA-MQB-0761,WB9-C4,,CTA Master Flashcard Library v1.0 shared-core record; reconciled to final LCSW Stage 5B workbook/rationale lineage.,"Reconciled August 7, 2026; recheck high-change law, BBS guidance, examination administration, NASW ethics, and federal overlays at Stage 5D/release.","August 7, 2026",1.0,2026-08-07,Synchronized,Shared Core
CTA-EP-002-FC-0802,CTA-FC-0802,CTA-FC-0802,Active,KEEP-LCSW,Workbook 9,Documentation & Records,9,4,"Record Security, Storage, and Record Destruction",Application Principle,Use of an Unsecured Network,What principle should guide the clinician’s decision?,"Electronic security includes protecting information during access and transmission. Public networks and visible screens may expose client information through interception, unauthorized viewing, or device compromise. The therapist should use appropriate technical safeguards and work in a setting that protects privacy before accessing identifiable records.",Remote access requires protection of both: The connection and the physical environment,WB9-C4-Q014,CTA-MQB-0762,WB9-C4,,CTA Master Flashcard Library v1.0 shared-core record; reconciled to final LCSW Stage 5B workbook/rationale lineage.,"Reconciled August 7, 2026; recheck high-change law, BBS guidance, examination administration, NASW ethics, and federal overlays at Stage 5D/release.","August 7, 2026",1.0,2026-08-07,Synchronized,Shared Core
CTA-EP-002-FC-0803,CTA-FC-0803,CTA-FC-0803,Active,KEEP-LCSW,Workbook 9,Documentation & Records,9,4,"Record Security, Storage, and Record Destruction",Application Principle,Suspected Unauthorized Electronic Access,What principle should guide the clinician’s decision?,"Possible unauthorized access is a security incident that requires a prompt and organized response. The practice should determine: Which records were accessed Whether the employee was authorized Why the access occurred Whether information was viewed, altered, or disclosed What containment and reporting steps are required What training, discipline, or system corrections are appropriate Audit information should be preserved as part of the investigation and documentation process.","When suspicious access appears, choose: Contain → Investigate → Assess → Report → Correct → Document",WB9-C4-Q015,CTA-MQB-0763,WB9-C4,,CTA Master Flashcard Library v1.0 shared-core record; reconciled to final LCSW Stage 5B workbook/rationale lineage.,"Reconciled August 7, 2026; recheck high-change law, BBS guidance, examination administration, NASW ethics, and federal overlays at Stage 5D/release.","August 7, 2026",1.0,2026-08-07,Synchronized,Shared Core
CTA-EP-002-FC-0804,CTA-FC-0804,CTA-FC-0804,Active,KEEP-LCSW,Workbook 9,Documentation & Records,9,4,"Record Security, Storage, and Record Destruction",Application Principle,Destruction During an Investigation or Legal Hold,What principle should guide the clinician’s decision?,"A routine destruction schedule does not override a pending investigation, legal hold, complaint, audit, or other preservation obligation. When uncertainty exists, preservation is generally favored until the practice determines whether destruction is legally and professionally permissible. The decision and any consultation should be documented appropriately.","Before destroying records, always ask: Is any complaint, investigation, audit, litigation, or legal hold pending?",WB9-C4-Q016,CTA-MQB-0764,WB9-C4,,CTA Master Flashcard Library v1.0 shared-core record; reconciled to final LCSW Stage 5B workbook/rationale lineage.,"Reconciled August 7, 2026; recheck high-change law, BBS guidance, examination administration, NASW ethics, and federal overlays at Stage 5D/release.","August 7, 2026",1.0,2026-08-07,Synchronized,Shared Core
CTA-EP-002-FC-0805,CTA-FC-0805,CTA-FC-0805,Active,KEEP-LCSW,Workbook 9,Documentation & Records,9,4,"Record Security, Storage, and Record Destruction",Risk Management,Comprehensive Record-Lifecycle Security - Part 1 of 3,What risk-management principle should guide the response?,Record security applies throughout the entire lifecycle and during every stage of the relocation.,,WB9-C4-Q017,CTA-MQB-0765,WB9-C4,,CTA Master Flashcard Library v1.0 shared-core record; reconciled to final LCSW Stage 5B workbook/rationale lineage.,"Reconciled August 7, 2026; recheck high-change law, BBS guidance, examination administration, NASW ethics, and federal overlays at Stage 5D/release.","August 7, 2026",1.0,2026-08-07,Synchronized,Shared Core
CTA-EP-002-FC-0806,CTA-FC-0806,CTA-FC-0806,Active,KEEP-LCSW,Workbook 9,Documentation & Records,9,4,"Record Security, Storage, and Record Destruction",Risk Management,Comprehensive Record-Lifecycle Security - Part 2 of 3,"What additional rule, exception, or safeguard applies?","A sound plan should include: Physical safeguards: Locked storage, inventories, secure containers, supervised transport, and controlled possession Administrative safeguards: Written procedures, authorized vendors, staff responsibilities, training, and incident reporting Electronic safeguards: Individual credentials, access controls, secure backups, encryption when appropriate, and reliable audit trails Preservation: Continued retention of records connected to complaints, investigations, or legal holds Secure destruction: Verified destruction only for records and media that are truly eligible Incident readiness: Procedures to identify, contain, assess, report, correct, and document a security failure This approach protects confidentiality, accessibility, integrity, and professional accountability",,WB9-C4-Q017,CTA-MQB-0765,WB9-C4,,CTA Master Flashcard Library v1.0 shared-core record; reconciled to final LCSW Stage 5B workbook/rationale lineage.,"Reconciled August 7, 2026; recheck high-change law, BBS guidance, examination administration, NASW ethics, and federal overlays at Stage 5D/release.","August 7, 2026",1.0,2026-08-07,Synchronized,Shared Core
CTA-EP-002-FC-0807,CTA-FC-0807,CTA-FC-0807,Active,KEEP-LCSW,Workbook 9,Documentation & Records,9,4,"Record Security, Storage, and Record Destruction",Risk Management,Comprehensive Record-Lifecycle Security - Part 3 of 3,"What additional rule, exception, or safeguard applies?",throughout the transition.,"For integrated security questions, apply: Physical + Administrative + Electronic safeguards Then check every lifecycle stage: Create → Store → Access → Transfer → Retain → Destroy",WB9-C4-Q017,CTA-MQB-0765,WB9-C4,,CTA Master Flashcard Library v1.0 shared-core record; reconciled to final LCSW Stage 5B workbook/rationale lineage.,"Reconciled August 7, 2026; recheck high-change law, BBS guidance, examination administration, NASW ethics, and federal overlays at Stage 5D/release.","August 7, 2026",1.0,2026-08-07,Synchronized,Shared Core
CTA-EP-002-FC-0808,FC-LS-001,,Active,NEW-LCSW,License-Specific Module,LCSW/ASW License-Specific Law & Ethics,,1,Unit 1: License-Specific Foundations,License-Specific,Source Hierarchy,"When current California law or an effective regulation conflicts with an old employer manual, what controls the legal conclusion?","The current statute and effective regulation control. BBS guidance, professional ethics, employer policy, and CTA materials serve different functions and do not override controlling law.",Classify the source before applying it: law and effective regulation first for legal conclusions.,CTA-EP-002-LS-Q001,,Unit 1 | LO-1 | Lesson 1.1-1.2,source hierarchy reversed,"Clinical Social Worker Practice Act (BPC ch. 14); Title 16, Division 18 BBS regulations; current BBS guidance; NASW Code of Ethics treated as a separate ethics source.",Current-law hierarchy; recheck source dates at release.,"August 7, 2026",1.0,2026-08-07,Synchronized,LS
CTA-EP-002-FC-0809,FC-LS-002,,Active,NEW-LCSW,License-Specific Module,LCSW/ASW License-Specific Law & Ethics,,1,Unit 1: License-Specific Foundations,License-Specific,Policy Is Not Disclosure Authority,"A nonurgent care-coordination request has no authorization, legal mandate, or other documented disclosure basis. What sequence should the LCSW use?","Pause the disclosure, verify legal authority and applicability, share only what is authorized and needed, and document the reasoning.","When authority is unclear and the disclosure is not urgent, pause, verify, then disclose only what is authorized and needed.",CTA-EP-002-LS-Q002,,Unit 1 | LO-1 | Lesson 1.2-1.3,purpose mistaken for authority,Applicable California confidentiality and record-disclosure authority; setting-dependent federal privacy overlay; NASW Standards 1.01 and 1.07; employer policy remains subordinate to controlling law.,High-change privacy overlay; verify applicable law before rationale lock.,"August 7, 2026",1.0,2026-08-07,Synchronized,LS
CTA-EP-002-FC-0810,FC-LS-003,,Active,NEW-LCSW,License-Specific Module,LCSW/ASW License-Specific Law & Ethics,,2,Unit 2: License-Specific Foundations,License-Specific,ASW Milestones vs. LCSW Status,What changes a California ASW’s legal status to LCSW?,"Only issuance of the LCSW license by the Board. Passing an examination, completing hours, obtaining supervisor approval, or filing an application does not independently create licensure.","Separate milestones from status: passed exam, completed hours, applied, approved, and licensed are not interchangeable.",CTA-EP-002-LS-Q003,,Unit 2 | LO-3 | Lesson 2.1,milestone treated as licensure,"BPC sections 4996(a)-(b), 4996.18, and related BBS LCSW applicant and ASW-status guidance.",Current licensure pathway; recheck BBS applicant guidance before release.,"August 7, 2026",1.0,2026-08-07,Synchronized,LS
CTA-EP-002-FC-0811,FC-LS-004,,Active,NEW-LCSW,License-Specific Module,LCSW/ASW License-Specific Law & Ethics,,2,Unit 2: License-Specific Foundations,License-Specific,Clinical Social Work Scope vs. Competence,Can California clinical social work include counseling and nonmedical psychotherapy with families and groups?,"Yes. The statutory scope includes work with individuals, families, and groups, but the clinician still needs competence, valid consent, lawful status, and clear professional roles.","Use a two-step analysis: profession-wide scope first, then individual competence and present authority.",CTA-EP-002-LS-Q004,,Unit 2 | LO-2 | Lesson 2.2-2.4,scope narrowed or competence ignored,BPC section 4996.9 (clinical social work and psychotherapy defined).,Durable statutory scope; recheck current statutory text before release.,"August 7, 2026",1.0,2026-08-07,Synchronized,LS
CTA-EP-002-FC-0812,FC-LS-005,,Active,NEW-LCSW,License-Specific Module,LCSW/ASW License-Specific Law & Ethics,,2,Unit 2: License-Specific Foundations,License-Specific,Treatment Role vs. Evaluative Role,"Before a treating LCSW accepts an employer’s request for a fitness evaluation, what must be clarified first?","Clarify the proposed role, who the client is, the purpose and audience, how information will be used, confidentiality limits, and whether treatment and evaluation roles can be separated without conflict.","Before choosing a role, define the client, purpose, audience, confidentiality, and conflict structure.",CTA-EP-002-LS-Q005,,Unit 2 | LO-2 | Lesson 2.5,release substituted for role analysis,"BPC section 4996.9; NASW standards on informed consent, conflicts of interest, privacy/confidentiality, and evaluative roles.",Current professional-role analysis; no date-sensitive fact in stem.,"August 7, 2026",1.0,2026-08-07,Synchronized,LS
CTA-EP-002-FC-0813,FC-LS-006,,Active,NEW-LCSW,License-Specific Module,LCSW/ASW License-Specific Law & Ethics,,2,Unit 2: License-Specific Foundations,License-Specific,Repairing a Competence Gap,What should an ASW do when a service is within the broad field of clinical social work but beyond the ASW’s present method-specific competence?,"Address the gap with the supervisor, obtain appropriate training and supervised practice or qualified consultation or referral, and protect safe continuity while the plan is implemented.",Within scope does not mean within competence. Repair the competence gap while protecting continuity.,CTA-EP-002-LS-Q006,,Unit 2 | LO-2 / LO-7 | Lesson 2.4 and 2.6,scope mistaken for competence,"BPC sections 4992.3(t)-(u) and 4996.9; applicable ASW supervision law; NASW competence, consultation/referral, and continuity standards.",Current competence and supervision principles; recheck dependent supervision rules at release.,"August 7, 2026",1.0,2026-08-07,Synchronized,LS
CTA-EP-002-FC-0814,FC-LS-007,,Active,NEW-LCSW,License-Specific Module,LCSW/ASW License-Specific Law & Ethics,,3,Unit 3: License-Specific Foundations,License-Specific,The ASW 90-Day Rule,What does the California ASW 90-day rule do - and what does it not do?,"It may allow credit for qualifying pre-registration hours when the timing, later registration, supervision, workplace, and Live Scan conditions are met. It does not create ASW status or private-practice authority.",Remember: the 90-day rule credits qualifying hours; it does not create ASW status or private-practice authority.,CTA-EP-002-LS-Q007,,Unit 3 | LO-4 | Lesson 3.2-3.3,crediting rule treated as registration,BPC section 4996.23(b)-(c); BBS ASW FAQ and 90-Day Rule guidance revised January 2026.,High-change pathway rule; recheck BBS FAQ and current statute before release.,"August 7, 2026",1.0,2026-08-07,Synchronized,LS
CTA-EP-002-FC-0815,FC-LS-008,,Active,NEW-LCSW,License-Specific Module,LCSW/ASW License-Specific Law & Ethics,,3,Unit 3: License-Specific Foundations,License-Specific,Four Separate Pathway Clocks,Which four timing duties should an ASW keep separate when planning renewal and examination participation?,"Annual registration renewal, required California Law and Ethics education, the examination-attempt duty until passage, and the 90-day retake interval after an unsuccessful attempt.","Keep four clocks separate: registration renewal, required education, exam attempt, and 90-day retake.",CTA-EP-002-LS-Q008,,Unit 3 | LO-4 | Lesson 3.4,pathway clocks collapsed,"BPC sections 4992.09(b)-(e), 4996.22, and 4996.28(a); 16 CCR section 1805.05; current BBS registration and re-examination guidance.",High-change renewal/examination rule; recheck before release.,"August 7, 2026",1.0,2026-08-07,Synchronized,LS
CTA-EP-002-FC-0816,FC-LS-009,,Active,NEW-LCSW,License-Specific Module,LCSW/ASW License-Specific Law & Ethics,,3,Unit 3: License-Specific Foundations,License-Specific,Subsequent Registration Is Not Licensure,What is the key limit of a subsequent ASW registration after the six-year lifespan?,"A subsequent registration may permit qualifying work in allowed settings when current requirements are met, but it may not be used for private-practice or professional-corporation work and does not authorize independent LCSW practice.",Do not let “subsequent registration” or “passed exam” become shorthand for private or independent practice.,CTA-EP-002-LS-Q009,,Unit 3 | LO-4 | Lesson 3.5-3.6,subsequent number treated as license,BPC section 4996.28(c) (six-year limit and subsequent registration; private-practice prohibition).,High-change subsequent-registration rule; recheck current law and BBS guidance.,"August 7, 2026",1.0,2026-08-07,Synchronized,LS
CTA-EP-002-FC-0817,FC-LS-010,,Active,NEW-LCSW,License-Specific Module,LCSW/ASW License-Specific Law & Ethics,,4,Unit 4: License-Specific Foundations,License-Specific,Complete ASW Advertising,What five elements must current ASW advertising include?,The full name filed with BBS; the full title “Registered Associate Clinical Social Worker”; the registration number; the employer or volunteer entity; and a statement that the ASW is supervised by a licensed person.,Use the ASW advertising checklist: filed name + full title + registration number + entity + supervised status.,CTA-EP-002-LS-Q010,,Unit 4 | LO-5 | Lesson 4.4,ASW advertising component omitted,"16 CCR section 1811(a)-(b), operative April 1, 2026; BBS Advertising Requirements Fact Sheet and examples.","Advertising rules effective April 1, 2026; mandatory recheck before release.","August 7, 2026",1.0,2026-08-07,Synchronized,LS
CTA-EP-002-FC-0818,FC-LS-011,,Active,NEW-LCSW,License-Specific Module,LCSW/ASW License-Specific Law & Ethics,,4,Unit 4: License-Specific Foundations,License-Specific,Pending Is Not Registered,May a graduate working under the 90-day rule advertise as an ASW before the Board issues a registration number?,"No. Use an accurate pending, unlicensed, and supervised description that does not imply registration or independent licensure, then update the advertising after issuance.",Pending is not registered. Describe the present status accurately and update the record when status changes.,CTA-EP-002-LS-Q011,,Unit 4 | LO-5 | Lesson 3.3 and 4.4,90-day rule treated as title authority,"BPC section 4996.23(b); 16 CCR section 1811; BBS 90-Day Rule, ASW FAQ, and pending-registration advertising guidance.",Advertising guidance revised March 2026; mandatory recheck before release.,"August 7, 2026",1.0,2026-08-07,Synchronized,LS
CTA-EP-002-FC-0819,FC-LS-012,,Active,NEW-LCSW,License-Specific Module,LCSW/ASW License-Specific Law & Ethics,,4,Unit 4: License-Specific Foundations,License-Specific,Employer-Created Advertising Error,What should an ASW do first after discovering that an employer-created profile omits required status information?,"Promptly contain and correct the continuing public misrepresentation. Then communicate with the employer, document the response, assess impact, and repair the process that produced the error.","When public misrepresentation is active and known, contain and correct it before routine policy repair.",CTA-EP-002-LS-Q012,,Unit 4 | LO-5 | Lesson 4.2 and 4.5,employer authorship treated as defense,"16 CCR section 1811; BPC sections 4992.3(g) and 4992.3(q); BBS Advertising Requirements Fact Sheet effective April 1, 2026.","Advertising rules effective April 1, 2026; mandatory recheck before release.","August 7, 2026",1.0,2026-08-07,Synchronized,LS
CTA-EP-002-FC-0820,FC-LS-013,,Active,NEW-LCSW,License-Specific Module,LCSW/ASW License-Specific Law & Ethics,,4,Unit 4: License-Specific Foundations,License-Specific,Telehealth Begins With Present Location,A telehealth client is temporarily in another state. What must be resolved before routine psychotherapy continues?,"Verify the client’s present location and immediate safety, then jurisdictional authority, supervision requirements, available emergency resources, privacy, and a lawful continuity plan.","Telehealth begins with present location and safety, then authority, supervision, privacy, and continuity.",CTA-EP-002-LS-Q013,,Unit 4 | LO-5 | Lesson 4.6,home state treated as current location,"16 CCR section 1815.5(d)-(e), effective January 1, 2026; BPC section 2290.5; law of the jurisdiction where the client is physically located; NASW technology, competence, and continuity standards.","Telehealth regulations effective January 1, 2026; mandatory jurisdiction and source recheck before release.","August 7, 2026",1.0,2026-08-07,Synchronized,LS
CTA-EP-002-FC-0821,FC-LS-014,,Active,NEW-LCSW,License-Specific Module,LCSW/ASW License-Specific Law & Ethics,,5,Unit 5: License-Specific Foundations,License-Specific,Employee or Volunteer - Not Contractor,Can weekly supervision make a 1099 private-practice arrangement lawful for an ASW?,"No. The arrangement must be structured as lawful employee or volunteer service, with all setting, supervision, oversight, and documentation requirements satisfied.",Ask employment or volunteer first; supervision is necessary but does not repair an independent-contractor structure.,CTA-EP-002-LS-Q014,,Unit 5 | LO-6 | Lesson 5.1 and 5.3,supervision treated as cure-all,"BPC section 4996.23.2(a)-(c) (employee/volunteer status, private-practice timing, and acceptable settings); BBS ASW FAQ.",Current employment/volunteer rule; recheck before release.,"August 7, 2026",1.0,2026-08-07,Synchronized,LS
CTA-EP-002-FC-0822,FC-LS-015,,Active,NEW-LCSW,License-Specific Module,LCSW/ASW License-Specific Law & Ethics,,5,Unit 5: License-Specific Foundations,License-Specific,No Direct Client Remuneration,May an ASW temporarily accept direct client payments when the employer’s billing system fails?,No. Stop the direct-payment arrangement and coordinate a lawful employer-based billing and continuity plan that does not require the ASW to receive client remuneration.,"When a known payment structure is prohibited, stop it first and then build lawful continuity.",CTA-EP-002-LS-Q015,,Unit 5 | LO-6 | Lesson 5.7,continuity used to excuse direct payment,BPC section 4996.23.2(h)-(i) (no remuneration directly from clients; employer payment and proprietary-interest limits).,Current payment rule; recheck statutory text before release.,"August 7, 2026",1.0,2026-08-07,Synchronized,LS
CTA-EP-002-FC-0823,FC-LS-016,,Active,NEW-LCSW,License-Specific Module,LCSW/ASW License-Specific Law & Ethics,,5,Unit 5: License-Specific Foundations,License-Specific,Weekly Supervision Calculation,"In one setting and one week, an ASW performs 14 hours of qualifying clinical services. How much qualifying direct supervisor contact is required under the module’s rule?",Two hours in that same week: the baseline hour plus an additional hour because the qualifying clinical-service total exceeds 10 hours.,"Calculate supervision by week and setting, then check whether qualifying clinical hours exceed 10.",CTA-EP-002-LS-Q016,,Unit 5 | LO-6 | Lesson 5.5,supervision averaged across weeks,BPC section 4996.23.1(a)(1)-(2); BBS ASW FAQ supervision-ratio guidance revised January 2026.,Current supervision-ratio rule; mandatory recheck before release.,"August 7, 2026",1.0,2026-08-07,Synchronized,LS
CTA-EP-002-FC-0824,FC-LS-017,,Active,NEW-LCSW,License-Specific Module,LCSW/ASW License-Specific Law & Ethics,,5,Unit 5: License-Specific Foundations,License-Specific,Supervision Does Not Transfer Competence,Does a supervisor’s direction or signature authorize an ASW to perform specialized work beyond the ASW’s competence?,"No. Identify the competence and role problem, decline or limit the unsafe assignment, seek qualified supervision or consultation, arrange referral or coverage, document the response, and escalate if protection remains at risk.","Supervisor direction does not replace competence, role clarity, or client protection.",CTA-EP-002-LS-Q017,,Unit 5 | LO-2 / LO-6 / LO-7 | Lesson 5.4 plus Unit 2 competence control,supervision mistaken for transferred competence,"BPC sections 4992.3(t)-(u), 4996.9, 4996.23.1, and 4996.23.2; NASW competence, supervision, integrity, and client-welfare standards.",Current competence/supervision principles; recheck dependent rules before release.,"August 7, 2026",1.0,2026-08-07,Synchronized,LS
CTA-EP-002-FC-0825,FC-LS-018,,Active,NEW-LCSW,License-Specific Module,LCSW/ASW License-Specific Law & Ethics,,6,Unit 6: License-Specific Foundations,License-Specific,LCSW Record-Retention Clocks,What minimum California LCSW record-retention clocks are taught in the module?,"For adults, retain records for at least seven years after therapy terminates. For minors, retain them for at least seven years from the date the client reaches age 18.",Anchor the calculation to termination for adults and to the client reaching age 18 for minors.,CTA-EP-002-LS-Q018,,Unit 6 | LO-7 | Lesson 6.4,retention clock started at wrong event,"BPC section 4993(a)-(b) (LCSW client-record retention). Source-control correction from the blueprint label BPC 4996.9; the stem, options, key, and rationale are unchanged.",Current statutory minimum; recheck statute before release.,"August 7, 2026",1.0,2026-08-07,Synchronized,LS
CTA-EP-002-FC-0826,FC-LS-019,,Active,NEW-LCSW,License-Specific Module,LCSW/ASW License-Specific Law & Ethics,,6,Unit 6: License-Specific Foundations,License-Specific,Referral Compensation,What question helps determine whether compensation connected to a referral is proper?,"Ask what actual professional service supports the payment. Decline compensation for the referral itself, preserve the client’s informed choice, and use transparent payment only for an actual service.",Ask what service supports the payment. A referral itself is not the professional service.,CTA-EP-002-LS-Q019,,Unit 6 | LO-7 | Lesson 6.3,disclosure treated as cure for referral payment,BPC section 4992.3(p) (referral compensation must relate to professional counseling services actually provided); NASW client-interest and conflict-of-interest standards.,Current fee/referral rule; recheck applicable statute before release.,"August 7, 2026",1.0,2026-08-07,Synchronized,LS
CTA-EP-002-FC-0827,FC-LS-020,,Active,NEW-LCSW,License-Specific Module,LCSW/ASW License-Specific Law & Ethics,,6,Unit 6: License-Specific Foundations,License-Specific,Impairment Plus a Confidentiality Incident,An impaired LCSW sends a client assessment to the wrong recipient and has another appointment soon. What occurs first?,"Contain the disclosure, stop or limit unsafe practice, obtain assistance and coverage, assess required notification or reporting steps, and document the response and continuity plan.","When impairment and a confidentiality incident are both active, contain and protect before routine consultation.",CTA-EP-002-LS-Q020,,Unit 6 | LO-7 | Lesson 6.5,private cause used to delay public protection,"BPC sections 4992.3(c)-(d), 4992.3(n), and 4992.3(w); applicable incident-notification law; NASW impairment, competence, confidentiality, and client-protection standards.",Privacy applicability may vary by setting; recheck before release.,"August 7, 2026",1.0,2026-08-07,Synchronized,LS
CTA-EP-002-FC-0828,FC-LS-021,,Active,NEW-LCSW,License-Specific Module,LCSW/ASW License-Specific Law & Ethics,,7,Unit 7: License-Specific Foundations,License-Specific,California Law and NASW Ethics,How should a candidate distinguish California law from the NASW Code of Ethics?,"Current law and regulation control legal mandates and limits. The NASW Code guides professional reasoning and may set broader ethical expectations, but it does not create authority to disregard law.","Separate the questions: what does law require, and what does ethical practice require within that lawful boundary?",CTA-EP-002-LS-Q021,,Unit 7 | LO-8 | Lesson 7.1,law and ethics collapsed,"NASW Code of Ethics, Purpose and Ethical Standards; applicable California law and regulation remain separately controlling for legal duties.",NASW current 2021 update and current California law; recheck at release.,"August 7, 2026",1.0,2026-08-07,Synchronized,LS
CTA-EP-002-FC-0829,FC-LS-022,,Active,NEW-LCSW,License-Specific Module,LCSW/ASW License-Specific Law & Ethics,,7,Unit 7: License-Specific Foundations,License-Specific,Cultural Humility and Self-Determination,A client declines family involvement even though the LCSW believes it could help. What is the most ethical response?,"Respect the informed decision, explore its meaning and context with cultural humility, and keep the option open without coercion, stereotyping, or substituting professional preference for client choice.",Cultural humility asks; it does not presume. Respect informed choice unless a controlling safety or legal limit applies.,CTA-EP-002-LS-Q022,,Unit 7 | LO-8 | Lesson 7.2 and 7.4,stereotype substituted for client meaning,"NASW Standards 1.01, 1.02, 1.03, and 1.05 on client welfare, self-determination, informed consent, and cultural competence/humility.",Current NASW Code; no date-sensitive California rule in stem.,"August 7, 2026",1.0,2026-08-07,Synchronized,LS
CTA-EP-002-FC-0830,FC-LS-023,,Active,NEW-LCSW,License-Specific Module,LCSW/ASW License-Specific Law & Ethics,,7,Unit 7: License-Specific Foundations,License-Specific,Protect the Client and Repair the System,An agency’s automatic case-closure policy could harm high-risk clients and ignores access barriers. What response integrates ethics and advocacy?,"Assess and protect affected clients, identify controlling duties, document risk and barriers, escalate through appropriate channels, and advocate for a policy that includes access, equity, safety, and continuity review.","In organizational conflicts, protect the client now and repair the system through documented, proportionate escalation.",CTA-EP-002-LS-Q023,,Unit 7 | LO-8 | Lesson 7.5-7.6,compliance or secrecy substituted for ethical escalation,"NASW standards on client welfare, access/nondiscrimination, administration, employer commitments, integrity, advocacy, and continuity; applicable California duties as case facts require.",Organizational ethics framework; recheck any law-specific implementation used in rationale.,"August 7, 2026",1.0,2026-08-07,Synchronized,LS
CTA-EP-002-FC-0831,FC-LS-024,,Active,NEW-LCSW,License-Specific Module,LCSW/ASW License-Specific Law & Ethics,,8,Unit 8: License-Specific Foundations,License-Specific,“Candidate” Is Not a Legal Status,An ASW who passed the examination and completed hours advertises “LCSW Candidate - Independent Social Worker.” What should occur first?,"Stop and correct the misleading independent-LCSW representation. Continue only within lawful ASW status and supervision until the Board issues the license, then complete communication and documentation.","In integrated cases, correct the active unlawful or misleading condition before later paperwork and policy repair.",CTA-EP-002-LS-Q024,,Unit 8 | LO-9 | Lesson 8.1 and Case 8A,“candidate” treated as legal status,"BPC sections 4996(a)-(b), 4992.3(g), 4992.3(q), 4996.23, and 4996.28; 16 CCR section 1811; BBS ASW pathway and advertising guidance.",High-change pathway/advertising interface; recheck before release.,"August 7, 2026",1.0,2026-08-07,Synchronized,LS
CTA-EP-002-FC-0832,FC-LS-025,,Active,NEW-LCSW,License-Specific Module,LCSW/ASW License-Specific Law & Ethics,,8,Unit 8: License-Specific Foundations,License-Specific,Established Legal Threshold: Act,"An ASW determines that a current legal reporting threshold has been met, but the client asks to wait for the regular supervisor. What is the best response?",Complete the required action without avoidable delay; explain it transparently as the situation permits; limit disclosure to what is required; address safety and continuity; consult without delaying; and document.,"When the legal threshold is already met, act without avoidable delay and use ethics to shape the least harmful lawful implementation.",CTA-EP-002-LS-Q025,,Unit 8 | LO-9 | Lesson 8.1 and Case 8D,consultation or alliance used to delay immediate duty,"Applicable California reporting statute once identified by the case (including BPC section 4992.3(x) or (y) when relevant); NASW confidentiality, self-determination, client-welfare, and legal-obligation standards.",The specific reporting law must be identified and rechecked in any released adaptation; this item assumes the threshold is already established.,"August 7, 2026",1.0,2026-08-07,Synchronized,LS
CTA-EP-002-FC-0833,FC-WB1C4-001,,Active,REPLACE-LCSW,Workbook 1,"Informed Consent, Minors & Families",1,4,Required Disclosures,LCSW Replacement,LCSW Minimum Advertising Elements,What minimum information should a California LCSW include in an advertisement?,"Use the first and last name filed with the Board, the license number, and the complete title “Licensed Clinical Social Worker” or the approved abbreviation “LCSW.”",Inventory every required identity element before selecting an answer.,WB1-C4-Q001,CTA-MQB-0052,WB1-C4 §2,FOUNDATION,"California BBS advertising requirements for LCSWs and ASWs; exact title, number, employer, licensed supervision, visibility, and nonmisleading representation","Guidance revised March 2026 and effective April 1, 2026; recheck before release","August 7, 2026",1.0,2026-08-07,Synchronized,WB1C4
CTA-EP-002-FC-0834,FC-WB1C4-002,,Active,REPLACE-LCSW,Workbook 1,"Informed Consent, Minors & Families",1,4,Required Disclosures,LCSW Replacement,ASW Abbreviation and Full Title,May a registered associate use only “ASW” after the person’s name?,No. “ASW” may be used only when the full title “Registered Associate Clinical Social Worker” also appears.,Protected-title questions often turn on one missing status word: “Registered.”,WB1-C4-Q002,CTA-MQB-0053,WB1-C4 §3,TITLE,"California BBS advertising requirements for LCSWs and ASWs; exact title, number, employer, licensed supervision, visibility, and nonmisleading representation","Guidance revised March 2026 and effective April 1, 2026; recheck before release","August 7, 2026",1.0,2026-08-07,Synchronized,WB1C4
CTA-EP-002-FC-0835,FC-WB1C4-003,,Active,REPLACE-LCSW,Workbook 1,"Informed Consent, Minors & Families",1,4,Required Disclosures,LCSW Replacement,Licensed-Supervision Statement,Does listing the ASW’s employer automatically satisfy the supervision disclosure?,No. Employer identity and licensed supervision are separate required elements. The advertisement must clearly state that the ASW is supervised by a licensed person.,Do not merge separate disclosure elements.,WB1-C4-Q003,CTA-MQB-0054,WB1-C4 §3,OMISSION,"California BBS advertising requirements for LCSWs and ASWs; exact title, number, employer, licensed supervision, visibility, and nonmisleading representation","Guidance revised March 2026 and effective April 1, 2026; recheck before release","August 7, 2026",1.0,2026-08-07,Synchronized,WB1C4
CTA-EP-002-FC-0836,FC-WB1C4-004,,Active,REPLACE-LCSW,Workbook 1,"Informed Consent, Minors & Families",1,4,Required Disclosures,LCSW Replacement,LCSW License-Number Visibility,What should an LCSW do when a public profile uses “LCSW” but omits the license number?,Promptly add the license number in a reasonably visible location near the professional identifying information.,Correct the actual omission instead of removing accurate information.,WB1-C4-Q004,CTA-MQB-0055,WB1-C4 §2 and §5,VISIBILITY,"California BBS advertising requirements for LCSWs and ASWs; exact title, number, employer, licensed supervision, visibility, and nonmisleading representation","Guidance revised March 2026 and effective April 1, 2026; recheck before release","August 7, 2026",1.0,2026-08-07,Synchronized,WB1C4
CTA-EP-002-FC-0837,FC-WB1C4-005,,Active,REPLACE-LCSW,Workbook 1,"Informed Consent, Minors & Families",1,4,Required Disclosures,LCSW Replacement,ACSW Is Not ASW,Can “ACSW” replace the California ASW title?,No. “ACSW” is not an approved substitute for the California ASW status and may be confused with another social-work credential.,Reject familiar-looking abbreviations that are not approved for the California status.,WB1-C4-Q005,CTA-MQB-0056,WB1-C4 §3,TITLE,"California BBS advertising requirements for LCSWs and ASWs; exact title, number, employer, licensed supervision, visibility, and nonmisleading representation","Guidance revised March 2026 and effective April 1, 2026; recheck before release","August 7, 2026",1.0,2026-08-07,Synchronized,WB1C4
CTA-EP-002-FC-0838,FC-WB1C4-006,,Active,REPLACE-LCSW,Workbook 1,"Informed Consent, Minors & Families",1,4,Required Disclosures,LCSW Replacement,False Licensed-Status Correction,What is the first response when an ASW profile falsely says “Licensed Clinical Social Worker”?,"Contain and correct the public misrepresentation promptly, notify the responsible employer or platform, verify the complete ASW disclosures, and document the repair.","Active false-licensure claims require immediate correction, not later verbal clarification.",WB1-C4-Q006,CTA-MQB-0057,WB1-C4 §6,REPAIR,"California BBS advertising requirements for LCSWs and ASWs; exact title, number, employer, licensed supervision, visibility, and nonmisleading representation","Guidance revised March 2026 and effective April 1, 2026; recheck before release","August 7, 2026",1.0,2026-08-07,Synchronized,WB1C4
CTA-EP-002-FC-0839,FC-WB1C4-007,,Active,REPLACE-LCSW,Workbook 1,"Informed Consent, Minors & Families",1,4,Required Disclosures,LCSW Replacement,Reasonable Visibility and Placement,"Are required ASW disclosures sufficient when they appear in tiny, buried text?",No. Required information must be reasonably visible and understandable in the overall consumer-facing presentation.,Ask whether a reasonable consumer can actually see and understand the disclosure.,WB1-C4-Q007,CTA-MQB-0058,WB1-C4 §5,VISIBILITY,"California BBS advertising requirements for LCSWs and ASWs; exact title, number, employer, licensed supervision, visibility, and nonmisleading representation","Guidance revised March 2026 and effective April 1, 2026; recheck before release","August 7, 2026",1.0,2026-08-07,Synchronized,WB1C4
CTA-EP-002-FC-0840,FC-WB1C4-008,,Active,REPLACE-LCSW,Workbook 1,"Informed Consent, Minors & Families",1,4,Required Disclosures,LCSW Replacement,Nickname Plus Filed Name,May an ASW use a nickname in professional advertising?,"Yes, as an additional identifier. The advertisement must still include the first and last name filed with the Board and every required status disclosure.","Additional identifiers may supplement, but never replace, the filed identity.",WB1-C4-Q008,CTA-MQB-0059,WB1-C4 §4,IDENTITY,"California BBS advertising requirements for LCSWs and ASWs; exact title, number, employer, licensed supervision, visibility, and nonmisleading representation","Guidance revised March 2026 and effective April 1, 2026; recheck before release","August 7, 2026",1.0,2026-08-07,Synchronized,WB1C4
CTA-EP-002-FC-0841,FC-WB1C4-009,,Active,REPLACE-LCSW,Workbook 1,"Informed Consent, Minors & Families",1,4,Required Disclosures,LCSW Replacement,Platform Limits and Complete Disclosure,What should an ASW do when a directory has too little space for every required disclosure?,"Use an easy, conspicuous route to a page containing the complete information and review the overall profile for misleading implications. A platform limit does not create a blanket exemption.","Technical limits require a compliant design solution, not omission.",WB1-C4-Q009,CTA-MQB-0060,WB1-C4 §5,PLATFORM,"California BBS advertising requirements for LCSWs and ASWs; exact title, number, employer, licensed supervision, visibility, and nonmisleading representation","Guidance revised March 2026 and effective April 1, 2026; recheck before release","August 7, 2026",1.0,2026-08-07,Synchronized,WB1C4
CTA-EP-002-FC-0842,FC-WB1C4-010,,Active,REPLACE-LCSW,Workbook 1,"Informed Consent, Minors & Families",1,4,Required Disclosures,LCSW Replacement,Responsibility for Employer-Created Profiles,Can an ASW ignore an inaccurate agency profile because marketing staff created it?,"No. The ASW should review the profile, request prompt correction, preserve documentation of the request, and verify the corrected public representation.",Delegation does not erase responsibility for a known public misrepresentation.,WB1-C4-Q010,CTA-MQB-0061,WB1-C4 §6,ACCOUNTABILITY,"California BBS advertising requirements for LCSWs and ASWs; exact title, number, employer, licensed supervision, visibility, and nonmisleading representation","Guidance revised March 2026 and effective April 1, 2026; recheck before release","August 7, 2026",1.0,2026-08-07,Synchronized,WB1C4
CTA-EP-002-FC-0843,FC-WB1C4-011,,Active,REPLACE-LCSW,Workbook 1,"Informed Consent, Minors & Families",1,4,Required Disclosures,LCSW Replacement,Registration Number Versus License Number,Is an ASW registration number the same as an LCSW license number?,No. The ASW number identifies registered status and must not be represented as an independent LCSW license number.,Separate registration from licensure in every public-facing statement.,WB1-C4-Q011,CTA-MQB-0062,WB1-C4 §3,STATUS,"California BBS advertising requirements for LCSWs and ASWs; exact title, number, employer, licensed supervision, visibility, and nonmisleading representation","Guidance revised March 2026 and effective April 1, 2026; recheck before release","August 7, 2026",1.0,2026-08-07,Synchronized,WB1C4
CTA-EP-002-FC-0844,FC-WB1C4-012,,Active,REPLACE-LCSW,Workbook 1,"Informed Consent, Minors & Families",1,4,Required Disclosures,LCSW Replacement,Whole-Communication Analysis,How should an ASW email address and signature block be evaluated?,"Assess the complete communication for whether it accurately and clearly conveys registered, supervised status without implying independent licensure.","Evaluate the whole consumer-facing message, not one isolated line.",WB1-C4-Q012,CTA-MQB-0063,WB1-C4 §5,CONTEXT,"California BBS advertising requirements for LCSWs and ASWs; exact title, number, employer, licensed supervision, visibility, and nonmisleading representation","Guidance revised March 2026 and effective April 1, 2026; recheck before release","August 7, 2026",1.0,2026-08-07,Synchronized,WB1C4
CTA-EP-002-FC-0845,FC-WB1C4-013,,Active,REPLACE-LCSW,Workbook 1,"Informed Consent, Minors & Families",1,4,Required Disclosures,LCSW Replacement,Misleading Guarantees,Are required identifiers enough to make a guaranteed treatment-outcome claim acceptable?,"No. A claim such as “Guaranteed trauma recovery in six sessions” may still be false, misleading, deceptive, or unsupported.","After checking identity elements, separately test every promotional claim for truthfulness.",WB1-C4-Q013,CTA-MQB-0064,WB1-C4 §4,CLAIM,"California BBS advertising requirements for LCSWs and ASWs; exact title, number, employer, licensed supervision, visibility, and nonmisleading representation","Guidance revised March 2026 and effective April 1, 2026; recheck before release","August 7, 2026",1.0,2026-08-07,Synchronized,WB1C4
CTA-EP-002-FC-0846,FC-WB1C4-014,,Active,REPLACE-LCSW,Workbook 1,"Informed Consent, Minors & Families",1,4,Required Disclosures,LCSW Replacement,Prompt Repair Without a Complaint,Should an ASW wait for a consumer complaint before correcting an incomplete directory profile?,No. Promptly initiate correction and document the action because an active omission can mislead consumers even when no complaint has been made.,Known active risk supports correction before complaint.,WB1-C4-Q014,CTA-MQB-0065,WB1-C4 §6,REPAIR,"California BBS advertising requirements for LCSWs and ASWs; exact title, number, employer, licensed supervision, visibility, and nonmisleading representation","Guidance revised March 2026 and effective April 1, 2026; recheck before release","August 7, 2026",1.0,2026-08-07,Synchronized,WB1C4
CTA-EP-002-FC-0847,FC-WB1C4-015,,Active,REPLACE-LCSW,Workbook 1,"Informed Consent, Minors & Families",1,4,Required Disclosures,LCSW Replacement,Complete Elements Plus Misleading Language,Can an advertisement be misleading even when all five ASW disclosure elements appear?,Yes. Additional language such as “independent clinical social work specialist” can contradict the supervision disclosure and imply independent licensure.,A technically complete advertisement can still be misleading as a whole.,WB1-C4-Q015,CTA-MQB-0066,WB1-C4 §4-§5,IMPLICATION,"California BBS advertising requirements for LCSWs and ASWs; exact title, number, employer, licensed supervision, visibility, and nonmisleading representation","Guidance revised March 2026 and effective April 1, 2026; recheck before release","August 7, 2026",1.0,2026-08-07,Synchronized,WB1C4
CTA-EP-002-FC-0848,FC-WB1C4-016,,Active,REPLACE-LCSW,Workbook 1,"Informed Consent, Minors & Families",1,4,Required Disclosures,LCSW Replacement,Proportionate First Response,What is the best first response to an incomplete ASW advertisement?,"Correct the active profile, inform the employer or responsible party, verify the required disclosures, document the repair, and preserve escalation if the problem continues.","FIRST and BEST questions often reward containment, correction, documentation, then escalation if needed.",WB1-C4-Q016,CTA-MQB-0067,WB1-C4 §6,SEQUENCE,"California BBS advertising requirements for LCSWs and ASWs; exact title, number, employer, licensed supervision, visibility, and nonmisleading representation","Guidance revised March 2026 and effective April 1, 2026; recheck before release","August 7, 2026",1.0,2026-08-07,Synchronized,WB1C4
CTA-EP-002-FC-0849,FC-WB1C4-017,,Active,REPLACE-LCSW,Workbook 1,"Informed Consent, Minors & Families",1,4,Required Disclosures,LCSW Replacement,Exact Required Elements,Does “supervised clinician” replace the full ASW title and licensed-supervision statement?,No. The profile should include the exact full title “Registered Associate Clinical Social Worker” and a clear statement that supervision is provided by a licensed person.,Approximate wording and later intake explanation do not replace required advertising elements.,WB1-C4-Q017,CTA-MQB-0068,WB1-C4 §3 and §5,OMISSION,"California BBS advertising requirements for LCSWs and ASWs; exact title, number, employer, licensed supervision, visibility, and nonmisleading representation","Guidance revised March 2026 and effective April 1, 2026; recheck before release","August 7, 2026",1.0,2026-08-07,Synchronized,WB1C4
CTA-EP-002-FC-0850,FC-WB3C2-001,,Active,REPLACE-LCSW,Workbook 3,Professional Competence,3,2,Scope of Practice vs. Scope of Competence,LCSW Replacement,Profession-Scope Gate,What question belongs to the profession-scope gate of the S-C-A analysis?,"Ask whether the service is part of clinical social work as California law defines it. Clinician confidence, employer approval, and consultant availability belong to later parts of the analysis.","Start with the profession's legal boundary, not the clinician's feelings or the employer's preference.",WB3-C2-Q001,CTA-MQB-0239,WB3-C2 §1-§2,SCOPE,"Clinical Social Worker Practice Act and current BBS LCSW/ASW guidance on scope, status, setting, employment, supervision, and lawful authority; NASW competence and client-welfare standards","Recheck statutes, BBS Law Changes, ASW FAQ, and supervision guidance before item-bank lock, LMS build, and public release","August 7, 2026",1.0,2026-08-07,Synchronized,WB3C2
CTA-EP-002-FC-0851,FC-WB3C2-002,,Active,REPLACE-LCSW,Workbook 3,Professional Competence,3,2,Scope of Practice vs. Scope of Competence,LCSW Replacement,What Comes After Scope?,A service is within clinical-social-work scope. What must be checked next?,Determine whether the individual clinician is competent and presently authorized to provide the service. Profession scope alone never completes the boundary analysis.,The word NEXT signals that scope is only the first gate.,WB3-C2-Q002,CTA-MQB-0240,WB3-C2 §1,SEQUENCE,"Clinical Social Worker Practice Act and current BBS LCSW/ASW guidance on scope, status, setting, employment, supervision, and lawful authority; NASW competence and client-welfare standards","Recheck statutes, BBS Law Changes, ASW FAQ, and supervision guidance before item-bank lock, LMS build, and public release","August 7, 2026",1.0,2026-08-07,Synchronized,WB3C2
CTA-EP-002-FC-0852,FC-WB3C2-003,,Active,REPLACE-LCSW,Workbook 3,Professional Competence,3,2,Scope of Practice vs. Scope of Competence,LCSW Replacement,Specialized Trauma Method,Does a brief introductory webinar establish competence to use a full specialized trauma protocol with a complex client?,"No. Use interventions already within competence, obtain adequate training and consultation, and arrange specialty care when needed. Informed consent does not substitute for competence.",Do not let the fact that treatment is within profession scope erase the clinician-specific competence analysis.,WB3-C2-Q003,CTA-MQB-0241,WB3-C2 §4 and §8,COMPETENCE,"Clinical Social Worker Practice Act and current BBS LCSW/ASW guidance on scope, status, setting, employment, supervision, and lawful authority; NASW competence and client-welfare standards","Recheck statutes, BBS Law Changes, ASW FAQ, and supervision guidance before item-bank lock, LMS build, and public release","August 7, 2026",1.0,2026-08-07,Synchronized,WB3C2
CTA-EP-002-FC-0853,FC-WB3C2-004,,Active,REPLACE-LCSW,Workbook 3,Professional Competence,3,2,Scope of Practice vs. Scope of Competence,LCSW Replacement,ASW Independent-Contractor Authority,Can weekly consultation make a 1099 psychotherapy arrangement lawful for an ASW?,"No. This is a present-authority problem. Consultation does not replace lawful employment or volunteer status, active registration, an acceptable setting, and qualifying supervision.",Separate legal ASW employment and supervision requirements from optional consultation.,WB3-C2-Q004,CTA-MQB-0242,WB3-C2 §5 and §8,AUTHORITY,"Clinical Social Worker Practice Act and current BBS LCSW/ASW guidance on scope, status, setting, employment, supervision, and lawful authority; NASW competence and client-welfare standards","Recheck statutes, BBS Law Changes, ASW FAQ, and supervision guidance before item-bank lock, LMS build, and public release","August 7, 2026",1.0,2026-08-07,Synchronized,WB3C2
CTA-EP-002-FC-0854,FC-WB3C2-005,,Active,REPLACE-LCSW,Workbook 3,Professional Competence,3,2,Scope of Practice vs. Scope of Competence,LCSW Replacement,Limits of Consultation,What can consultation do - and what can it not do?,"Consultation can improve reasoning and risk management, but responsibility remains with the treating clinician. It does not create competence, expand statutory scope, or cure an unlawful role or setting.","Consultation is support, not a transfer of responsibility or a legal shortcut.",WB3-C2-Q005,CTA-MQB-0243,WB3-C2 §4 and §7,CONSULT,"Clinical Social Worker Practice Act and current BBS LCSW/ASW guidance on scope, status, setting, employment, supervision, and lawful authority; NASW competence and client-welfare standards","Recheck statutes, BBS Law Changes, ASW FAQ, and supervision guidance before item-bank lock, LMS build, and public release","August 7, 2026",1.0,2026-08-07,Synchronized,WB3C2
CTA-EP-002-FC-0855,FC-WB3C2-006,,Active,REPLACE-LCSW,Workbook 3,Professional Competence,3,2,Scope of Practice vs. Scope of Competence,LCSW Replacement,Emergency Bridge Care,What should a clinician do when acute risk requires action but specialty expertise is unavailable?,"Provide necessary stabilization within actual competence, seek consultation, and arrange appropriate specialty or higher-level care. Emergency circumstances justify a limited protective bridge - not unsupported long-term specialty treatment.","In acute risk, stabilize first within competence, then connect the client to appropriate care.",WB3-C2-Q006,CTA-MQB-0244,WB3-C2 §4 and §8,EMERGENCY,"Clinical Social Worker Practice Act and current BBS LCSW/ASW guidance on scope, status, setting, employment, supervision, and lawful authority; NASW competence and client-welfare standards","Recheck statutes, BBS Law Changes, ASW FAQ, and supervision guidance before item-bank lock, LMS build, and public release","August 7, 2026",1.0,2026-08-07,Synchronized,WB3C2
CTA-EP-002-FC-0856,FC-WB3C2-007,,Active,REPLACE-LCSW,Workbook 3,Professional Competence,3,2,Scope of Practice vs. Scope of Competence,LCSW Replacement,Evidence of Individual Competence,Which facts most directly show whether the individual clinician is competent?,"Relevant education, training, supervised experience, demonstrated skill, cultural responsiveness, consultation resources, outcome monitoring, and current functioning are competence evidence.","Match each fact to the correct gate: scope, competence, or present authority.",WB3-C2-Q007,CTA-MQB-0245,WB3-C2 §4,COMPETENCE,"Clinical Social Worker Practice Act and current BBS LCSW/ASW guidance on scope, status, setting, employment, supervision, and lawful authority; NASW competence and client-welfare standards","Recheck statutes, BBS Law Changes, ASW FAQ, and supervision guidance before item-bank lock, LMS build, and public release","August 7, 2026",1.0,2026-08-07,Synchronized,WB3C2
CTA-EP-002-FC-0857,FC-WB3C2-008,,Active,REPLACE-LCSW,Workbook 3,Professional Competence,3,2,Scope of Practice vs. Scope of Competence,LCSW Replacement,Instrument-Specific Qualifications,Does general clinical experience authorize use of every specialized assessment instrument?,"No. The clinician must satisfy instrument-specific training, publisher qualification, permission, scoring, and interpretation requirements before administering or interpreting it.",Broad assessment authority never erases tool-specific competence requirements.,WB3-C2-Q008,CTA-MQB-0246,WB3-C2 §4 and §8,ASSESSMENT,"Clinical Social Worker Practice Act and current BBS LCSW/ASW guidance on scope, status, setting, employment, supervision, and lawful authority; NASW competence and client-welfare standards","Recheck statutes, BBS Law Changes, ASW FAQ, and supervision guidance before item-bank lock, LMS build, and public release","August 7, 2026",1.0,2026-08-07,Synchronized,WB3C2
CTA-EP-002-FC-0858,FC-WB3C2-009,,Active,REPLACE-LCSW,Workbook 3,Professional Competence,3,2,Scope of Practice vs. Scope of Competence,LCSW Replacement,Continuity During Referral or Transfer,How should a clinician respond when a client's needs exceed current competence?,"Discuss the limitation, arrange consultation or referral, support an organized transition, continue necessary care during the bridge when appropriate, and document the continuity plan.",Referral questions usually test continuity and avoidance of abandonment - not only recognition of a limit.,WB3-C2-Q009,CTA-MQB-0247,WB3-C2 §7,CONTINUITY,"Clinical Social Worker Practice Act and current BBS LCSW/ASW guidance on scope, status, setting, employment, supervision, and lawful authority; NASW competence and client-welfare standards","Recheck statutes, BBS Law Changes, ASW FAQ, and supervision guidance before item-bank lock, LMS build, and public release","August 7, 2026",1.0,2026-08-07,Synchronized,WB3C2
CTA-EP-002-FC-0859,FC-WB3C2-010,,Active,REPLACE-LCSW,Workbook 3,Professional Competence,3,2,Scope of Practice vs. Scope of Competence,LCSW Replacement,Employer Permission Is Not Enough,"Can an employer authorize a service that fails legal scope, competence, registration, or supervision requirements?","No. Employer permission matters only after the legal scope, individual competence, and present-authority requirements are satisfied. Organizational permission cannot waive law.",Law and professional standards control over internal permission.,WB3-C2-Q010,CTA-MQB-0248,WB3-C2 §5 and §9,AUTHORITY,"Clinical Social Worker Practice Act and current BBS LCSW/ASW guidance on scope, status, setting, employment, supervision, and lawful authority; NASW competence and client-welfare standards","Recheck statutes, BBS Law Changes, ASW FAQ, and supervision guidance before item-bank lock, LMS build, and public release","August 7, 2026",1.0,2026-08-07,Synchronized,WB3C2
CTA-EP-002-FC-0860,FC-WB3C2-011,,Active,REPLACE-LCSW,Workbook 3,Professional Competence,3,2,Scope of Practice vs. Scope of Competence,LCSW Replacement,Unfamiliar Service Response,Does unfamiliarity automatically mean a service is outside clinical-social-work scope?,"No. Assess whether targeted training, supervision, consultation, a narrower role, referral, or transfer can safely address the need.","Unfamiliarity calls for a support-and-safety analysis, not automatic exclusion.",WB3-C2-Q011,CTA-MQB-0249,WB3-C2 §3-§4,SUPPORT,"Clinical Social Worker Practice Act and current BBS LCSW/ASW guidance on scope, status, setting, employment, supervision, and lawful authority; NASW competence and client-welfare standards","Recheck statutes, BBS Law Changes, ASW FAQ, and supervision guidance before item-bank lock, LMS build, and public release","August 7, 2026",1.0,2026-08-07,Synchronized,WB3C2
CTA-EP-002-FC-0861,FC-WB3C2-012,,Active,REPLACE-LCSW,Workbook 3,Professional Competence,3,2,Scope of Practice vs. Scope of Competence,LCSW Replacement,Supervision Versus Consultation,How are supervision and consultation different for an ASW?,Supervision is the legally structured oversight and accountability relationship required for ASW practice. Consultation is supplemental focused advice and does not replace supervision.,"For ASWs, supervision is required accountability; consultation is optional support.",WB3-C2-Q012,CTA-MQB-0250,WB3-C2 §5 and §7,SUPERVISION,"Clinical Social Worker Practice Act and current BBS LCSW/ASW guidance on scope, status, setting, employment, supervision, and lawful authority; NASW competence and client-welfare standards","Recheck statutes, BBS Law Changes, ASW FAQ, and supervision guidance before item-bank lock, LMS build, and public release","August 7, 2026",1.0,2026-08-07,Synchronized,WB3C2
CTA-EP-002-FC-0862,FC-WB3C2-013,,Active,REPLACE-LCSW,Workbook 3,Professional Competence,3,2,Scope of Practice vs. Scope of Competence,LCSW Replacement,Current Fitness to Practice,How does deteriorating concentration during high-risk work affect the S-C-A analysis?,"It directly affects individual competence and current fitness to practice safely. Competence includes present functioning, not only past education or experience.",Current impairment or functioning can change what the clinician may safely do today.,WB3-C2-Q013,CTA-MQB-0251,WB3-C2 §4,FITNESS,"Clinical Social Worker Practice Act and current BBS LCSW/ASW guidance on scope, status, setting, employment, supervision, and lawful authority; NASW competence and client-welfare standards","Recheck statutes, BBS Law Changes, ASW FAQ, and supervision guidance before item-bank lock, LMS build, and public release","August 7, 2026",1.0,2026-08-07,Synchronized,WB3C2
CTA-EP-002-FC-0863,FC-WB3C2-014,,Active,REPLACE-LCSW,Workbook 3,Professional Competence,3,2,Scope of Practice vs. Scope of Competence,LCSW Replacement,Language Access and Cultural Competence,What must be considered when the client prefers a language the clinician does not speak?,"Arrange appropriate language access, consider cultural consultation, protect confidentiality, and honestly assess whether the clinician can provide competent care. A family member is not automatically an appropriate interpreter.","Evaluate language access, culture, confidentiality, and competence together.",WB3-C2-Q014,CTA-MQB-0252,WB3-C2 §4 and §8,CULTURE,"Clinical Social Worker Practice Act and current BBS LCSW/ASW guidance on scope, status, setting, employment, supervision, and lawful authority; NASW competence and client-welfare standards","Recheck statutes, BBS Law Changes, ASW FAQ, and supervision guidance before item-bank lock, LMS build, and public release","August 7, 2026",1.0,2026-08-07,Synchronized,WB3C2
CTA-EP-002-FC-0864,FC-WB3C2-015,,Active,REPLACE-LCSW,Workbook 3,Professional Competence,3,2,Scope of Practice vs. Scope of Competence,LCSW Replacement,Proceeding With Focused Support,Must a clinician automatically decline a service whenever focused support is needed?,"No. When profession scope, competence, and present authority are otherwise satisfied, appropriate supervision or consultation, outcome monitoring, safeguards, and documentation may support safe practice.",Needing support does not automatically equal incompetence.,WB3-C2-Q015,CTA-MQB-0253,WB3-C2 §4 and §7,SUPPORT,"Clinical Social Worker Practice Act and current BBS LCSW/ASW guidance on scope, status, setting, employment, supervision, and lawful authority; NASW competence and client-welfare standards","Recheck statutes, BBS Law Changes, ASW FAQ, and supervision guidance before item-bank lock, LMS build, and public release","August 7, 2026",1.0,2026-08-07,Synchronized,WB3C2
CTA-EP-002-FC-0865,FC-WB3C2-016,,Active,REPLACE-LCSW,Workbook 3,Professional Competence,3,2,Scope of Practice vs. Scope of Competence,LCSW Replacement,Scope-Equals-Competence Trap,What reasoning error occurs when a candidate chooses a service only because it is legally within clinical social work?,"The candidate has collapsed profession scope into individual competence and present authority. A legally included service is not automatically appropriate for every clinician, role, or setting.",Reject the assumption that profession scope proves personal competence.,WB3-C2-Q016,CTA-MQB-0254,WB3-C2 §3 and §9,TRAP,"Clinical Social Worker Practice Act and current BBS LCSW/ASW guidance on scope, status, setting, employment, supervision, and lawful authority; NASW competence and client-welfare standards","Recheck statutes, BBS Law Changes, ASW FAQ, and supervision guidance before item-bank lock, LMS build, and public release","August 7, 2026",1.0,2026-08-07,Synchronized,WB3C2
CTA-EP-002-FC-0866,FC-WB3C2-017,,Active,REPLACE-LCSW,Workbook 3,Professional Competence,3,2,Scope of Practice vs. Scope of Competence,LCSW Replacement,Complete Boundary Decision Sequence,What sequence should be used for a scope-and-competence examination question?,Name the service; check profession scope; verify status and present authority; assess individual competence; select the least harmful adequate response; communicate and document.,Use the complete S-C-A sequence before selecting the action.,WB3-C2-Q017,CTA-MQB-0255,WB3-C2 §6,SEQUENCE,"Clinical Social Worker Practice Act and current BBS LCSW/ASW guidance on scope, status, setting, employment, supervision, and lawful authority; NASW competence and client-welfare standards","Recheck statutes, BBS Law Changes, ASW FAQ, and supervision guidance before item-bank lock, LMS build, and public release","August 7, 2026",1.0,2026-08-07,Synchronized,WB3C2
CTA-EP-002-FC-0867,FC-WB3C5-001,,Active,REPLACE-LCSW,Workbook 3,Professional Competence,3,5,"Clinical Supervision, Feedback, and Accountability",LCSW Replacement,What Clinical Supervision Means,What makes a relationship legal clinical supervision for an ASW?,"A qualified supervisor accepts responsibility for and control of service quality, receives enough information to evaluate the work, provides direction and feedback, and acts when client welfare or professional standards require intervention.","Look for responsibility, quality control, evaluation, and accountability - not only advice or a meeting.",WB3-C5-Q001,CTA-MQB-0290,WB3-C5 Section 1,SUPERVISION-DEFINITION,"Current California BBS ASW supervision law and guidance; lawful employment and setting; supervisor qualifications; weekly contact; forms and logs; record access; feedback, crisis procedures, and NASW supervision ethics","Recheck statutes, BBS Law Changes, ASW FAQ, current supervision forms, videoconference rules, and NASW standards before item-bank lock, LMS build, and release","August 7, 2026",1.0,2026-08-07,Synchronized,WB3C5
CTA-EP-002-FC-0868,FC-WB3C5-002,,Active,REPLACE-LCSW,Workbook 3,Professional Competence,3,5,"Clinical Supervision, Feedback, and Accountability",LCSW Replacement,Consultation Is Not Supervision,When is a helpful licensed colleague functioning only as a consultant?,"When the colleague offers advice but does not accept legal responsibility, cannot review the work adequately, has no supervision agreement, or lacks the required supervision structure.",A license and a one-hour meeting do not convert consultation into supervision.,WB3-C5-Q002,CTA-MQB-0291,WB3-C5 Section 1 and Scenario 1,CONSULTATION,"Current California BBS ASW supervision law and guidance; lawful employment and setting; supervisor qualifications; weekly contact; forms and logs; record access; feedback, crisis procedures, and NASW supervision ethics","Recheck statutes, BBS Law Changes, ASW FAQ, current supervision forms, videoconference rules, and NASW standards before item-bank lock, LMS build, and release","August 7, 2026",1.0,2026-08-07,Synchronized,WB3C5
CTA-EP-002-FC-0869,FC-WB3C5-003,,Active,REPLACE-LCSW,Workbook 3,Professional Competence,3,5,"Clinical Supervision, Feedback, and Accountability",LCSW Replacement,ASW Employment and Payment Controls,"May an ASW work as a 1099 contractor, pay room rent, and collect client fees directly?","No. An ASW gaining experience must be a W-2 employee or volunteer, may not receive payment directly from clients, and may not pay the employer's business obligations.",Correct the unlawful structure before services begin or continue; supervision cannot cure it.,WB3-C5-Q003,CTA-MQB-0292,WB3-C5 Section 2,EMPLOYMENT,"Current California BBS ASW supervision law and guidance; lawful employment and setting; supervisor qualifications; weekly contact; forms and logs; record access; feedback, crisis procedures, and NASW supervision ethics","Recheck statutes, BBS Law Changes, ASW FAQ, current supervision forms, videoconference rules, and NASW standards before item-bank lock, LMS build, and release","August 7, 2026",1.0,2026-08-07,Synchronized,WB3C5
CTA-EP-002-FC-0870,FC-WB3C5-004,,Active,REPLACE-LCSW,Workbook 3,Professional Competence,3,5,"Clinical Supervision, Feedback, and Accountability",LCSW Replacement,Subsequent Registration Setting Limit,Can an ASW use a subsequent registration to gain experience in private practice?,No. A subsequent ASW registration cannot be used in private practice or a professional corporation. The associate must work in a setting permitted for the subsequent registration.,Separate active registration from authority to work in a particular setting.,WB3-C5-Q004,CTA-MQB-0293,WB3-C5 Section 2,SUBSEQUENT-REGISTRATION,"Current California BBS ASW supervision law and guidance; lawful employment and setting; supervisor qualifications; weekly contact; forms and logs; record access; feedback, crisis procedures, and NASW supervision ethics","Recheck statutes, BBS Law Changes, ASW FAQ, current supervision forms, videoconference rules, and NASW standards before item-bank lock, LMS build, and release","August 7, 2026",1.0,2026-08-07,Synchronized,WB3C5
CTA-EP-002-FC-0871,FC-WB3C5-005,,Active,REPLACE-LCSW,Workbook 3,Professional Competence,3,5,"Clinical Supervision, Feedback, and Accountability",LCSW Replacement,Supervisor Qualification Check,What must be verified before an LCSW or other eligible clinician supervises an ASW?,"Verify an eligible current and active California license in good standing, required licensure and practice history, supervision training, subject competence, and lawful relationship boundaries.","A title alone is not enough; check license, experience, training, competence, and boundaries.",WB3-C5-Q005,CTA-MQB-0294,WB3-C5 Section 3,QUALIFICATIONS,"Current California BBS ASW supervision law and guidance; lawful employment and setting; supervisor qualifications; weekly contact; forms and logs; record access; feedback, crisis procedures, and NASW supervision ethics","Recheck statutes, BBS Law Changes, ASW FAQ, current supervision forms, videoconference rules, and NASW standards before item-bank lock, LMS build, and release","August 7, 2026",1.0,2026-08-07,Synchronized,WB3C5
CTA-EP-002-FC-0872,FC-WB3C5-006,,Active,REPLACE-LCSW,Workbook 3,Professional Competence,3,5,"Clinical Supervision, Feedback, and Accountability",LCSW Replacement,More Than 10 Clinical Hours,How much supervision is required after 14 qualifying clinical hours in one setting during one week?,Two supervision units are required in that setting and week because the ASW exceeded 10 qualifying clinical hours.,One unit through 10 clinical hours; two units when the ASW exceeds 10 in that setting.,WB3-C5-Q006,CTA-MQB-0295,WB3-C5 Section 4 and Scenario 2,SUPERVISION-RATIO,"Current California BBS ASW supervision law and guidance; lawful employment and setting; supervisor qualifications; weekly contact; forms and logs; record access; feedback, crisis procedures, and NASW supervision ethics","Recheck statutes, BBS Law Changes, ASW FAQ, current supervision forms, videoconference rules, and NASW standards before item-bank lock, LMS build, and release","August 7, 2026",1.0,2026-08-07,Synchronized,WB3C5
CTA-EP-002-FC-0873,FC-WB3C5-007,,Active,REPLACE-LCSW,Workbook 3,Professional Competence,3,5,"Clinical Supervision, Feedback, and Accountability",LCSW Replacement,Calculate Each Setting Separately,An ASW has 12 clinical hours at Setting A and 9 at Setting B. What is the minimum total supervision?,Three units total: two units for Setting A and one unit for Setting B. Calculate each setting separately before adding the totals.,Never combine settings before applying the weekly supervision rule.,WB3-C5-Q007,CTA-MQB-0296,WB3-C5 Section 4,MULTISETTING-RATIO,"Current California BBS ASW supervision law and guidance; lawful employment and setting; supervisor qualifications; weekly contact; forms and logs; record access; feedback, crisis procedures, and NASW supervision ethics","Recheck statutes, BBS Law Changes, ASW FAQ, current supervision forms, videoconference rules, and NASW standards before item-bank lock, LMS build, and release","August 7, 2026",1.0,2026-08-07,Synchronized,WB3C5
CTA-EP-002-FC-0874,FC-WB3C5-008,,Active,REPLACE-LCSW,Workbook 3,Professional Competence,3,5,"Clinical Supervision, Feedback, and Accountability",LCSW Replacement,Two-Unit Weekly Maximum Requirement,How many supervision units are legally required after 25 qualifying clinical hours in one setting?,Two units. The weekly requirement does not increase to three or more units when the ASW exceeds 20 clinical hours in the same setting.,"Use the threshold rule, not a one-unit-per-block-of-hours formula.",WB3-C5-Q008,CTA-MQB-0297,WB3-C5 Section 4,RATIO-CAP,"Current California BBS ASW supervision law and guidance; lawful employment and setting; supervisor qualifications; weekly contact; forms and logs; record access; feedback, crisis procedures, and NASW supervision ethics","Recheck statutes, BBS Law Changes, ASW FAQ, current supervision forms, videoconference rules, and NASW standards before item-bank lock, LMS build, and release","August 7, 2026",1.0,2026-08-07,Synchronized,WB3C5
CTA-EP-002-FC-0875,FC-WB3C5-009,,Active,REPLACE-LCSW,Workbook 3,Professional Competence,3,5,"Clinical Supervision, Feedback, and Accountability",LCSW Replacement,Telephone-Only Supervision,Does telephone-only supervision satisfy the face-to-face component for licensure credit?,"No. Appropriate live two-way videoconferencing may qualify when confidentiality and other requirements are met, but telephone-only contact does not satisfy the face-to-face component.",Distinguish real-time visual contact from audio-only contact.,WB3-C5-Q009,CTA-MQB-0298,WB3-C5 Section 5,REMOTE-MODE,"Current California BBS ASW supervision law and guidance; lawful employment and setting; supervisor qualifications; weekly contact; forms and logs; record access; feedback, crisis procedures, and NASW supervision ethics","Recheck statutes, BBS Law Changes, ASW FAQ, current supervision forms, videoconference rules, and NASW standards before item-bank lock, LMS build, and release","August 7, 2026",1.0,2026-08-07,Synchronized,WB3C5
CTA-EP-002-FC-0876,FC-WB3C5-010,,Active,REPLACE-LCSW,Workbook 3,Professional Competence,3,5,"Clinical Supervision, Feedback, and Accountability",LCSW Replacement,Videoconference Appropriateness Review,What must the supervisor do after beginning regular videoconference supervision?,"Within 60 days, assess and document whether videoconference supervision is appropriate. Remote supervision must be discontinued if it is not suitable.","Remote supervision questions test appropriateness, documentation, privacy, and continued responsibility.",WB3-C5-Q010,CTA-MQB-0299,WB3-C5 Section 5,REMOTE-ASSESSMENT,"Current California BBS ASW supervision law and guidance; lawful employment and setting; supervisor qualifications; weekly contact; forms and logs; record access; feedback, crisis procedures, and NASW supervision ethics","Recheck statutes, BBS Law Changes, ASW FAQ, current supervision forms, videoconference rules, and NASW standards before item-bank lock, LMS build, and release","August 7, 2026",1.0,2026-08-07,Synchronized,WB3C5
CTA-EP-002-FC-0877,FC-WB3C5-011,,Active,REPLACE-LCSW,Workbook 3,Professional Competence,3,5,"Clinical Supervision, Feedback, and Accountability",LCSW Replacement,Written Oversight Agreement,What agreement is needed before an external or voluntary supervisor begins supervising for an employer?,"A written oversight agreement should define the supervisor's authority, record access, responsibilities, and protection from inappropriate organizational interference.",Match each form to its timing and purpose; oversight is established before supervision begins.,WB3-C5-Q011,CTA-MQB-0300,WB3-C5 Section 6,OVERSIGHT-AGREEMENT,"Current California BBS ASW supervision law and guidance; lawful employment and setting; supervisor qualifications; weekly contact; forms and logs; record access; feedback, crisis procedures, and NASW supervision ethics","Recheck statutes, BBS Law Changes, ASW FAQ, current supervision forms, videoconference rules, and NASW standards before item-bank lock, LMS build, and release","August 7, 2026",1.0,2026-08-07,Synchronized,WB3C5
CTA-EP-002-FC-0878,FC-WB3C5-012,,Active,REPLACE-LCSW,Workbook 3,Professional Competence,3,5,"Clinical Supervision, Feedback, and Accountability",LCSW Replacement,Weekly Log,Which supervision record is maintained by the ASW and signed by the supervisor every week?,The weekly log of experience and supervision. The experience verification form is completed at the end of the supervisory relationship.,Weekly log equals contemporaneous weekly signature; verification equals end-of-period confirmation.,WB3-C5-Q012,CTA-MQB-0301,WB3-C5 Section 6,WEEKLY-LOG,"Current California BBS ASW supervision law and guidance; lawful employment and setting; supervisor qualifications; weekly contact; forms and logs; record access; feedback, crisis procedures, and NASW supervision ethics","Recheck statutes, BBS Law Changes, ASW FAQ, current supervision forms, videoconference rules, and NASW standards before item-bank lock, LMS build, and release","August 7, 2026",1.0,2026-08-07,Synchronized,WB3C5
CTA-EP-002-FC-0879,FC-WB3C5-013,,Active,REPLACE-LCSW,Workbook 3,Professional Competence,3,5,"Clinical Supervision, Feedback, and Accountability",LCSW Replacement,External Supervisor Record Access,Are verbal case summaries enough when a private-practice external supervisor is denied record access?,"Not automatically. Correct the written oversight, record-access, and client-authorization structure before treating the arrangement as lawful, meaningful supervision or assuming the hours are protected.",Real quality control requires meaningful access; fix the structure while protecting continuity.,WB3-C5-Q013,CTA-MQB-0302,WB3-C5 Section 7 and Scenario 3,RECORD-ACCESS,"Current California BBS ASW supervision law and guidance; lawful employment and setting; supervisor qualifications; weekly contact; forms and logs; record access; feedback, crisis procedures, and NASW supervision ethics","Recheck statutes, BBS Law Changes, ASW FAQ, current supervision forms, videoconference rules, and NASW standards before item-bank lock, LMS build, and release","August 7, 2026",1.0,2026-08-07,Synchronized,WB3C5
CTA-EP-002-FC-0880,FC-WB3C5-014,,Active,REPLACE-LCSW,Workbook 3,Professional Competence,3,5,"Clinical Supervision, Feedback, and Accountability",LCSW Replacement,Immediate Protective Feedback,What should a supervisor do first when a repeated documentation error creates current client-safety risk?,"Implement an immediate protective restriction, review, or coverage plan. Then provide specific remediation, monitoring, feedback, and documentation.",Protect the client before waiting for a routine evaluation; then remediate proportionately.,WB3-C5-Q014,CTA-MQB-0303,WB3-C5 Section 8,SAFETY-FEEDBACK,"Current California BBS ASW supervision law and guidance; lawful employment and setting; supervisor qualifications; weekly contact; forms and logs; record access; feedback, crisis procedures, and NASW supervision ethics","Recheck statutes, BBS Law Changes, ASW FAQ, current supervision forms, videoconference rules, and NASW standards before item-bank lock, LMS build, and release","August 7, 2026",1.0,2026-08-07,Synchronized,WB3C5
CTA-EP-002-FC-0881,FC-WB3C5-015,,Active,REPLACE-LCSW,Workbook 3,Professional Competence,3,5,"Clinical Supervision, Feedback, and Accountability",LCSW Replacement,Unsafe Supervisory Direction in Crisis,What should an ASW do when the regular supervisor says to delay a response to escalating suicidal intent?,"Take appropriate current protective action, use the written crisis or alternate-supervisor procedure, document, and escalate the inadequate supervisory response.",Client protection comes before the complaint decision; supervisor responsibility does not erase the ASW's duty.,WB3-C5-Q015,CTA-MQB-0304,"WB3-C5 Sections 5, 9, and 10; Scenario 4",CRISIS-ESCALATION,"Current California BBS ASW supervision law and guidance; lawful employment and setting; supervisor qualifications; weekly contact; forms and logs; record access; feedback, crisis procedures, and NASW supervision ethics","Recheck statutes, BBS Law Changes, ASW FAQ, current supervision forms, videoconference rules, and NASW standards before item-bank lock, LMS build, and release","August 7, 2026",1.0,2026-08-07,Synchronized,WB3C5
CTA-EP-002-FC-0882,FC-WB3C5-016,,Active,REPLACE-LCSW,Workbook 3,Professional Competence,3,5,"Clinical Supervision, Feedback, and Accountability",LCSW Replacement,Fair Performance Evaluation,How should an ASW respond to a surprise negative evaluation with no examples or prior feedback?,"Request the factual basis and clear criteria, preserve records, seek organizational review or alternate supervision, protect current clients, and follow any legitimate safety restriction.","Fair evaluation uses facts, criteria, records, review, continuity, and respect for valid safety limits.",WB3-C5-Q016,CTA-MQB-0305,WB3-C5 Sections 8 and 10; Scenario 5,FAIR-EVALUATION,"Current California BBS ASW supervision law and guidance; lawful employment and setting; supervisor qualifications; weekly contact; forms and logs; record access; feedback, crisis procedures, and NASW supervision ethics","Recheck statutes, BBS Law Changes, ASW FAQ, current supervision forms, videoconference rules, and NASW standards before item-bank lock, LMS build, and release","August 7, 2026",1.0,2026-08-07,Synchronized,WB3C5
CTA-EP-002-FC-0883,FC-WB3C5-017,,Active,REPLACE-LCSW,Workbook 3,Professional Competence,3,5,"Clinical Supervision, Feedback, and Accountability",LCSW Replacement,Supervision Repair Sequence,What sequence applies when supervision is inadequate and a client may be at risk?,Protect the client and stop active unsafe or unlawful conduct; obtain valid supervision and organizational help; document; repair the structure; protect continuity; and escalate as required.,"Use FIRST / NEXT / LONGER-TERM: protect, obtain help, document and repair, then escalate proportionately.",WB3-C5-Q017,CTA-MQB-0306,WB3-C5 Section 10,ESCALATION-SEQUENCE,"Current California BBS ASW supervision law and guidance; lawful employment and setting; supervisor qualifications; weekly contact; forms and logs; record access; feedback, crisis procedures, and NASW supervision ethics","Recheck statutes, BBS Law Changes, ASW FAQ, current supervision forms, videoconference rules, and NASW standards before item-bank lock, LMS build, and release","August 7, 2026",1.0,2026-08-07,Synchronized,WB3C5
CTA-EP-002-FC-0884,FC-WB3C6-001,,Active,REPLACE-LCSW,Workbook 3,Professional Competence,3,6,Professional Roles and Role Clarification,LCSW Replacement,Role Determines Duties,Why must a social worker identify the actual professional role before choosing an action?,"The role determines the service purpose, parties, authority, confidentiality limits, loyalties, expected output, and consequences. Treatment, advocacy, evaluation, administration, supervision, teaching, research, and testimony do not carry identical duties.",Name the role first; then select the legal and ethical duties that actually apply.,WB3-C6-Q001,CTA-MQB-0307,WB3-C6 Sections 1 and 3,ROLE-FOUNDATION,"Clinical Social Worker Practice Act; NASW role, informed-consent, conflict, confidentiality, interdisciplinary, teaching, research, administration, and evaluation standards; California role-specific court and legal-process requirements","Recheck current California court rules, privilege and subpoena law, BBS Law Changes, NASW standards, and role-specific agency rules before item-bank lock, LMS build, and release","August 7, 2026",1.0,2026-08-07,Synchronized,WB3C6
CTA-EP-002-FC-0885,FC-WB3C6-002,,Active,REPLACE-LCSW,Workbook 3,Professional Competence,3,6,Professional Roles and Role Clarification,LCSW Replacement,Third-Party Evaluation Disclosures,What should be clarified before a workplace or other third-party evaluation begins?,"Clarify who retained the evaluator, the purpose, whether participation is voluntary or required, confidentiality limits, the report recipient, intended uses, and possible consequences.","Before gathering sensitive information, inventory the parties, purpose, audience, and consequences.",WB3-C6-Q002,CTA-MQB-0308,WB3-C6 Sections 3 and 6,EVALUATION-DISCLOSURE,"Clinical Social Worker Practice Act; NASW role, informed-consent, conflict, confidentiality, interdisciplinary, teaching, research, administration, and evaluation standards; California role-specific court and legal-process requirements","Recheck current California court rules, privilege and subpoena law, BBS Law Changes, NASW standards, and role-specific agency rules before item-bank lock, LMS build, and release","August 7, 2026",1.0,2026-08-07,Synchronized,WB3C6
CTA-EP-002-FC-0886,FC-WB3C6-003,,Active,REPLACE-LCSW,Workbook 3,Professional Competence,3,6,Professional Roles and Role Clarification,LCSW Replacement,Do Not Collapse the Parties,"Are the payer, client, retaining party, evaluee, report recipient, and privilege holder automatically the same person?","No. They may be different people or entities with different rights, duties, and access. Identify each role separately rather than assuming the payer is the client or owns all information.",Name each party and function separately before deciding who receives information or owes duties.,WB3-C6-Q003,CTA-MQB-0309,WB3-C6 Section 2,PARTY-CONFUSION,"Clinical Social Worker Practice Act; NASW role, informed-consent, conflict, confidentiality, interdisciplinary, teaching, research, administration, and evaluation standards; California role-specific court and legal-process requirements","Recheck current California court rules, privilege and subpoena law, BBS Law Changes, NASW standards, and role-specific agency rules before item-bank lock, LMS build, and release","August 7, 2026",1.0,2026-08-07,Synchronized,WB3C6
CTA-EP-002-FC-0887,FC-WB3C6-004,,Active,REPLACE-LCSW,Workbook 3,Professional Competence,3,6,Professional Roles and Role Clarification,LCSW Replacement,Treating Clinician Versus Custody Evaluator,Should a treating LCSW recommend which parent should receive custody?,"Usually not without a separate qualified forensic role. Clarify the treatment role, avoid assuming an incompatible custody-evaluator function, and consider an independent evaluator when treatment loyalty or missing forensic competence undermines neutrality.",Treatment familiarity does not automatically create neutral forensic authority or competence.,WB3-C6-Q004,CTA-MQB-0310,WB3-C6 Section 6 and Scenario 1,TREATMENT-FORENSIC,"Clinical Social Worker Practice Act; NASW role, informed-consent, conflict, confidentiality, interdisciplinary, teaching, research, administration, and evaluation standards; California role-specific court and legal-process requirements","Recheck current California court rules, privilege and subpoena law, BBS Law Changes, NASW standards, and role-specific agency rules before item-bank lock, LMS build, and release","August 7, 2026",1.0,2026-08-07,Synchronized,WB3C6
CTA-EP-002-FC-0888,FC-WB3C6-005,,Active,REPLACE-LCSW,Workbook 3,Professional Competence,3,6,Professional Roles and Role Clarification,LCSW Replacement,Treatment Facts Versus Forensic Conclusions,What may a treating clinician appropriately provide when asked for a legal opinion?,"The clinician may describe properly disclosed treatment facts, observations, dates, and interventions, while declining broad forensic conclusions about people not evaluated or issues outside the treatment role and competence.",Separate what was directly observed and documented from what a requester wants concluded.,WB3-C6-Q005,CTA-MQB-0311,WB3-C6 Sections 6 and 7,EVIDENCE-LIMIT,"Clinical Social Worker Practice Act; NASW role, informed-consent, conflict, confidentiality, interdisciplinary, teaching, research, administration, and evaluation standards; California role-specific court and legal-process requirements","Recheck current California court rules, privilege and subpoena law, BBS Law Changes, NASW standards, and role-specific agency rules before item-bank lock, LMS build, and release","August 7, 2026",1.0,2026-08-07,Synchronized,WB3C6
CTA-EP-002-FC-0889,FC-WB3C6-006,,Active,REPLACE-LCSW,Workbook 3,Professional Competence,3,6,Professional Roles and Role Clarification,LCSW Replacement,Subpoena and Role-Limited Testimony,Does a subpoena automatically require release of the entire record and every requested opinion?,"No. Preserve the record, analyze authorization, privilege, legal authority, scope, and protective options, obtain appropriate legal guidance, limit disclosure, and decline opinions beyond the clinician's role, evidence, and competence.",Avoid both extremes: do not release everything automatically and do not ignore legal process.,WB3-C6-Q006,CTA-MQB-0312,WB3-C6 Section 7 and Scenario 2,LEGAL-PROCESS,"Clinical Social Worker Practice Act; NASW role, informed-consent, conflict, confidentiality, interdisciplinary, teaching, research, administration, and evaluation standards; California role-specific court and legal-process requirements","Recheck current California court rules, privilege and subpoena law, BBS Law Changes, NASW standards, and role-specific agency rules before item-bank lock, LMS build, and release","August 7, 2026",1.0,2026-08-07,Synchronized,WB3C6
CTA-EP-002-FC-0890,FC-WB3C6-007,,Active,REPLACE-LCSW,Workbook 3,Professional Competence,3,6,Professional Roles and Role Clarification,LCSW Replacement,Treatment and Benefits Gatekeeping,What conflict arises when the same clinician provides therapy and decides the client's eligibility for housing or benefits?,"The overlapping roles may create power, loyalty, coercion, and information-use conflicts. Clarify the roles and separate treatment from gatekeeping when feasible.","When the therapist also controls access to services, analyze power, voluntariness, and information flow.",WB3-C6-Q007,CTA-MQB-0313,WB3-C6 Sections 4 and 8,GATEKEEPING-CONFLICT,"Clinical Social Worker Practice Act; NASW role, informed-consent, conflict, confidentiality, interdisciplinary, teaching, research, administration, and evaluation standards; California role-specific court and legal-process requirements","Recheck current California court rules, privilege and subpoena law, BBS Law Changes, NASW standards, and role-specific agency rules before item-bank lock, LMS build, and release","August 7, 2026",1.0,2026-08-07,Synchronized,WB3C6
CTA-EP-002-FC-0891,FC-WB3C6-008,,Active,REPLACE-LCSW,Workbook 3,Professional Competence,3,6,Professional Roles and Role Clarification,LCSW Replacement,Advocate Versus Neutral Reviewer,May a social worker who publicly advocated for a participant later serve as the neutral reviewer of that participant's grievance?,Disclose the prior advocacy and use an independent reviewer when actual or apparent impartiality cannot reasonably be maintained. A waiver does not create neutrality.,"When loyalty to one side conflicts with a neutral decision role, favor disclosure and independent review.",WB3-C6-Q008,CTA-MQB-0314,WB3-C6 Sections 4 and 5; Scenario 4,NEUTRALITY,"Clinical Social Worker Practice Act; NASW role, informed-consent, conflict, confidentiality, interdisciplinary, teaching, research, administration, and evaluation standards; California role-specific court and legal-process requirements","Recheck current California court rules, privilege and subpoena law, BBS Law Changes, NASW standards, and role-specific agency rules before item-bank lock, LMS build, and release","August 7, 2026",1.0,2026-08-07,Synchronized,WB3C6
CTA-EP-002-FC-0892,FC-WB3C6-009,,Active,REPLACE-LCSW,Workbook 3,Professional Competence,3,6,Professional Roles and Role Clarification,LCSW Replacement,Client-Directed Advocacy,What makes advocacy ethically appropriate?,"Advocacy should remain connected to the client's informed goals and self-determination, use authorized information sharing, describe the role accurately, and avoid unsupported guarantees.",Advocacy equals informed client goals plus consent plus accurate role description plus no guarantee.,WB3-C6-Q009,CTA-MQB-0315,WB3-C6 Section 5,ADVOCACY,"Clinical Social Worker Practice Act; NASW role, informed-consent, conflict, confidentiality, interdisciplinary, teaching, research, administration, and evaluation standards; California role-specific court and legal-process requirements","Recheck current California court rules, privilege and subpoena law, BBS Law Changes, NASW standards, and role-specific agency rules before item-bank lock, LMS build, and release","August 7, 2026",1.0,2026-08-07,Synchronized,WB3C6
CTA-EP-002-FC-0893,FC-WB3C6-010,,Active,REPLACE-LCSW,Workbook 3,Professional Competence,3,6,Professional Roles and Role Clarification,LCSW Replacement,Pause When the Role Changes,What should occur when a social worker changes from therapist to investigator or another materially different role?,"Pause before gathering new sensitive information. Clarify the new purpose, authority, audience, voluntariness, confidentiality limits, expected output, consequences, conflicts, and continuity plan; then document the role change.",A role change requires renewed clarification; the original treatment consent does not automatically carry over.,WB3-C6-Q010,CTA-MQB-0316,WB3-C6 Sections 3 and 4,ROLE-CHANGE,"Clinical Social Worker Practice Act; NASW role, informed-consent, conflict, confidentiality, interdisciplinary, teaching, research, administration, and evaluation standards; California role-specific court and legal-process requirements","Recheck current California court rules, privilege and subpoena law, BBS Law Changes, NASW standards, and role-specific agency rules before item-bank lock, LMS build, and release","August 7, 2026",1.0,2026-08-07,Synchronized,WB3C6
CTA-EP-002-FC-0894,FC-WB3C6-011,,Active,REPLACE-LCSW,Workbook 3,Professional Competence,3,6,Professional Roles and Role Clarification,LCSW Replacement,When an Independent Evaluator Is Needed,When should the treating clinician avoid serving as the evaluator?,"Use an independent evaluator when treatment loyalties, missing specialized competence, unavailable evidence, conflicting roles, or the appearance of bias would make neutral evaluation unreliable.",Ask whether the clinician can be both loyal therapist and credible neutral evaluator.,WB3-C6-Q011,CTA-MQB-0317,WB3-C6 Section 6,INDEPENDENT-EVALUATOR,"Clinical Social Worker Practice Act; NASW role, informed-consent, conflict, confidentiality, interdisciplinary, teaching, research, administration, and evaluation standards; California role-specific court and legal-process requirements","Recheck current California court rules, privilege and subpoena law, BBS Law Changes, NASW standards, and role-specific agency rules before item-bank lock, LMS build, and release","August 7, 2026",1.0,2026-08-07,Synchronized,WB3C6
CTA-EP-002-FC-0895,FC-WB3C6-012,,Active,REPLACE-LCSW,Workbook 3,Professional Competence,3,6,Professional Roles and Role Clarification,LCSW Replacement,Role Clarity on Interdisciplinary Teams,What should an LCSW do when serving on an interdisciplinary team?,"Clarify the social worker's role and decision authority, share only relevant authorized information, correct team misunderstandings, and retain independent professional responsibility.",Team membership does not create blanket authorization or erase the social worker's own duties.,WB3-C6-Q012,CTA-MQB-0318,WB3-C6 Section 10,TEAM-ROLE,"Clinical Social Worker Practice Act; NASW role, informed-consent, conflict, confidentiality, interdisciplinary, teaching, research, administration, and evaluation standards; California role-specific court and legal-process requirements","Recheck current California court rules, privilege and subpoena law, BBS Law Changes, NASW standards, and role-specific agency rules before item-bank lock, LMS build, and release","August 7, 2026",1.0,2026-08-07,Synchronized,WB3C6
CTA-EP-002-FC-0896,FC-WB3C6-013,,Active,REPLACE-LCSW,Workbook 3,Professional Competence,3,6,Professional Roles and Role Clarification,LCSW Replacement,Client Information in Teaching,What should a supervisor do before using a client session as a classroom example?,Rigorously de-identify the information or obtain appropriate consent and safeguards. Supervision and educational purpose do not create ownership of client information or a blanket disclosure exception.,Protect confidentiality before disclosure; a later promise by students is not enough.,WB3-C6-Q013,CTA-MQB-0319,WB3-C6 Section 9,TEACHING-CONFIDENTIALITY,"Clinical Social Worker Practice Act; NASW role, informed-consent, conflict, confidentiality, interdisciplinary, teaching, research, administration, and evaluation standards; California role-specific court and legal-process requirements","Recheck current California court rules, privilege and subpoena law, BBS Law Changes, NASW standards, and role-specific agency rules before item-bank lock, LMS build, and release","August 7, 2026",1.0,2026-08-07,Synchronized,WB3C6
CTA-EP-002-FC-0897,FC-WB3C6-014,,Active,REPLACE-LCSW,Workbook 3,Professional Competence,3,6,Professional Roles and Role Clarification,LCSW Replacement,Research With Current Clients,What safeguards are required when current therapy clients are recruited for research?,"Remove coercive pressure, clearly separate the research role, ensure voluntary informed consent and alternatives, protect confidentiality, allow withdrawal without penalty, and obtain appropriate oversight.","Research with current clients tests voluntariness, power, alternatives, privacy, and oversight.",WB3-C6-Q014,CTA-MQB-0320,WB3-C6 Section 9,RESEARCH-COERCION,"Clinical Social Worker Practice Act; NASW role, informed-consent, conflict, confidentiality, interdisciplinary, teaching, research, administration, and evaluation standards; California role-specific court and legal-process requirements","Recheck current California court rules, privilege and subpoena law, BBS Law Changes, NASW standards, and role-specific agency rules before item-bank lock, LMS build, and release","August 7, 2026",1.0,2026-08-07,Synchronized,WB3C6
CTA-EP-002-FC-0898,FC-WB3C6-015,,Active,REPLACE-LCSW,Workbook 3,Professional Competence,3,6,Professional Roles and Role Clarification,LCSW Replacement,Minimum Necessary Gatekeeping Information,Should a benefits reviewer receive an entire psychotherapy record when only limited functional information is relevant?,"No. Use only information that is relevant and authorized for the eligibility purpose, clarify the information flow and consequences, and separate treatment and gatekeeping functions when feasible.","Reject both overdisclosure and absolute silence; choose relevant, authorized, role-specific information.",WB3-C6-Q015,CTA-MQB-0321,WB3-C6 Section 8,GATEKEEPING-DISCLOSURE,"Clinical Social Worker Practice Act; NASW role, informed-consent, conflict, confidentiality, interdisciplinary, teaching, research, administration, and evaluation standards; California role-specific court and legal-process requirements","Recheck current California court rules, privilege and subpoena law, BBS Law Changes, NASW standards, and role-specific agency rules before item-bank lock, LMS build, and release","August 7, 2026",1.0,2026-08-07,Synchronized,WB3C6
CTA-EP-002-FC-0899,FC-WB3C6-016,,Active,REPLACE-LCSW,Workbook 3,Professional Competence,3,6,Professional Roles and Role Clarification,LCSW Replacement,Managing Unavoidable Multiple Roles,How should an unavoidable multiple professional relationship be managed?,"Identify risks and alternatives, clarify culturally responsive boundaries, use safeguards, document the arrangement, and monitor its effect on judgment and client welfare. Consent is one safeguard, not a cure.","The best answer includes alternatives, boundaries, documentation, monitoring, and client protection.",WB3-C6-Q016,CTA-MQB-0322,WB3-C6 Section 4,MULTIPLE-RELATIONSHIP,"Clinical Social Worker Practice Act; NASW role, informed-consent, conflict, confidentiality, interdisciplinary, teaching, research, administration, and evaluation standards; California role-specific court and legal-process requirements","Recheck current California court rules, privilege and subpoena law, BBS Law Changes, NASW standards, and role-specific agency rules before item-bank lock, LMS build, and release","August 7, 2026",1.0,2026-08-07,Synchronized,WB3C6
CTA-EP-002-FC-0900,FC-WB3C6-017,,Active,REPLACE-LCSW,Workbook 3,Professional Competence,3,6,Professional Roles and Role Clarification,LCSW Replacement,CTA R-O-L-E Decision Framework,What does the CTA R-O-L-E framework require?,"R: identify the Role and purpose. O: identify Others, duties, and loyalties. L: identify Limits involving authority, confidentiality, competence, conflicts, and evidence. E: Explain, establish safeguards, document, and Evaluate as circumstances change.","Use R-O-L-E before selecting an action: Role, Others, Limits, Explain and evaluate.",WB3-C6-Q017,CTA-MQB-0323,WB3-C6 Section 11,ROLE-SEQUENCE,"Clinical Social Worker Practice Act; NASW role, informed-consent, conflict, confidentiality, interdisciplinary, teaching, research, administration, and evaluation standards; California role-specific court and legal-process requirements","Recheck current California court rules, privilege and subpoena law, BBS Law Changes, NASW standards, and role-specific agency rules before item-bank lock, LMS build, and release","August 7, 2026",1.0,2026-08-07,Synchronized,WB3C6
CTA-EP-002-FC-0901,FC-WB7C3-001,,Active,REPLACE-LCSW,Workbook 7,Cultural Humility & Bias,7,3,Working With Diverse Populations,LCSW Replacement,Cultural Humility and Individualized Assessment,What is the best starting point for culturally responsive social-work practice?,"Begin with the client's own meaning, goals, identities, strengths, and context. Assess power and access, notice personal assumptions, seek consultation when needed, and revise the formulation as new information emerges.","Choose curiosity and client meaning over demographic prediction, culture avoidance, or automatic referral.",WB7-C3-Q001,CTA-MQB-0613,"WB7-C3 Sections 1, 3, and 8",STEREOTYPE,"NASW self-determination, informed consent, competence, culture, confidentiality, nondiscrimination, administration, social welfare, and social-action standards; California civil-rights and disability-access principles; setting-dependent federal overlays","Recheck current California and federal nondiscrimination, disability-access, effective-communication, language-access, and Section 1557 materials before item-bank lock, LMS build, and release","August 7, 2026",1.0,2026-08-07,Synchronized,WB7C3
CTA-EP-002-FC-0902,FC-WB7C3-002,,Active,REPLACE-LCSW,Workbook 7,Cultural Humility & Bias,7,3,Working With Diverse Populations,LCSW Replacement,Self-Determination With Transparent Limits,Does self-determination require the social worker to follow every client request?,"No. Support informed choice within the client's actual options while clearly explaining lawful, safety, competence, resource, and other-person limits. Preserve participation and meaningful alternatives whenever possible.","Autonomy means informed participation and real options, not unlimited choice or hidden constraints.",WB7-C3-Q002,CTA-MQB-0614,WB7-C3 Section 2,AUTONOMY-ABSOLUTE,"NASW self-determination, informed consent, competence, culture, confidentiality, nondiscrimination, administration, social welfare, and social-action standards; California civil-rights and disability-access principles; setting-dependent federal overlays","Recheck current California and federal nondiscrimination, disability-access, effective-communication, language-access, and Section 1557 materials before item-bank lock, LMS build, and release","August 7, 2026",1.0,2026-08-07,Synchronized,WB7C3
CTA-EP-002-FC-0903,FC-WB7C3-003,,Active,REPLACE-LCSW,Workbook 7,Cultural Humility & Bias,7,3,Working With Diverse Populations,LCSW Replacement,Intersectional Assessment,What does intersectionality add to person-in-environment assessment?,"It examines how multiple identities, social positions, privilege, exclusion, institutions, and current circumstances interact in this client's experience. It does not rank identities or predict behavior from group membership.","Look for interaction among identities and systems, not a hierarchy or stereotype.",WB7-C3-Q003,CTA-MQB-0615,WB7-C3 Section 4,IDENTITY-RANKING,"NASW self-determination, informed consent, competence, culture, confidentiality, nondiscrimination, administration, social welfare, and social-action standards; California civil-rights and disability-access principles; setting-dependent federal overlays","Recheck current California and federal nondiscrimination, disability-access, effective-communication, language-access, and Section 1557 materials before item-bank lock, LMS build, and release","August 7, 2026",1.0,2026-08-07,Synchronized,WB7C3
CTA-EP-002-FC-0904,FC-WB7C3-004,,Active,REPLACE-LCSW,Workbook 7,Cultural Humility & Bias,7,3,Working With Diverse Populations,LCSW Replacement,Urgent Assessment When an Interpreter Is Unavailable,What should occur when a qualified interpreter is unavailable during an urgent trauma or suicide assessment?,"Assess immediate safety, obtain qualified language support as soon as possible, and limit temporary family assistance to what is necessary. Document the communication limitation, risk-management steps, and follow-up.",Balance urgency with communication quality; avoid both unrestricted family interpretation and total delay.,WB7-C3-Q004,CTA-MQB-0616,WB7-C3 Section 6 and Scenario 1,FAMILY-INTERPRETER,"NASW self-determination, informed consent, competence, culture, confidentiality, nondiscrimination, administration, social welfare, and social-action standards; California civil-rights and disability-access principles; setting-dependent federal overlays","Recheck current California and federal nondiscrimination, disability-access, effective-communication, language-access, and Section 1557 materials before item-bank lock, LMS build, and release","August 7, 2026",1.0,2026-08-07,Synchronized,WB7C3
CTA-EP-002-FC-0905,FC-WB7C3-005,,Active,REPLACE-LCSW,Workbook 7,Cultural Humility & Bias,7,3,Working With Diverse Populations,LCSW Replacement,Accessible Telehealth,How should a clinic respond when its telehealth portal is inaccessible to a client who uses assistive technology?,"Treat the problem as an access and confidentiality issue. Consult the client about effective communication, use an accessible platform or alternate route, and avoid requiring family involvement as the default.",A technology barrier is not client noncompliance; repair the service design.,WB7-C3-Q005,CTA-MQB-0617,WB7-C3 Section 7 and Scenario 2,DIGITAL-ACCESS,"NASW self-determination, informed consent, competence, culture, confidentiality, nondiscrimination, administration, social welfare, and social-action standards; California civil-rights and disability-access principles; setting-dependent federal overlays","Recheck current California and federal nondiscrimination, disability-access, effective-communication, language-access, and Section 1557 materials before item-bank lock, LMS build, and release","August 7, 2026",1.0,2026-08-07,Synchronized,WB7C3
CTA-EP-002-FC-0906,FC-WB7C3-006,,Active,REPLACE-LCSW,Workbook 7,Cultural Humility & Bias,7,3,Working With Diverse Populations,LCSW Replacement,"Spirituality, Meaning, and Clinician Values",How should a clinician respond when a client's spiritual community is central to recovery?,"Assess the client's meaning, strengths, risks, preferences, and goals. Distinguish harmful conduct from unfamiliar belief, avoid imposing personal values, and integrate or consult about supports when consistent with safety, consent, and competence.","Reject both value imposition and uncritical acceptance; assess meaning, benefit, risk, and client choice.",WB7-C3-Q006,CTA-MQB-0618,"WB7-C3 Sections 3, 8, and 11; Scenario 3",VALUE-IMPOSITION,"NASW self-determination, informed consent, competence, culture, confidentiality, nondiscrimination, administration, social welfare, and social-action standards; California civil-rights and disability-access principles; setting-dependent federal overlays","Recheck current California and federal nondiscrimination, disability-access, effective-communication, language-access, and Section 1557 materials before item-bank lock, LMS build, and release","August 7, 2026",1.0,2026-08-07,Synchronized,WB7C3
CTA-EP-002-FC-0907,FC-WB7C3-007,,Active,REPLACE-LCSW,Workbook 7,Cultural Humility & Bias,7,3,Working With Diverse Populations,LCSW Replacement,Nondiscrimination When Legal Rules Are Changing,What should a clinician do when a client reports discrimination and the applicable federal rule is uncertain?,"Support the client, assess immediate care needs, document the facts, apply current California and organizational protections when applicable, and obtain updated legal or compliance guidance based on the entity, program, funding, and service.","Separate ethical duties, California protections, federal overlays, and applicability facts.",WB7-C3-Q007,CTA-MQB-0619,WB7-C3 Section 9 and Scenario 4,UNIVERSAL-LAW-CLAIM,"NASW self-determination, informed consent, competence, culture, confidentiality, nondiscrimination, administration, social welfare, and social-action standards; California civil-rights and disability-access principles; setting-dependent federal overlays","Recheck current California and federal nondiscrimination, disability-access, effective-communication, language-access, and Section 1557 materials before item-bank lock, LMS build, and release","August 7, 2026",1.0,2026-08-07,Synchronized,WB7C3
CTA-EP-002-FC-0908,FC-WB7C3-008,,Active,REPLACE-LCSW,Workbook 7,Cultural Humility & Bias,7,3,Working With Diverse Populations,LCSW Replacement,Structural Barriers and Organizational Change,"What should a social worker do when missed appointments repeatedly reflect transportation, work, caregiving, disability, or housing barriers?","Meet the current client's care need, document the recurring pattern, and propose level-matched changes such as flexible scheduling, outreach, transportation support, remote options, and policy review.",Address the individual need and the recurring organizational barrier; do not label access failure as low motivation.,WB7-C3-Q008,CTA-MQB-0620,WB7-C3 Sections 5 and 10; Scenario 5,STRUCTURAL-BLAME,"NASW self-determination, informed consent, competence, culture, confidentiality, nondiscrimination, administration, social welfare, and social-action standards; California civil-rights and disability-access principles; setting-dependent federal overlays","Recheck current California and federal nondiscrimination, disability-access, effective-communication, language-access, and Section 1557 materials before item-bank lock, LMS build, and release","August 7, 2026",1.0,2026-08-07,Synchronized,WB7C3
CTA-EP-002-FC-0909,FC-WB7C3-009,,Active,REPLACE-LCSW,Workbook 7,Cultural Humility & Bias,7,3,Working With Diverse Populations,LCSW Replacement,Client Stories in Public Advocacy,May a social worker use a current client's story in public advocacy without permission?,"Not merely because the cause is important. Obtain informed permission or use fully de-identified information, discuss risks and alternatives, and confirm that the advocacy reflects the client's goals.",Protect autonomy and confidentiality first; then use the least identifying information needed.,WB7-C3-Q009,CTA-MQB-0621,WB7-C3 Sections 10 and 11; Scenario 6,ADVOCACY-DISCLOSURE,"NASW self-determination, informed consent, competence, culture, confidentiality, nondiscrimination, administration, social welfare, and social-action standards; California civil-rights and disability-access principles; setting-dependent federal overlays","Recheck current California and federal nondiscrimination, disability-access, effective-communication, language-access, and Section 1557 materials before item-bank lock, LMS build, and release","August 7, 2026",1.0,2026-08-07,Synchronized,WB7C3
CTA-EP-002-FC-0910,FC-WB7C3-010,,Active,REPLACE-LCSW,Workbook 7,Cultural Humility & Bias,7,3,Working With Diverse Populations,LCSW Replacement,Qualified Interpreter Practice,What practices support effective use of a qualified interpreter?,"Explain the interpreter's role and confidentiality, speak directly to the client, use clear manageable segments, verify meaning and comprehension, and document the language support and any communication limitations.","Keep the client at the center; role clarity, verification, and documentation matter.",WB7-C3-Q010,CTA-MQB-0622,WB7-C3 Section 6,INTERPRETER-PROCESS,"NASW self-determination, informed consent, competence, culture, confidentiality, nondiscrimination, administration, social welfare, and social-action standards; California civil-rights and disability-access principles; setting-dependent federal overlays","Recheck current California and federal nondiscrimination, disability-access, effective-communication, language-access, and Section 1557 materials before item-bank lock, LMS build, and release","August 7, 2026",1.0,2026-08-07,Synchronized,WB7C3
CTA-EP-002-FC-0911,FC-WB7C3-011,,Active,REPLACE-LCSW,Workbook 7,Cultural Humility & Bias,7,3,Working With Diverse Populations,LCSW Replacement,Accessible Consent and Supported Decision-Making,What should happen before presuming that a client with a cognitive disability cannot provide informed consent?,"Use plain language, pacing, accessible formats, teach-back, and supported decision-making when appropriate. Evaluate understanding for the actual decision rather than presuming incapacity from diagnosis alone.",Accommodation and support come before substituted decision-making or exclusion.,WB7-C3-Q011,CTA-MQB-0623,WB7-C3 Sections 2 and 7,CAPACITY-ASSUMPTION,"NASW self-determination, informed consent, competence, culture, confidentiality, nondiscrimination, administration, social welfare, and social-action standards; California civil-rights and disability-access principles; setting-dependent federal overlays","Recheck current California and federal nondiscrimination, disability-access, effective-communication, language-access, and Section 1557 materials before item-bank lock, LMS build, and release","August 7, 2026",1.0,2026-08-07,Synchronized,WB7C3
CTA-EP-002-FC-0912,FC-WB7C3-012,,Active,REPLACE-LCSW,Workbook 7,Cultural Humility & Bias,7,3,Working With Diverse Populations,LCSW Replacement,Recognizing Diagnostic Bias,What should a clinician do when similar symptoms are interpreted differently across racial groups without supporting evidence?,"Recognize possible bias, return to structured and comparable assessment, use appropriate collateral information, seek consultation, and reexamine the formulation and level-of-care decision.","When facts are similar but judgments differ by identity, return to structured evidence and consultation.",WB7-C3-Q012,CTA-MQB-0624,WB7-C3 Section 8,DIAGNOSTIC-BIAS,"NASW self-determination, informed consent, competence, culture, confidentiality, nondiscrimination, administration, social welfare, and social-action standards; California civil-rights and disability-access principles; setting-dependent federal overlays","Recheck current California and federal nondiscrimination, disability-access, effective-communication, language-access, and Section 1557 materials before item-bank lock, LMS build, and release","August 7, 2026",1.0,2026-08-07,Synchronized,WB7C3
CTA-EP-002-FC-0913,FC-WB7C3-013,,Active,REPLACE-LCSW,Workbook 7,Cultural Humility & Bias,7,3,Working With Diverse Populations,LCSW Replacement,Match the Response to the Barrier Level,"What response fits a clinic-wide pattern of inaccessible forms, scheduling, and technology?","Protect current clients, document the pattern, use leadership or compliance channels, and advocate for organizational policy and design changes. Individual coaching alone is too small for a repeated systems problem.",Match structural barriers with structural advocacy while repairing current access.,WB7-C3-Q013,CTA-MQB-0625,WB7-C3 Sections 5 and 10,LEVEL-MISMATCH,"NASW self-determination, informed consent, competence, culture, confidentiality, nondiscrimination, administration, social welfare, and social-action standards; California civil-rights and disability-access principles; setting-dependent federal overlays","Recheck current California and federal nondiscrimination, disability-access, effective-communication, language-access, and Section 1557 materials before item-bank lock, LMS build, and release","August 7, 2026",1.0,2026-08-07,Synchronized,WB7C3
CTA-EP-002-FC-0914,FC-WB7C3-014,,Active,REPLACE-LCSW,Workbook 7,Cultural Humility & Bias,7,3,Working With Diverse Populations,LCSW Replacement,Client-Directed Community Collaboration,How should a faith leader or community support person be involved in treatment?,"Clarify the client's preference, the support person's role, permitted information sharing, and who retains decision authority. Monitor for benefit, coercion, stigma, boundary problems, or confidentiality risk.","Client permission supports collaboration, not automatic transfer of authority.",WB7-C3-Q014,CTA-MQB-0626,WB7-C3 Section 11,COMMUNITY-ROLE,"NASW self-determination, informed consent, competence, culture, confidentiality, nondiscrimination, administration, social welfare, and social-action standards; California civil-rights and disability-access principles; setting-dependent federal overlays","Recheck current California and federal nondiscrimination, disability-access, effective-communication, language-access, and Section 1557 materials before item-bank lock, LMS build, and release","August 7, 2026",1.0,2026-08-07,Synchronized,WB7C3
CTA-EP-002-FC-0915,FC-WB7C3-015,,Active,REPLACE-LCSW,Workbook 7,Cultural Humility & Bias,7,3,Working With Diverse Populations,LCSW Replacement,Consultation Before Automatic Referral,Does limited knowledge of a client's cultural context always require referral?,"No. Assess whether training, consultation, adaptation, and respectful collaboration can safely meet the client's needs. Refer when the competence gap cannot be adequately repaired or monitored.",Avoid both overconfidence and automatic referral; use supported competence with referral when needed.,WB7-C3-Q015,CTA-MQB-0627,WB7-C3 Sections 3 and 8,AUTOMATIC-REFERRAL,"NASW self-determination, informed consent, competence, culture, confidentiality, nondiscrimination, administration, social welfare, and social-action standards; California civil-rights and disability-access principles; setting-dependent federal overlays","Recheck current California and federal nondiscrimination, disability-access, effective-communication, language-access, and Section 1557 materials before item-bank lock, LMS build, and release","August 7, 2026",1.0,2026-08-07,Synchronized,WB7C3
CTA-EP-002-FC-0916,FC-WB7C3-016,,Active,REPLACE-LCSW,Workbook 7,Cultural Humility & Bias,7,3,Working With Diverse Populations,LCSW Replacement,Separate the Authority Layers,"How should ethics, California law, federal rules, contracts, and organizational policy be analyzed?",Identify each source layer and the facts that make it applicable. Do not assume one rule covers every setting. Ethical duties may remain relevant even when a particular legal provision is not triggered.,"Name the source, coverage facts, current authority, and continuing ethical duties separately.",WB7-C3-Q016,CTA-MQB-0628,WB7-C3 Section 9,SOURCE-COLLAPSE,"NASW self-determination, informed consent, competence, culture, confidentiality, nondiscrimination, administration, social welfare, and social-action standards; California civil-rights and disability-access principles; setting-dependent federal overlays","Recheck current California and federal nondiscrimination, disability-access, effective-communication, language-access, and Section 1557 materials before item-bank lock, LMS build, and release","August 7, 2026",1.0,2026-08-07,Synchronized,WB7C3
CTA-EP-002-FC-0917,FC-WB7C3-017,,Active,REPLACE-LCSW,Workbook 7,Cultural Humility & Bias,7,3,Working With Diverse Populations,LCSW Replacement,CTA A-C-C-E-S-S Framework,What does the CTA A-C-C-E-S-S decision framework require?,"Ask and assess the client's meaning and needs; Check context and power; Consider competence, consultation, and bias; Ensure effective access; Select a response matched to the level of the barrier; Safeguard, document, and study the outcome.","Use the full sequence: Ask, Context, Competence, Effective access, Select the level, Safeguard and study.",WB7-C3-Q017,CTA-MQB-0629,WB7-C3 Section 14,ACCESS-SEQUENCE,"NASW self-determination, informed consent, competence, culture, confidentiality, nondiscrimination, administration, social welfare, and social-action standards; California civil-rights and disability-access principles; setting-dependent federal overlays","Recheck current California and federal nondiscrimination, disability-access, effective-communication, language-access, and Section 1557 materials before item-bank lock, LMS build, and release","August 7, 2026",1.0,2026-08-07,Synchronized,WB7C3
